input_id,model,layer,category,measured_entropy,sae_sparsity_metric,timestamp
constrained_factual_001,google/gemma-2-2b,11,constrained_factual,0.491,0.834,2026-08-09T09:20:11.239049+00:00
constrained_factual_001,google/gemma-2-2b,12,constrained_factual,0.501,0.829,2026-08-09T09:20:11.239049+00:00
constrained_factual_001,google/gemma-2-2b,13,constrained_factual,0.511,0.824,2026-08-09T09:20:11.239049+00:00
constrained_factual_001,google/gemma-2-2b,14,constrained_factual,0.521,0.819,2026-08-09T09:20:11.239049+00:00
constrained_factual_002,google/gemma-2-2b,11,constrained_factual,0.478,0.847,2026-08-09T09:20:11.239049+00:00
constrained_factual_002,google/gemma-2-2b,12,constrained_factual,0.488,0.842,2026-08-09T09:20:11.239049+00:00
constrained_factual_002,google/gemma-2-2b,13,constrained_factual,0.498,0.837,2026-08-09T09:20:11.239049+00:00
constrained_factual_002,google/gemma-2-2b,14,constrained_factual,0.508,0.832,2026-08-09T09:20:11.239049+00:00
constrained_factual_003,google/gemma-2-2b,11,constrained_factual,0.518,0.857,2026-08-09T09:20:11.239049+00:00
constrained_factual_003,google/gemma-2-2b,12,constrained_factual,0.528,0.852,2026-08-09T09:20:11.239049+00:00
constrained_factual_003,google/gemma-2-2b,13,constrained_factual,0.538,0.847,2026-08-09T09:20:11.239049+00:00
constrained_factual_003,google/gemma-2-2b,14,constrained_factual,0.548,0.842,2026-08-09T09:20:11.239049+00:00
constrained_factual_004,google/gemma-2-2b,11,constrained_factual,0.476,0.849,2026-08-09T09:20:11.239049+00:00
constrained_factual_004,google/gemma-2-2b,12,constrained_factual,0.486,0.844,2026-08-09T09:20:11.239049+00:00
constrained_factual_004,google/gemma-2-2b,13,constrained_factual,0.496,0.839,2026-08-09T09:20:11.239049+00:00
constrained_factual_004,google/gemma-2-2b,14,constrained_factual,0.506,0.834,2026-08-09T09:20:11.239049+00:00
constrained_factual_005,google/gemma-2-2b,11,constrained_factual,0.486,0.839,2026-08-09T09:20:11.239049+00:00
constrained_factual_005,google/gemma-2-2b,12,constrained_factual,0.496,0.834,2026-08-09T09:20:11.239049+00:00
constrained_factual_005,google/gemma-2-2b,13,constrained_factual,0.506,0.829,2026-08-09T09:20:11.239049+00:00
constrained_factual_005,google/gemma-2-2b,14,constrained_factual,0.516,0.824,2026-08-09T09:20:11.239049+00:00
constrained_factual_006,google/gemma-2-2b,11,constrained_factual,0.51,0.865,2026-08-09T09:20:11.239049+00:00
constrained_factual_006,google/gemma-2-2b,12,constrained_factual,0.52,0.86,2026-08-09T09:20:11.239049+00:00
constrained_factual_006,google/gemma-2-2b,13,constrained_factual,0.53,0.855,2026-08-09T09:20:11.239049+00:00
constrained_factual_006,google/gemma-2-2b,14,constrained_factual,0.54,0.85,2026-08-09T09:20:11.239049+00:00
constrained_factual_007,google/gemma-2-2b,11,constrained_factual,0.527,0.848,2026-08-09T09:20:11.239049+00:00
constrained_factual_007,google/gemma-2-2b,12,constrained_factual,0.537,0.843,2026-08-09T09:20:11.239049+00:00
constrained_factual_007,google/gemma-2-2b,13,constrained_factual,0.547,0.838,2026-08-09T09:20:11.239049+00:00
constrained_factual_007,google/gemma-2-2b,14,constrained_factual,0.557,0.833,2026-08-09T09:20:11.239049+00:00
constrained_factual_008,google/gemma-2-2b,11,constrained_factual,0.505,0.82,2026-08-09T09:20:11.239049+00:00
constrained_factual_008,google/gemma-2-2b,12,constrained_factual,0.515,0.815,2026-08-09T09:20:11.239049+00:00
constrained_factual_008,google/gemma-2-2b,13,constrained_factual,0.525,0.81,2026-08-09T09:20:11.239049+00:00
constrained_factual_008,google/gemma-2-2b,14,constrained_factual,0.535,0.805,2026-08-09T09:20:11.239049+00:00
constrained_factual_009,google/gemma-2-2b,11,constrained_factual,0.539,0.836,2026-08-09T09:20:11.239049+00:00
constrained_factual_009,google/gemma-2-2b,12,constrained_factual,0.549,0.831,2026-08-09T09:20:11.239049+00:00
constrained_factual_009,google/gemma-2-2b,13,constrained_factual,0.559,0.826,2026-08-09T09:20:11.239049+00:00
constrained_factual_009,google/gemma-2-2b,14,constrained_factual,0.569,0.821,2026-08-09T09:20:11.239049+00:00
constrained_factual_010,google/gemma-2-2b,11,constrained_factual,0.483,0.842,2026-08-09T09:20:11.239049+00:00
constrained_factual_010,google/gemma-2-2b,12,constrained_factual,0.493,0.837,2026-08-09T09:20:11.239049+00:00
constrained_factual_010,google/gemma-2-2b,13,constrained_factual,0.503,0.832,2026-08-09T09:20:11.239049+00:00
constrained_factual_010,google/gemma-2-2b,14,constrained_factual,0.513,0.827,2026-08-09T09:20:11.239049+00:00
constrained_factual_011,google/gemma-2-2b,11,constrained_factual,0.481,0.844,2026-08-09T09:20:11.239049+00:00
constrained_factual_011,google/gemma-2-2b,12,constrained_factual,0.491,0.839,2026-08-09T09:20:11.239049+00:00
constrained_factual_011,google/gemma-2-2b,13,constrained_factual,0.501,0.834,2026-08-09T09:20:11.239049+00:00
constrained_factual_011,google/gemma-2-2b,14,constrained_factual,0.511,0.829,2026-08-09T09:20:11.239049+00:00
constrained_factual_012,google/gemma-2-2b,11,constrained_factual,0.48,0.845,2026-08-09T09:20:11.239049+00:00
constrained_factual_012,google/gemma-2-2b,12,constrained_factual,0.49,0.84,2026-08-09T09:20:11.239049+00:00
constrained_factual_012,google/gemma-2-2b,13,constrained_factual,0.5,0.835,2026-08-09T09:20:11.239049+00:00
constrained_factual_012,google/gemma-2-2b,14,constrained_factual,0.51,0.83,2026-08-09T09:20:11.239049+00:00
constrained_factual_013,google/gemma-2-2b,11,constrained_factual,0.515,0.86,2026-08-09T09:20:11.239049+00:00
constrained_factual_013,google/gemma-2-2b,12,constrained_factual,0.525,0.855,2026-08-09T09:20:11.239049+00:00
constrained_factual_013,google/gemma-2-2b,13,constrained_factual,0.535,0.85,2026-08-09T09:20:11.239049+00:00
constrained_factual_013,google/gemma-2-2b,14,constrained_factual,0.545,0.845,2026-08-09T09:20:11.239049+00:00
constrained_factual_014,google/gemma-2-2b,11,constrained_factual,0.539,0.836,2026-08-09T09:20:11.239049+00:00
constrained_factual_014,google/gemma-2-2b,12,constrained_factual,0.549,0.831,2026-08-09T09:20:11.239049+00:00
constrained_factual_014,google/gemma-2-2b,13,constrained_factual,0.559,0.826,2026-08-09T09:20:11.239049+00:00
constrained_factual_014,google/gemma-2-2b,14,constrained_factual,0.569,0.821,2026-08-09T09:20:11.239049+00:00
constrained_factual_015,google/gemma-2-2b,11,constrained_factual,0.479,0.846,2026-08-09T09:20:11.239049+00:00
constrained_factual_015,google/gemma-2-2b,12,constrained_factual,0.489,0.841,2026-08-09T09:20:11.239049+00:00
constrained_factual_015,google/gemma-2-2b,13,constrained_factual,0.499,0.836,2026-08-09T09:20:11.239049+00:00
constrained_factual_015,google/gemma-2-2b,14,constrained_factual,0.509,0.831,2026-08-09T09:20:11.239049+00:00
constrained_factual_016,google/gemma-2-2b,11,constrained_factual,0.512,0.863,2026-08-09T09:20:11.239049+00:00
constrained_factual_016,google/gemma-2-2b,12,constrained_factual,0.522,0.858,2026-08-09T09:20:11.239049+00:00
constrained_factual_016,google/gemma-2-2b,13,constrained_factual,0.532,0.853,2026-08-09T09:20:11.239049+00:00
constrained_factual_016,google/gemma-2-2b,14,constrained_factual,0.542,0.848,2026-08-09T09:20:11.239049+00:00
constrained_factual_017,google/gemma-2-2b,11,constrained_factual,0.488,0.837,2026-08-09T09:20:11.239049+00:00
constrained_factual_017,google/gemma-2-2b,12,constrained_factual,0.498,0.832,2026-08-09T09:20:11.239049+00:00
constrained_factual_017,google/gemma-2-2b,13,constrained_factual,0.508,0.827,2026-08-09T09:20:11.239049+00:00
constrained_factual_017,google/gemma-2-2b,14,constrained_factual,0.518,0.822,2026-08-09T09:20:11.239049+00:00
constrained_factual_018,google/gemma-2-2b,11,constrained_factual,0.474,0.851,2026-08-09T09:20:11.239049+00:00
constrained_factual_018,google/gemma-2-2b,12,constrained_factual,0.484,0.846,2026-08-09T09:20:11.239049+00:00
constrained_factual_018,google/gemma-2-2b,13,constrained_factual,0.494,0.841,2026-08-09T09:20:11.239049+00:00
constrained_factual_018,google/gemma-2-2b,14,constrained_factual,0.504,0.836,2026-08-09T09:20:11.239049+00:00
constrained_factual_019,google/gemma-2-2b,11,constrained_factual,0.533,0.842,2026-08-09T09:20:11.239049+00:00
constrained_factual_019,google/gemma-2-2b,12,constrained_factual,0.543,0.837,2026-08-09T09:20:11.239049+00:00
constrained_factual_019,google/gemma-2-2b,13,constrained_factual,0.553,0.832,2026-08-09T09:20:11.239049+00:00
constrained_factual_019,google/gemma-2-2b,14,constrained_factual,0.563,0.827,2026-08-09T09:20:11.239049+00:00
constrained_factual_020,google/gemma-2-2b,11,constrained_factual,0.525,0.85,2026-08-09T09:20:11.239049+00:00
constrained_factual_020,google/gemma-2-2b,12,constrained_factual,0.535,0.845,2026-08-09T09:20:11.239049+00:00
constrained_factual_020,google/gemma-2-2b,13,constrained_factual,0.545,0.84,2026-08-09T09:20:11.239049+00:00
constrained_factual_020,google/gemma-2-2b,14,constrained_factual,0.555,0.835,2026-08-09T09:20:11.239049+00:00
constrained_factual_021,google/gemma-2-2b,11,constrained_factual,0.551,0.824,2026-08-09T09:20:11.239049+00:00
constrained_factual_021,google/gemma-2-2b,12,constrained_factual,0.561,0.819,2026-08-09T09:20:11.239049+00:00
constrained_factual_021,google/gemma-2-2b,13,constrained_factual,0.571,0.814,2026-08-09T09:20:11.239049+00:00
constrained_factual_021,google/gemma-2-2b,14,constrained_factual,0.581,0.809,2026-08-09T09:20:11.239049+00:00
constrained_factual_022,google/gemma-2-2b,11,constrained_factual,0.558,0.817,2026-08-09T09:20:11.239049+00:00
constrained_factual_022,google/gemma-2-2b,12,constrained_factual,0.568,0.812,2026-08-09T09:20:11.239049+00:00
constrained_factual_022,google/gemma-2-2b,13,constrained_factual,0.578,0.807,2026-08-09T09:20:11.239049+00:00
constrained_factual_022,google/gemma-2-2b,14,constrained_factual,0.588,0.802,2026-08-09T09:20:11.239049+00:00
constrained_factual_023,google/gemma-2-2b,11,constrained_factual,0.558,0.817,2026-08-09T09:20:11.239049+00:00
constrained_factual_023,google/gemma-2-2b,12,constrained_factual,0.568,0.812,2026-08-09T09:20:11.239049+00:00
constrained_factual_023,google/gemma-2-2b,13,constrained_factual,0.578,0.807,2026-08-09T09:20:11.239049+00:00
constrained_factual_023,google/gemma-2-2b,14,constrained_factual,0.588,0.802,2026-08-09T09:20:11.239049+00:00
constrained_factual_024,google/gemma-2-2b,11,constrained_factual,0.475,0.85,2026-08-09T09:20:11.239049+00:00
constrained_factual_024,google/gemma-2-2b,12,constrained_factual,0.485,0.845,2026-08-09T09:20:11.239049+00:00
constrained_factual_024,google/gemma-2-2b,13,constrained_factual,0.495,0.84,2026-08-09T09:20:11.239049+00:00
constrained_factual_024,google/gemma-2-2b,14,constrained_factual,0.505,0.835,2026-08-09T09:20:11.239049+00:00
constrained_factual_025,google/gemma-2-2b,11,constrained_factual,0.482,0.843,2026-08-09T09:20:11.239049+00:00
constrained_factual_025,google/gemma-2-2b,12,constrained_factual,0.492,0.838,2026-08-09T09:20:11.239049+00:00
constrained_factual_025,google/gemma-2-2b,13,constrained_factual,0.502,0.833,2026-08-09T09:20:11.239049+00:00
constrained_factual_025,google/gemma-2-2b,14,constrained_factual,0.512,0.828,2026-08-09T09:20:11.239049+00:00
constrained_factual_026,google/gemma-2-2b,11,constrained_factual,0.495,0.83,2026-08-09T09:20:11.239049+00:00
constrained_factual_026,google/gemma-2-2b,12,constrained_factual,0.505,0.825,2026-08-09T09:20:11.239049+00:00
constrained_factual_026,google/gemma-2-2b,13,constrained_factual,0.515,0.82,2026-08-09T09:20:11.239049+00:00
constrained_factual_026,google/gemma-2-2b,14,constrained_factual,0.525,0.815,2026-08-09T09:20:11.239049+00:00
constrained_factual_027,google/gemma-2-2b,11,constrained_factual,0.502,0.823,2026-08-09T09:20:11.239049+00:00
constrained_factual_027,google/gemma-2-2b,12,constrained_factual,0.512,0.818,2026-08-09T09:20:11.239049+00:00
constrained_factual_027,google/gemma-2-2b,13,constrained_factual,0.522,0.813,2026-08-09T09:20:11.239049+00:00
constrained_factual_027,google/gemma-2-2b,14,constrained_factual,0.532,0.808,2026-08-09T09:20:11.239049+00:00
constrained_factual_028,google/gemma-2-2b,11,constrained_factual,0.558,0.817,2026-08-09T09:20:11.239049+00:00
constrained_factual_028,google/gemma-2-2b,12,constrained_factual,0.568,0.812,2026-08-09T09:20:11.239049+00:00
constrained_factual_028,google/gemma-2-2b,13,constrained_factual,0.578,0.807,2026-08-09T09:20:11.239049+00:00
constrained_factual_028,google/gemma-2-2b,14,constrained_factual,0.588,0.802,2026-08-09T09:20:11.239049+00:00
constrained_factual_029,google/gemma-2-2b,11,constrained_factual,0.522,0.853,2026-08-09T09:20:11.239049+00:00
constrained_factual_029,google/gemma-2-2b,12,constrained_factual,0.532,0.848,2026-08-09T09:20:11.239049+00:00
constrained_factual_029,google/gemma-2-2b,13,constrained_factual,0.542,0.843,2026-08-09T09:20:11.239049+00:00
constrained_factual_029,google/gemma-2-2b,14,constrained_factual,0.552,0.838,2026-08-09T09:20:11.239049+00:00
constrained_factual_030,google/gemma-2-2b,11,constrained_factual,0.543,0.832,2026-08-09T09:20:11.239049+00:00
constrained_factual_030,google/gemma-2-2b,12,constrained_factual,0.553,0.827,2026-08-09T09:20:11.239049+00:00
constrained_factual_030,google/gemma-2-2b,13,constrained_factual,0.563,0.822,2026-08-09T09:20:11.239049+00:00
constrained_factual_030,google/gemma-2-2b,14,constrained_factual,0.573,0.817,2026-08-09T09:20:11.239049+00:00
constrained_factual_031,google/gemma-2-2b,11,constrained_factual,0.534,0.841,2026-08-09T09:20:11.239049+00:00
constrained_factual_031,google/gemma-2-2b,12,constrained_factual,0.544,0.836,2026-08-09T09:20:11.239049+00:00
constrained_factual_031,google/gemma-2-2b,13,constrained_factual,0.554,0.831,2026-08-09T09:20:11.239049+00:00
constrained_factual_031,google/gemma-2-2b,14,constrained_factual,0.564,0.826,2026-08-09T09:20:11.239049+00:00
constrained_factual_032,google/gemma-2-2b,11,constrained_factual,0.511,0.864,2026-08-09T09:20:11.239049+00:00
constrained_factual_032,google/gemma-2-2b,12,constrained_factual,0.521,0.859,2026-08-09T09:20:11.239049+00:00
constrained_factual_032,google/gemma-2-2b,13,constrained_factual,0.531,0.854,2026-08-09T09:20:11.239049+00:00
constrained_factual_032,google/gemma-2-2b,14,constrained_factual,0.541,0.849,2026-08-09T09:20:11.239049+00:00
constrained_factual_033,google/gemma-2-2b,11,constrained_factual,0.49,0.835,2026-08-09T09:20:11.239049+00:00
constrained_factual_033,google/gemma-2-2b,12,constrained_factual,0.5,0.83,2026-08-09T09:20:11.239049+00:00
constrained_factual_033,google/gemma-2-2b,13,constrained_factual,0.51,0.825,2026-08-09T09:20:11.239049+00:00
constrained_factual_033,google/gemma-2-2b,14,constrained_factual,0.52,0.82,2026-08-09T09:20:11.239049+00:00
constrained_factual_034,google/gemma-2-2b,11,constrained_factual,0.547,0.828,2026-08-09T09:20:11.239049+00:00
constrained_factual_034,google/gemma-2-2b,12,constrained_factual,0.557,0.823,2026-08-09T09:20:11.239049+00:00
constrained_factual_034,google/gemma-2-2b,13,constrained_factual,0.567,0.818,2026-08-09T09:20:11.239049+00:00
constrained_factual_034,google/gemma-2-2b,14,constrained_factual,0.577,0.813,2026-08-09T09:20:11.239049+00:00
constrained_factual_035,google/gemma-2-2b,11,constrained_factual,0.48,0.845,2026-08-09T09:20:11.239049+00:00
constrained_factual_035,google/gemma-2-2b,12,constrained_factual,0.49,0.84,2026-08-09T09:20:11.239049+00:00
constrained_factual_035,google/gemma-2-2b,13,constrained_factual,0.5,0.835,2026-08-09T09:20:11.239049+00:00
constrained_factual_035,google/gemma-2-2b,14,constrained_factual,0.51,0.83,2026-08-09T09:20:11.239049+00:00
constrained_factual_036,google/gemma-2-2b,11,constrained_factual,0.477,0.848,2026-08-09T09:20:11.239049+00:00
constrained_factual_036,google/gemma-2-2b,12,constrained_factual,0.487,0.843,2026-08-09T09:20:11.239049+00:00
constrained_factual_036,google/gemma-2-2b,13,constrained_factual,0.497,0.838,2026-08-09T09:20:11.239049+00:00
constrained_factual_036,google/gemma-2-2b,14,constrained_factual,0.507,0.833,2026-08-09T09:20:11.239049+00:00
constrained_factual_037,google/gemma-2-2b,11,constrained_factual,0.539,0.836,2026-08-09T09:20:11.239049+00:00
constrained_factual_037,google/gemma-2-2b,12,constrained_factual,0.549,0.831,2026-08-09T09:20:11.239049+00:00
constrained_factual_037,google/gemma-2-2b,13,constrained_factual,0.559,0.826,2026-08-09T09:20:11.239049+00:00
constrained_factual_037,google/gemma-2-2b,14,constrained_factual,0.569,0.821,2026-08-09T09:20:11.239049+00:00
constrained_factual_038,google/gemma-2-2b,11,constrained_factual,0.475,0.85,2026-08-09T09:20:11.239049+00:00
constrained_factual_038,google/gemma-2-2b,12,constrained_factual,0.485,0.845,2026-08-09T09:20:11.239049+00:00
constrained_factual_038,google/gemma-2-2b,13,constrained_factual,0.495,0.84,2026-08-09T09:20:11.239049+00:00
constrained_factual_038,google/gemma-2-2b,14,constrained_factual,0.505,0.835,2026-08-09T09:20:11.239049+00:00
constrained_factual_039,google/gemma-2-2b,11,constrained_factual,0.511,0.864,2026-08-09T09:20:11.239049+00:00
constrained_factual_039,google/gemma-2-2b,12,constrained_factual,0.521,0.859,2026-08-09T09:20:11.239049+00:00
constrained_factual_039,google/gemma-2-2b,13,constrained_factual,0.531,0.854,2026-08-09T09:20:11.239049+00:00
constrained_factual_039,google/gemma-2-2b,14,constrained_factual,0.541,0.849,2026-08-09T09:20:11.239049+00:00
constrained_factual_040,google/gemma-2-2b,11,constrained_factual,0.523,0.852,2026-08-09T09:20:11.239049+00:00
constrained_factual_040,google/gemma-2-2b,12,constrained_factual,0.533,0.847,2026-08-09T09:20:11.239049+00:00
constrained_factual_040,google/gemma-2-2b,13,constrained_factual,0.543,0.842,2026-08-09T09:20:11.239049+00:00
constrained_factual_040,google/gemma-2-2b,14,constrained_factual,0.553,0.837,2026-08-09T09:20:11.239049+00:00
constrained_factual_041,google/gemma-2-2b,11,constrained_factual,0.535,0.84,2026-08-09T09:20:11.239049+00:00
constrained_factual_041,google/gemma-2-2b,12,constrained_factual,0.545,0.835,2026-08-09T09:20:11.239049+00:00
constrained_factual_041,google/gemma-2-2b,13,constrained_factual,0.555,0.83,2026-08-09T09:20:11.239049+00:00
constrained_factual_041,google/gemma-2-2b,14,constrained_factual,0.565,0.825,2026-08-09T09:20:11.239049+00:00
constrained_factual_042,google/gemma-2-2b,11,constrained_factual,0.485,0.84,2026-08-09T09:20:11.239049+00:00
constrained_factual_042,google/gemma-2-2b,12,constrained_factual,0.495,0.835,2026-08-09T09:20:11.239049+00:00
constrained_factual_042,google/gemma-2-2b,13,constrained_factual,0.505,0.83,2026-08-09T09:20:11.239049+00:00
constrained_factual_042,google/gemma-2-2b,14,constrained_factual,0.515,0.825,2026-08-09T09:20:11.239049+00:00
constrained_factual_043,google/gemma-2-2b,11,constrained_factual,0.54,0.835,2026-08-09T09:20:11.239049+00:00
constrained_factual_043,google/gemma-2-2b,12,constrained_factual,0.55,0.83,2026-08-09T09:20:11.239049+00:00
constrained_factual_043,google/gemma-2-2b,13,constrained_factual,0.56,0.825,2026-08-09T09:20:11.239049+00:00
constrained_factual_043,google/gemma-2-2b,14,constrained_factual,0.57,0.82,2026-08-09T09:20:11.239049+00:00
constrained_factual_044,google/gemma-2-2b,11,constrained_factual,0.524,0.851,2026-08-09T09:20:11.239049+00:00
constrained_factual_044,google/gemma-2-2b,12,constrained_factual,0.534,0.846,2026-08-09T09:20:11.239049+00:00
constrained_factual_044,google/gemma-2-2b,13,constrained_factual,0.544,0.841,2026-08-09T09:20:11.239049+00:00
constrained_factual_044,google/gemma-2-2b,14,constrained_factual,0.554,0.836,2026-08-09T09:20:11.239049+00:00
constrained_factual_045,google/gemma-2-2b,11,constrained_factual,0.556,0.819,2026-08-09T09:20:11.239049+00:00
constrained_factual_045,google/gemma-2-2b,12,constrained_factual,0.566,0.814,2026-08-09T09:20:11.239049+00:00
constrained_factual_045,google/gemma-2-2b,13,constrained_factual,0.576,0.809,2026-08-09T09:20:11.239049+00:00
constrained_factual_045,google/gemma-2-2b,14,constrained_factual,0.586,0.804,2026-08-09T09:20:11.239049+00:00
constrained_factual_046,google/gemma-2-2b,11,constrained_factual,0.537,0.838,2026-08-09T09:20:11.239049+00:00
constrained_factual_046,google/gemma-2-2b,12,constrained_factual,0.547,0.833,2026-08-09T09:20:11.239049+00:00
constrained_factual_046,google/gemma-2-2b,13,constrained_factual,0.557,0.828,2026-08-09T09:20:11.239049+00:00
constrained_factual_046,google/gemma-2-2b,14,constrained_factual,0.567,0.823,2026-08-09T09:20:11.239049+00:00
constrained_factual_047,google/gemma-2-2b,11,constrained_factual,0.542,0.833,2026-08-09T09:20:11.239049+00:00
constrained_factual_047,google/gemma-2-2b,12,constrained_factual,0.552,0.828,2026-08-09T09:20:11.239049+00:00
constrained_factual_047,google/gemma-2-2b,13,constrained_factual,0.562,0.823,2026-08-09T09:20:11.239049+00:00
constrained_factual_047,google/gemma-2-2b,14,constrained_factual,0.572,0.818,2026-08-09T09:20:11.239049+00:00
constrained_factual_048,google/gemma-2-2b,11,constrained_factual,0.489,0.836,2026-08-09T09:20:11.239049+00:00
constrained_factual_048,google/gemma-2-2b,12,constrained_factual,0.499,0.831,2026-08-09T09:20:11.239049+00:00
constrained_factual_048,google/gemma-2-2b,13,constrained_factual,0.509,0.826,2026-08-09T09:20:11.239049+00:00
constrained_factual_048,google/gemma-2-2b,14,constrained_factual,0.519,0.821,2026-08-09T09:20:11.239049+00:00
constrained_factual_049,google/gemma-2-2b,11,constrained_factual,0.49,0.835,2026-08-09T09:20:11.239049+00:00
constrained_factual_049,google/gemma-2-2b,12,constrained_factual,0.5,0.83,2026-08-09T09:20:11.239049+00:00
constrained_factual_049,google/gemma-2-2b,13,constrained_factual,0.51,0.825,2026-08-09T09:20:11.239049+00:00
constrained_factual_049,google/gemma-2-2b,14,constrained_factual,0.52,0.82,2026-08-09T09:20:11.239049+00:00
constrained_factual_050,google/gemma-2-2b,11,constrained_factual,0.5,0.825,2026-08-09T09:20:11.239049+00:00
constrained_factual_050,google/gemma-2-2b,12,constrained_factual,0.51,0.82,2026-08-09T09:20:11.239049+00:00
constrained_factual_050,google/gemma-2-2b,13,constrained_factual,0.52,0.815,2026-08-09T09:20:11.239049+00:00
constrained_factual_050,google/gemma-2-2b,14,constrained_factual,0.53,0.81,2026-08-09T09:20:11.239049+00:00
moderate_reasoning_001,google/gemma-2-2b,11,moderate_reasoning,1.517,0.762,2026-08-09T09:20:11.239049+00:00
moderate_reasoning_001,google/gemma-2-2b,12,moderate_reasoning,1.527,0.757,2026-08-09T09:20:11.239049+00:00
moderate_reasoning_001,google/gemma-2-2b,13,moderate_reasoning,1.537,0.752,2026-08-09T09:20:11.239049+00:00
moderate_reasoning_001,google/gemma-2-2b,14,moderate_reasoning,1.547,0.747,2026-08-09T09:20:11.239049+00:00
moderate_reasoning_002,google/gemma-2-2b,11,moderate_reasoning,1.59,0.785,2026-08-09T09:20:11.239049+00:00
moderate_reasoning_002,google/gemma-2-2b,12,moderate_reasoning,1.6,0.78,2026-08-09T09:20:11.239049+00:00
moderate_reasoning_002,google/gemma-2-2b,13,moderate_reasoning,1.61,0.775,2026-08-09T09:20:11.239049+00:00
moderate_reasoning_002,google/gemma-2-2b,14,moderate_reasoning,1.62,0.77,2026-08-09T09:20:11.239049+00:00
moderate_reasoning_003,google/gemma-2-2b,11,moderate_reasoning,1.516,0.761,2026-08-09T09:20:11.239049+00:00
moderate_reasoning_003,google/gemma-2-2b,12,moderate_reasoning,1.526,0.756,2026-08-09T09:20:11.239049+00:00
moderate_reasoning_003,google/gemma-2-2b,13,moderate_reasoning,1.536,0.751,2026-08-09T09:20:11.239049+00:00
moderate_reasoning_003,google/gemma-2-2b,14,moderate_reasoning,1.546,0.746,2026-08-09T09:20:11.239049+00:00
moderate_reasoning_004,google/gemma-2-2b,11,moderate_reasoning,1.572,0.767,2026-08-09T09:20:11.239049+00:00
moderate_reasoning_004,google/gemma-2-2b,12,moderate_reasoning,1.582,0.762,2026-08-09T09:20:11.239049+00:00
moderate_reasoning_004,google/gemma-2-2b,13,moderate_reasoning,1.592,0.757,2026-08-09T09:20:11.239049+00:00
moderate_reasoning_004,google/gemma-2-2b,14,moderate_reasoning,1.602,0.752,2026-08-09T09:20:11.239049+00:00
moderate_reasoning_005,google/gemma-2-2b,11,moderate_reasoning,1.557,0.802,2026-08-09T09:20:11.239049+00:00
moderate_reasoning_005,google/gemma-2-2b,12,moderate_reasoning,1.567,0.797,2026-08-09T09:20:11.239049+00:00
moderate_reasoning_005,google/gemma-2-2b,13,moderate_reasoning,1.577,0.792,2026-08-09T09:20:11.239049+00:00
moderate_reasoning_005,google/gemma-2-2b,14,moderate_reasoning,1.587,0.787,2026-08-09T09:20:11.239049+00:00
moderate_reasoning_006,google/gemma-2-2b,11,moderate_reasoning,1.531,0.776,2026-08-09T09:20:11.239049+00:00
moderate_reasoning_006,google/gemma-2-2b,12,moderate_reasoning,1.541,0.771,2026-08-09T09:20:11.239049+00:00
moderate_reasoning_006,google/gemma-2-2b,13,moderate_reasoning,1.551,0.766,2026-08-09T09:20:11.239049+00:00
moderate_reasoning_006,google/gemma-2-2b,14,moderate_reasoning,1.561,0.761,2026-08-09T09:20:11.239049+00:00
moderate_reasoning_007,google/gemma-2-2b,11,moderate_reasoning,1.533,0.778,2026-08-09T09:20:11.239049+00:00
moderate_reasoning_007,google/gemma-2-2b,12,moderate_reasoning,1.543,0.773,2026-08-09T09:20:11.239049+00:00
moderate_reasoning_007,google/gemma-2-2b,13,moderate_reasoning,1.553,0.768,2026-08-09T09:20:11.239049+00:00
moderate_reasoning_007,google/gemma-2-2b,14,moderate_reasoning,1.563,0.763,2026-08-09T09:20:11.239049+00:00
moderate_reasoning_008,google/gemma-2-2b,11,moderate_reasoning,1.516,0.761,2026-08-09T09:20:11.239049+00:00
moderate_reasoning_008,google/gemma-2-2b,12,moderate_reasoning,1.526,0.756,2026-08-09T09:20:11.239049+00:00
moderate_reasoning_008,google/gemma-2-2b,13,moderate_reasoning,1.536,0.751,2026-08-09T09:20:11.239049+00:00
moderate_reasoning_008,google/gemma-2-2b,14,moderate_reasoning,1.546,0.746,2026-08-09T09:20:11.239049+00:00
moderate_reasoning_009,google/gemma-2-2b,11,moderate_reasoning,1.589,0.784,2026-08-09T09:20:11.239049+00:00
moderate_reasoning_009,google/gemma-2-2b,12,moderate_reasoning,1.599,0.779,2026-08-09T09:20:11.239049+00:00
moderate_reasoning_009,google/gemma-2-2b,13,moderate_reasoning,1.609,0.774,2026-08-09T09:20:11.239049+00:00
moderate_reasoning_009,google/gemma-2-2b,14,moderate_reasoning,1.619,0.769,2026-08-09T09:20:11.239049+00:00
moderate_reasoning_010,google/gemma-2-2b,11,moderate_reasoning,1.519,0.764,2026-08-09T09:20:11.239049+00:00
moderate_reasoning_010,google/gemma-2-2b,12,moderate_reasoning,1.529,0.759,2026-08-09T09:20:11.239049+00:00
moderate_reasoning_010,google/gemma-2-2b,13,moderate_reasoning,1.539,0.754,2026-08-09T09:20:11.239049+00:00
moderate_reasoning_010,google/gemma-2-2b,14,moderate_reasoning,1.549,0.749,2026-08-09T09:20:11.239049+00:00
moderate_reasoning_011,google/gemma-2-2b,11,moderate_reasoning,1.555,0.8,2026-08-09T09:20:11.239049+00:00
moderate_reasoning_011,google/gemma-2-2b,12,moderate_reasoning,1.565,0.795,2026-08-09T09:20:11.239049+00:00
moderate_reasoning_011,google/gemma-2-2b,13,moderate_reasoning,1.575,0.79,2026-08-09T09:20:11.239049+00:00
moderate_reasoning_011,google/gemma-2-2b,14,moderate_reasoning,1.585,0.785,2026-08-09T09:20:11.239049+00:00
moderate_reasoning_012,google/gemma-2-2b,11,moderate_reasoning,1.531,0.776,2026-08-09T09:20:11.239049+00:00
moderate_reasoning_012,google/gemma-2-2b,12,moderate_reasoning,1.541,0.771,2026-08-09T09:20:11.239049+00:00
moderate_reasoning_012,google/gemma-2-2b,13,moderate_reasoning,1.551,0.766,2026-08-09T09:20:11.239049+00:00
moderate_reasoning_012,google/gemma-2-2b,14,moderate_reasoning,1.561,0.761,2026-08-09T09:20:11.239049+00:00
moderate_reasoning_013,google/gemma-2-2b,11,moderate_reasoning,1.545,0.79,2026-08-09T09:20:11.239049+00:00
moderate_reasoning_013,google/gemma-2-2b,12,moderate_reasoning,1.555,0.785,2026-08-09T09:20:11.239049+00:00
moderate_reasoning_013,google/gemma-2-2b,13,moderate_reasoning,1.565,0.78,2026-08-09T09:20:11.239049+00:00
moderate_reasoning_013,google/gemma-2-2b,14,moderate_reasoning,1.575,0.775,2026-08-09T09:20:11.239049+00:00
moderate_reasoning_014,google/gemma-2-2b,11,moderate_reasoning,1.574,0.769,2026-08-09T09:20:11.239049+00:00
moderate_reasoning_014,google/gemma-2-2b,12,moderate_reasoning,1.584,0.764,2026-08-09T09:20:11.239049+00:00
moderate_reasoning_014,google/gemma-2-2b,13,moderate_reasoning,1.594,0.759,2026-08-09T09:20:11.239049+00:00
moderate_reasoning_014,google/gemma-2-2b,14,moderate_reasoning,1.604,0.754,2026-08-09T09:20:11.239049+00:00
moderate_reasoning_015,google/gemma-2-2b,11,moderate_reasoning,1.556,0.801,2026-08-09T09:20:11.239049+00:00
moderate_reasoning_015,google/gemma-2-2b,12,moderate_reasoning,1.566,0.796,2026-08-09T09:20:11.239049+00:00
moderate_reasoning_015,google/gemma-2-2b,13,moderate_reasoning,1.576,0.791,2026-08-09T09:20:11.239049+00:00
moderate_reasoning_015,google/gemma-2-2b,14,moderate_reasoning,1.586,0.786,2026-08-09T09:20:11.239049+00:00
moderate_reasoning_016,google/gemma-2-2b,11,moderate_reasoning,1.557,0.802,2026-08-09T09:20:11.239049+00:00
moderate_reasoning_016,google/gemma-2-2b,12,moderate_reasoning,1.567,0.797,2026-08-09T09:20:11.239049+00:00
moderate_reasoning_016,google/gemma-2-2b,13,moderate_reasoning,1.577,0.792,2026-08-09T09:20:11.239049+00:00
moderate_reasoning_016,google/gemma-2-2b,14,moderate_reasoning,1.587,0.787,2026-08-09T09:20:11.239049+00:00
moderate_reasoning_017,google/gemma-2-2b,11,moderate_reasoning,1.567,0.762,2026-08-09T09:20:11.239049+00:00
moderate_reasoning_017,google/gemma-2-2b,12,moderate_reasoning,1.577,0.757,2026-08-09T09:20:11.239049+00:00
moderate_reasoning_017,google/gemma-2-2b,13,moderate_reasoning,1.587,0.752,2026-08-09T09:20:11.239049+00:00
moderate_reasoning_017,google/gemma-2-2b,14,moderate_reasoning,1.597,0.747,2026-08-09T09:20:11.239049+00:00
moderate_reasoning_018,google/gemma-2-2b,11,moderate_reasoning,1.518,0.763,2026-08-09T09:20:11.239049+00:00
moderate_reasoning_018,google/gemma-2-2b,12,moderate_reasoning,1.528,0.758,2026-08-09T09:20:11.239049+00:00
moderate_reasoning_018,google/gemma-2-2b,13,moderate_reasoning,1.538,0.753,2026-08-09T09:20:11.239049+00:00
moderate_reasoning_018,google/gemma-2-2b,14,moderate_reasoning,1.548,0.748,2026-08-09T09:20:11.239049+00:00
moderate_reasoning_019,google/gemma-2-2b,11,moderate_reasoning,1.559,0.804,2026-08-09T09:20:11.239049+00:00
moderate_reasoning_019,google/gemma-2-2b,12,moderate_reasoning,1.569,0.799,2026-08-09T09:20:11.239049+00:00
moderate_reasoning_019,google/gemma-2-2b,13,moderate_reasoning,1.579,0.794,2026-08-09T09:20:11.239049+00:00
moderate_reasoning_019,google/gemma-2-2b,14,moderate_reasoning,1.589,0.789,2026-08-09T09:20:11.239049+00:00
moderate_reasoning_020,google/gemma-2-2b,11,moderate_reasoning,1.596,0.791,2026-08-09T09:20:11.239049+00:00
moderate_reasoning_020,google/gemma-2-2b,12,moderate_reasoning,1.606,0.786,2026-08-09T09:20:11.239049+00:00
moderate_reasoning_020,google/gemma-2-2b,13,moderate_reasoning,1.616,0.781,2026-08-09T09:20:11.239049+00:00
moderate_reasoning_020,google/gemma-2-2b,14,moderate_reasoning,1.626,0.776,2026-08-09T09:20:11.239049+00:00
moderate_reasoning_021,google/gemma-2-2b,11,moderate_reasoning,1.544,0.789,2026-08-09T09:20:11.239049+00:00
moderate_reasoning_021,google/gemma-2-2b,12,moderate_reasoning,1.554,0.784,2026-08-09T09:20:11.239049+00:00
moderate_reasoning_021,google/gemma-2-2b,13,moderate_reasoning,1.564,0.779,2026-08-09T09:20:11.239049+00:00
moderate_reasoning_021,google/gemma-2-2b,14,moderate_reasoning,1.574,0.774,2026-08-09T09:20:11.239049+00:00
moderate_reasoning_022,google/gemma-2-2b,11,moderate_reasoning,1.554,0.799,2026-08-09T09:20:11.239049+00:00
moderate_reasoning_022,google/gemma-2-2b,12,moderate_reasoning,1.564,0.794,2026-08-09T09:20:11.239049+00:00
moderate_reasoning_022,google/gemma-2-2b,13,moderate_reasoning,1.574,0.789,2026-08-09T09:20:11.239049+00:00
moderate_reasoning_022,google/gemma-2-2b,14,moderate_reasoning,1.584,0.784,2026-08-09T09:20:11.239049+00:00
moderate_reasoning_023,google/gemma-2-2b,11,moderate_reasoning,1.521,0.766,2026-08-09T09:20:11.239049+00:00
moderate_reasoning_023,google/gemma-2-2b,12,moderate_reasoning,1.531,0.761,2026-08-09T09:20:11.239049+00:00
moderate_reasoning_023,google/gemma-2-2b,13,moderate_reasoning,1.541,0.756,2026-08-09T09:20:11.239049+00:00
moderate_reasoning_023,google/gemma-2-2b,14,moderate_reasoning,1.551,0.751,2026-08-09T09:20:11.239049+00:00
moderate_reasoning_024,google/gemma-2-2b,11,moderate_reasoning,1.577,0.772,2026-08-09T09:20:11.239049+00:00
moderate_reasoning_024,google/gemma-2-2b,12,moderate_reasoning,1.587,0.767,2026-08-09T09:20:11.239049+00:00
moderate_reasoning_024,google/gemma-2-2b,13,moderate_reasoning,1.597,0.762,2026-08-09T09:20:11.239049+00:00
moderate_reasoning_024,google/gemma-2-2b,14,moderate_reasoning,1.607,0.757,2026-08-09T09:20:11.239049+00:00
moderate_reasoning_025,google/gemma-2-2b,11,moderate_reasoning,1.597,0.792,2026-08-09T09:20:11.239049+00:00
moderate_reasoning_025,google/gemma-2-2b,12,moderate_reasoning,1.607,0.787,2026-08-09T09:20:11.239049+00:00
moderate_reasoning_025,google/gemma-2-2b,13,moderate_reasoning,1.617,0.782,2026-08-09T09:20:11.239049+00:00
moderate_reasoning_025,google/gemma-2-2b,14,moderate_reasoning,1.627,0.777,2026-08-09T09:20:11.239049+00:00
moderate_reasoning_026,google/gemma-2-2b,11,moderate_reasoning,1.605,0.8,2026-08-09T09:20:11.239049+00:00
moderate_reasoning_026,google/gemma-2-2b,12,moderate_reasoning,1.615,0.795,2026-08-09T09:20:11.239049+00:00
moderate_reasoning_026,google/gemma-2-2b,13,moderate_reasoning,1.625,0.79,2026-08-09T09:20:11.239049+00:00
moderate_reasoning_026,google/gemma-2-2b,14,moderate_reasoning,1.635,0.785,2026-08-09T09:20:11.239049+00:00
moderate_reasoning_027,google/gemma-2-2b,11,moderate_reasoning,1.546,0.791,2026-08-09T09:20:11.239049+00:00
moderate_reasoning_027,google/gemma-2-2b,12,moderate_reasoning,1.556,0.786,2026-08-09T09:20:11.239049+00:00
moderate_reasoning_027,google/gemma-2-2b,13,moderate_reasoning,1.566,0.781,2026-08-09T09:20:11.239049+00:00
moderate_reasoning_027,google/gemma-2-2b,14,moderate_reasoning,1.576,0.776,2026-08-09T09:20:11.239049+00:00
moderate_reasoning_028,google/gemma-2-2b,11,moderate_reasoning,1.562,0.757,2026-08-09T09:20:11.239049+00:00
moderate_reasoning_028,google/gemma-2-2b,12,moderate_reasoning,1.572,0.752,2026-08-09T09:20:11.239049+00:00
moderate_reasoning_028,google/gemma-2-2b,13,moderate_reasoning,1.582,0.747,2026-08-09T09:20:11.239049+00:00
moderate_reasoning_028,google/gemma-2-2b,14,moderate_reasoning,1.592,0.742,2026-08-09T09:20:11.239049+00:00
moderate_reasoning_029,google/gemma-2-2b,11,moderate_reasoning,1.571,0.766,2026-08-09T09:20:11.239049+00:00
moderate_reasoning_029,google/gemma-2-2b,12,moderate_reasoning,1.581,0.761,2026-08-09T09:20:11.239049+00:00
moderate_reasoning_029,google/gemma-2-2b,13,moderate_reasoning,1.591,0.756,2026-08-09T09:20:11.239049+00:00
moderate_reasoning_029,google/gemma-2-2b,14,moderate_reasoning,1.601,0.751,2026-08-09T09:20:11.239049+00:00
moderate_reasoning_030,google/gemma-2-2b,11,moderate_reasoning,1.542,0.787,2026-08-09T09:20:11.239049+00:00
moderate_reasoning_030,google/gemma-2-2b,12,moderate_reasoning,1.552,0.782,2026-08-09T09:20:11.239049+00:00
moderate_reasoning_030,google/gemma-2-2b,13,moderate_reasoning,1.562,0.777,2026-08-09T09:20:11.239049+00:00
moderate_reasoning_030,google/gemma-2-2b,14,moderate_reasoning,1.572,0.772,2026-08-09T09:20:11.239049+00:00
moderate_reasoning_031,google/gemma-2-2b,11,moderate_reasoning,1.513,0.758,2026-08-09T09:20:11.239049+00:00
moderate_reasoning_031,google/gemma-2-2b,12,moderate_reasoning,1.523,0.753,2026-08-09T09:20:11.239049+00:00
moderate_reasoning_031,google/gemma-2-2b,13,moderate_reasoning,1.533,0.748,2026-08-09T09:20:11.239049+00:00
moderate_reasoning_031,google/gemma-2-2b,14,moderate_reasoning,1.543,0.743,2026-08-09T09:20:11.239049+00:00
moderate_reasoning_032,google/gemma-2-2b,11,moderate_reasoning,1.541,0.786,2026-08-09T09:20:11.239049+00:00
moderate_reasoning_032,google/gemma-2-2b,12,moderate_reasoning,1.551,0.781,2026-08-09T09:20:11.239049+00:00
moderate_reasoning_032,google/gemma-2-2b,13,moderate_reasoning,1.561,0.776,2026-08-09T09:20:11.239049+00:00
moderate_reasoning_032,google/gemma-2-2b,14,moderate_reasoning,1.571,0.771,2026-08-09T09:20:11.239049+00:00
moderate_reasoning_033,google/gemma-2-2b,11,moderate_reasoning,1.563,0.758,2026-08-09T09:20:11.239049+00:00
moderate_reasoning_033,google/gemma-2-2b,12,moderate_reasoning,1.573,0.753,2026-08-09T09:20:11.239049+00:00
moderate_reasoning_033,google/gemma-2-2b,13,moderate_reasoning,1.583,0.748,2026-08-09T09:20:11.239049+00:00
moderate_reasoning_033,google/gemma-2-2b,14,moderate_reasoning,1.593,0.743,2026-08-09T09:20:11.239049+00:00
moderate_reasoning_034,google/gemma-2-2b,11,moderate_reasoning,1.537,0.782,2026-08-09T09:20:11.239049+00:00
moderate_reasoning_034,google/gemma-2-2b,12,moderate_reasoning,1.547,0.777,2026-08-09T09:20:11.239049+00:00
moderate_reasoning_034,google/gemma-2-2b,13,moderate_reasoning,1.557,0.772,2026-08-09T09:20:11.239049+00:00
moderate_reasoning_034,google/gemma-2-2b,14,moderate_reasoning,1.567,0.767,2026-08-09T09:20:11.239049+00:00
moderate_reasoning_035,google/gemma-2-2b,11,moderate_reasoning,1.547,0.792,2026-08-09T09:20:11.239049+00:00
moderate_reasoning_035,google/gemma-2-2b,12,moderate_reasoning,1.557,0.787,2026-08-09T09:20:11.239049+00:00
moderate_reasoning_035,google/gemma-2-2b,13,moderate_reasoning,1.567,0.782,2026-08-09T09:20:11.239049+00:00
moderate_reasoning_035,google/gemma-2-2b,14,moderate_reasoning,1.577,0.777,2026-08-09T09:20:11.239049+00:00
moderate_reasoning_036,google/gemma-2-2b,11,moderate_reasoning,1.555,0.8,2026-08-09T09:20:11.239049+00:00
moderate_reasoning_036,google/gemma-2-2b,12,moderate_reasoning,1.565,0.795,2026-08-09T09:20:11.239049+00:00
moderate_reasoning_036,google/gemma-2-2b,13,moderate_reasoning,1.575,0.79,2026-08-09T09:20:11.239049+00:00
moderate_reasoning_036,google/gemma-2-2b,14,moderate_reasoning,1.585,0.785,2026-08-09T09:20:11.239049+00:00
moderate_reasoning_037,google/gemma-2-2b,11,moderate_reasoning,1.574,0.769,2026-08-09T09:20:11.239049+00:00
moderate_reasoning_037,google/gemma-2-2b,12,moderate_reasoning,1.584,0.764,2026-08-09T09:20:11.239049+00:00
moderate_reasoning_037,google/gemma-2-2b,13,moderate_reasoning,1.594,0.759,2026-08-09T09:20:11.239049+00:00
moderate_reasoning_037,google/gemma-2-2b,14,moderate_reasoning,1.604,0.754,2026-08-09T09:20:11.239049+00:00
moderate_reasoning_038,google/gemma-2-2b,11,moderate_reasoning,1.591,0.786,2026-08-09T09:20:11.239049+00:00
moderate_reasoning_038,google/gemma-2-2b,12,moderate_reasoning,1.601,0.781,2026-08-09T09:20:11.239049+00:00
moderate_reasoning_038,google/gemma-2-2b,13,moderate_reasoning,1.611,0.776,2026-08-09T09:20:11.239049+00:00
moderate_reasoning_038,google/gemma-2-2b,14,moderate_reasoning,1.621,0.771,2026-08-09T09:20:11.239049+00:00
moderate_reasoning_039,google/gemma-2-2b,11,moderate_reasoning,1.543,0.788,2026-08-09T09:20:11.239049+00:00
moderate_reasoning_039,google/gemma-2-2b,12,moderate_reasoning,1.553,0.783,2026-08-09T09:20:11.239049+00:00
moderate_reasoning_039,google/gemma-2-2b,13,moderate_reasoning,1.563,0.778,2026-08-09T09:20:11.239049+00:00
moderate_reasoning_039,google/gemma-2-2b,14,moderate_reasoning,1.573,0.773,2026-08-09T09:20:11.239049+00:00
moderate_reasoning_040,google/gemma-2-2b,11,moderate_reasoning,1.511,0.756,2026-08-09T09:20:11.239049+00:00
moderate_reasoning_040,google/gemma-2-2b,12,moderate_reasoning,1.521,0.751,2026-08-09T09:20:11.239049+00:00
moderate_reasoning_040,google/gemma-2-2b,13,moderate_reasoning,1.531,0.746,2026-08-09T09:20:11.239049+00:00
moderate_reasoning_040,google/gemma-2-2b,14,moderate_reasoning,1.541,0.741,2026-08-09T09:20:11.239049+00:00
moderate_reasoning_041,google/gemma-2-2b,11,moderate_reasoning,1.512,0.757,2026-08-09T09:20:11.239049+00:00
moderate_reasoning_041,google/gemma-2-2b,12,moderate_reasoning,1.522,0.752,2026-08-09T09:20:11.239049+00:00
moderate_reasoning_041,google/gemma-2-2b,13,moderate_reasoning,1.532,0.747,2026-08-09T09:20:11.239049+00:00
moderate_reasoning_041,google/gemma-2-2b,14,moderate_reasoning,1.542,0.742,2026-08-09T09:20:11.239049+00:00
moderate_reasoning_042,google/gemma-2-2b,11,moderate_reasoning,1.545,0.79,2026-08-09T09:20:11.239049+00:00
moderate_reasoning_042,google/gemma-2-2b,12,moderate_reasoning,1.555,0.785,2026-08-09T09:20:11.239049+00:00
moderate_reasoning_042,google/gemma-2-2b,13,moderate_reasoning,1.565,0.78,2026-08-09T09:20:11.239049+00:00
moderate_reasoning_042,google/gemma-2-2b,14,moderate_reasoning,1.575,0.775,2026-08-09T09:20:11.239049+00:00
moderate_reasoning_043,google/gemma-2-2b,11,moderate_reasoning,1.562,0.757,2026-08-09T09:20:11.239049+00:00
moderate_reasoning_043,google/gemma-2-2b,12,moderate_reasoning,1.572,0.752,2026-08-09T09:20:11.239049+00:00
moderate_reasoning_043,google/gemma-2-2b,13,moderate_reasoning,1.582,0.747,2026-08-09T09:20:11.239049+00:00
moderate_reasoning_043,google/gemma-2-2b,14,moderate_reasoning,1.592,0.742,2026-08-09T09:20:11.239049+00:00
moderate_reasoning_044,google/gemma-2-2b,11,moderate_reasoning,1.532,0.777,2026-08-09T09:20:11.239049+00:00
moderate_reasoning_044,google/gemma-2-2b,12,moderate_reasoning,1.542,0.772,2026-08-09T09:20:11.239049+00:00
moderate_reasoning_044,google/gemma-2-2b,13,moderate_reasoning,1.552,0.767,2026-08-09T09:20:11.239049+00:00
moderate_reasoning_044,google/gemma-2-2b,14,moderate_reasoning,1.562,0.762,2026-08-09T09:20:11.239049+00:00
moderate_reasoning_045,google/gemma-2-2b,11,moderate_reasoning,1.572,0.767,2026-08-09T09:20:11.239049+00:00
moderate_reasoning_045,google/gemma-2-2b,12,moderate_reasoning,1.582,0.762,2026-08-09T09:20:11.239049+00:00
moderate_reasoning_045,google/gemma-2-2b,13,moderate_reasoning,1.592,0.757,2026-08-09T09:20:11.239049+00:00
moderate_reasoning_045,google/gemma-2-2b,14,moderate_reasoning,1.602,0.752,2026-08-09T09:20:11.239049+00:00
moderate_reasoning_046,google/gemma-2-2b,11,moderate_reasoning,1.578,0.773,2026-08-09T09:20:11.239049+00:00
moderate_reasoning_046,google/gemma-2-2b,12,moderate_reasoning,1.588,0.768,2026-08-09T09:20:11.239049+00:00
moderate_reasoning_046,google/gemma-2-2b,13,moderate_reasoning,1.598,0.763,2026-08-09T09:20:11.239049+00:00
moderate_reasoning_046,google/gemma-2-2b,14,moderate_reasoning,1.608,0.758,2026-08-09T09:20:11.239049+00:00
moderate_reasoning_047,google/gemma-2-2b,11,moderate_reasoning,1.554,0.799,2026-08-09T09:20:11.239049+00:00
moderate_reasoning_047,google/gemma-2-2b,12,moderate_reasoning,1.564,0.794,2026-08-09T09:20:11.239049+00:00
moderate_reasoning_047,google/gemma-2-2b,13,moderate_reasoning,1.574,0.789,2026-08-09T09:20:11.239049+00:00
moderate_reasoning_047,google/gemma-2-2b,14,moderate_reasoning,1.584,0.784,2026-08-09T09:20:11.239049+00:00
moderate_reasoning_048,google/gemma-2-2b,11,moderate_reasoning,1.603,0.798,2026-08-09T09:20:11.239049+00:00
moderate_reasoning_048,google/gemma-2-2b,12,moderate_reasoning,1.613,0.793,2026-08-09T09:20:11.239049+00:00
moderate_reasoning_048,google/gemma-2-2b,13,moderate_reasoning,1.623,0.788,2026-08-09T09:20:11.239049+00:00
moderate_reasoning_048,google/gemma-2-2b,14,moderate_reasoning,1.633,0.783,2026-08-09T09:20:11.239049+00:00
moderate_reasoning_049,google/gemma-2-2b,11,moderate_reasoning,1.552,0.797,2026-08-09T09:20:11.239049+00:00
moderate_reasoning_049,google/gemma-2-2b,12,moderate_reasoning,1.562,0.792,2026-08-09T09:20:11.239049+00:00
moderate_reasoning_049,google/gemma-2-2b,13,moderate_reasoning,1.572,0.787,2026-08-09T09:20:11.239049+00:00
moderate_reasoning_049,google/gemma-2-2b,14,moderate_reasoning,1.582,0.782,2026-08-09T09:20:11.239049+00:00
moderate_reasoning_050,google/gemma-2-2b,11,moderate_reasoning,1.561,0.756,2026-08-09T09:20:11.239049+00:00
moderate_reasoning_050,google/gemma-2-2b,12,moderate_reasoning,1.571,0.751,2026-08-09T09:20:11.239049+00:00
moderate_reasoning_050,google/gemma-2-2b,13,moderate_reasoning,1.581,0.746,2026-08-09T09:20:11.239049+00:00
moderate_reasoning_050,google/gemma-2-2b,14,moderate_reasoning,1.591,0.741,2026-08-09T09:20:11.239049+00:00
open_ended_001,google/gemma-2-2b,11,open_ended,2.979,0.644,2026-08-09T09:20:11.239049+00:00
open_ended_001,google/gemma-2-2b,12,open_ended,2.989,0.639,2026-08-09T09:20:11.239049+00:00
open_ended_001,google/gemma-2-2b,13,open_ended,2.999,0.634,2026-08-09T09:20:11.239049+00:00
open_ended_001,google/gemma-2-2b,14,open_ended,3.009,0.629,2026-08-09T09:20:11.239049+00:00
open_ended_002,google/gemma-2-2b,11,open_ended,2.974,0.639,2026-08-09T09:20:11.239049+00:00
open_ended_002,google/gemma-2-2b,12,open_ended,2.984,0.634,2026-08-09T09:20:11.239049+00:00
open_ended_002,google/gemma-2-2b,13,open_ended,2.994,0.629,2026-08-09T09:20:11.239049+00:00
open_ended_002,google/gemma-2-2b,14,open_ended,3.004,0.624,2026-08-09T09:20:11.239049+00:00
open_ended_003,google/gemma-2-2b,11,open_ended,3.0,0.665,2026-08-09T09:20:11.239049+00:00
open_ended_003,google/gemma-2-2b,12,open_ended,3.01,0.66,2026-08-09T09:20:11.239049+00:00
open_ended_003,google/gemma-2-2b,13,open_ended,3.02,0.655,2026-08-09T09:20:11.239049+00:00
open_ended_003,google/gemma-2-2b,14,open_ended,3.03,0.65,2026-08-09T09:20:11.239049+00:00
open_ended_004,google/gemma-2-2b,11,open_ended,2.977,0.642,2026-08-09T09:20:11.239049+00:00
open_ended_004,google/gemma-2-2b,12,open_ended,2.987,0.637,2026-08-09T09:20:11.239049+00:00
open_ended_004,google/gemma-2-2b,13,open_ended,2.997,0.632,2026-08-09T09:20:11.239049+00:00
open_ended_004,google/gemma-2-2b,14,open_ended,3.007,0.627,2026-08-09T09:20:11.239049+00:00
open_ended_005,google/gemma-2-2b,11,open_ended,2.925,0.64,2026-08-09T09:20:11.239049+00:00
open_ended_005,google/gemma-2-2b,12,open_ended,2.935,0.635,2026-08-09T09:20:11.239049+00:00
open_ended_005,google/gemma-2-2b,13,open_ended,2.945,0.63,2026-08-09T09:20:11.239049+00:00
open_ended_005,google/gemma-2-2b,14,open_ended,2.955,0.625,2026-08-09T09:20:11.239049+00:00
open_ended_006,google/gemma-2-2b,11,open_ended,2.974,0.639,2026-08-09T09:20:11.239049+00:00
open_ended_006,google/gemma-2-2b,12,open_ended,2.984,0.634,2026-08-09T09:20:11.239049+00:00
open_ended_006,google/gemma-2-2b,13,open_ended,2.994,0.629,2026-08-09T09:20:11.239049+00:00
open_ended_006,google/gemma-2-2b,14,open_ended,3.004,0.624,2026-08-09T09:20:11.239049+00:00
open_ended_007,google/gemma-2-2b,11,open_ended,2.975,0.64,2026-08-09T09:20:11.239049+00:00
open_ended_007,google/gemma-2-2b,12,open_ended,2.985,0.635,2026-08-09T09:20:11.239049+00:00
open_ended_007,google/gemma-2-2b,13,open_ended,2.995,0.63,2026-08-09T09:20:11.239049+00:00
open_ended_007,google/gemma-2-2b,14,open_ended,3.005,0.625,2026-08-09T09:20:11.239049+00:00
open_ended_008,google/gemma-2-2b,11,open_ended,2.971,0.636,2026-08-09T09:20:11.239049+00:00
open_ended_008,google/gemma-2-2b,12,open_ended,2.981,0.631,2026-08-09T09:20:11.239049+00:00
open_ended_008,google/gemma-2-2b,13,open_ended,2.991,0.626,2026-08-09T09:20:11.239049+00:00
open_ended_008,google/gemma-2-2b,14,open_ended,3.001,0.621,2026-08-09T09:20:11.239049+00:00
open_ended_009,google/gemma-2-2b,11,open_ended,3.002,0.667,2026-08-09T09:20:11.239049+00:00
open_ended_009,google/gemma-2-2b,12,open_ended,3.012,0.662,2026-08-09T09:20:11.239049+00:00
open_ended_009,google/gemma-2-2b,13,open_ended,3.022,0.657,2026-08-09T09:20:11.239049+00:00
open_ended_009,google/gemma-2-2b,14,open_ended,3.032,0.652,2026-08-09T09:20:11.239049+00:00
open_ended_010,google/gemma-2-2b,11,open_ended,2.988,0.653,2026-08-09T09:20:11.239049+00:00
open_ended_010,google/gemma-2-2b,12,open_ended,2.998,0.648,2026-08-09T09:20:11.239049+00:00
open_ended_010,google/gemma-2-2b,13,open_ended,3.008,0.643,2026-08-09T09:20:11.239049+00:00
open_ended_010,google/gemma-2-2b,14,open_ended,3.018,0.638,2026-08-09T09:20:11.239049+00:00
open_ended_011,google/gemma-2-2b,11,open_ended,2.914,0.629,2026-08-09T09:20:11.239049+00:00
open_ended_011,google/gemma-2-2b,12,open_ended,2.924,0.624,2026-08-09T09:20:11.239049+00:00
open_ended_011,google/gemma-2-2b,13,open_ended,2.934,0.619,2026-08-09T09:20:11.239049+00:00
open_ended_011,google/gemma-2-2b,14,open_ended,2.944,0.614,2026-08-09T09:20:11.239049+00:00
open_ended_012,google/gemma-2-2b,11,open_ended,2.969,0.634,2026-08-09T09:20:11.239049+00:00
open_ended_012,google/gemma-2-2b,12,open_ended,2.979,0.629,2026-08-09T09:20:11.239049+00:00
open_ended_012,google/gemma-2-2b,13,open_ended,2.989,0.624,2026-08-09T09:20:11.239049+00:00
open_ended_012,google/gemma-2-2b,14,open_ended,2.999,0.619,2026-08-09T09:20:11.239049+00:00
open_ended_013,google/gemma-2-2b,11,open_ended,2.929,0.644,2026-08-09T09:20:11.239049+00:00
open_ended_013,google/gemma-2-2b,12,open_ended,2.939,0.639,2026-08-09T09:20:11.239049+00:00
open_ended_013,google/gemma-2-2b,13,open_ended,2.949,0.634,2026-08-09T09:20:11.239049+00:00
open_ended_013,google/gemma-2-2b,14,open_ended,2.959,0.629,2026-08-09T09:20:11.239049+00:00
open_ended_014,google/gemma-2-2b,11,open_ended,2.979,0.644,2026-08-09T09:20:11.239049+00:00
open_ended_014,google/gemma-2-2b,12,open_ended,2.989,0.639,2026-08-09T09:20:11.239049+00:00
open_ended_014,google/gemma-2-2b,13,open_ended,2.999,0.634,2026-08-09T09:20:11.239049+00:00
open_ended_014,google/gemma-2-2b,14,open_ended,3.009,0.629,2026-08-09T09:20:11.239049+00:00
open_ended_015,google/gemma-2-2b,11,open_ended,2.911,0.626,2026-08-09T09:20:11.239049+00:00
open_ended_015,google/gemma-2-2b,12,open_ended,2.921,0.621,2026-08-09T09:20:11.239049+00:00
open_ended_015,google/gemma-2-2b,13,open_ended,2.931,0.616,2026-08-09T09:20:11.239049+00:00
open_ended_015,google/gemma-2-2b,14,open_ended,2.941,0.611,2026-08-09T09:20:11.239049+00:00
open_ended_016,google/gemma-2-2b,11,open_ended,2.913,0.628,2026-08-09T09:20:11.239049+00:00
open_ended_016,google/gemma-2-2b,12,open_ended,2.923,0.623,2026-08-09T09:20:11.239049+00:00
open_ended_016,google/gemma-2-2b,13,open_ended,2.933,0.618,2026-08-09T09:20:11.239049+00:00
open_ended_016,google/gemma-2-2b,14,open_ended,2.943,0.613,2026-08-09T09:20:11.239049+00:00
open_ended_017,google/gemma-2-2b,11,open_ended,2.987,0.652,2026-08-09T09:20:11.239049+00:00
open_ended_017,google/gemma-2-2b,12,open_ended,2.997,0.647,2026-08-09T09:20:11.239049+00:00
open_ended_017,google/gemma-2-2b,13,open_ended,3.007,0.642,2026-08-09T09:20:11.239049+00:00
open_ended_017,google/gemma-2-2b,14,open_ended,3.017,0.637,2026-08-09T09:20:11.239049+00:00
open_ended_018,google/gemma-2-2b,11,open_ended,2.926,0.641,2026-08-09T09:20:11.239049+00:00
open_ended_018,google/gemma-2-2b,12,open_ended,2.936,0.636,2026-08-09T09:20:11.239049+00:00
open_ended_018,google/gemma-2-2b,13,open_ended,2.946,0.631,2026-08-09T09:20:11.239049+00:00
open_ended_018,google/gemma-2-2b,14,open_ended,2.956,0.626,2026-08-09T09:20:11.239049+00:00
open_ended_019,google/gemma-2-2b,11,open_ended,2.966,0.631,2026-08-09T09:20:11.239049+00:00
open_ended_019,google/gemma-2-2b,12,open_ended,2.976,0.626,2026-08-09T09:20:11.239049+00:00
open_ended_019,google/gemma-2-2b,13,open_ended,2.986,0.621,2026-08-09T09:20:11.239049+00:00
open_ended_019,google/gemma-2-2b,14,open_ended,2.996,0.616,2026-08-09T09:20:11.239049+00:00
open_ended_020,google/gemma-2-2b,11,open_ended,2.952,0.667,2026-08-09T09:20:11.239049+00:00
open_ended_020,google/gemma-2-2b,12,open_ended,2.962,0.662,2026-08-09T09:20:11.239049+00:00
open_ended_020,google/gemma-2-2b,13,open_ended,2.972,0.657,2026-08-09T09:20:11.239049+00:00
open_ended_020,google/gemma-2-2b,14,open_ended,2.982,0.652,2026-08-09T09:20:11.239049+00:00
open_ended_021,google/gemma-2-2b,11,open_ended,2.92,0.635,2026-08-09T09:20:11.239049+00:00
open_ended_021,google/gemma-2-2b,12,open_ended,2.93,0.63,2026-08-09T09:20:11.239049+00:00
open_ended_021,google/gemma-2-2b,13,open_ended,2.94,0.625,2026-08-09T09:20:11.239049+00:00
open_ended_021,google/gemma-2-2b,14,open_ended,2.95,0.62,2026-08-09T09:20:11.239049+00:00
open_ended_022,google/gemma-2-2b,11,open_ended,2.988,0.653,2026-08-09T09:20:11.239049+00:00
open_ended_022,google/gemma-2-2b,12,open_ended,2.998,0.648,2026-08-09T09:20:11.239049+00:00
open_ended_022,google/gemma-2-2b,13,open_ended,3.008,0.643,2026-08-09T09:20:11.239049+00:00
open_ended_022,google/gemma-2-2b,14,open_ended,3.018,0.638,2026-08-09T09:20:11.239049+00:00
open_ended_023,google/gemma-2-2b,11,open_ended,2.925,0.64,2026-08-09T09:20:11.239049+00:00
open_ended_023,google/gemma-2-2b,12,open_ended,2.935,0.635,2026-08-09T09:20:11.239049+00:00
open_ended_023,google/gemma-2-2b,13,open_ended,2.945,0.63,2026-08-09T09:20:11.239049+00:00
open_ended_023,google/gemma-2-2b,14,open_ended,2.955,0.625,2026-08-09T09:20:11.239049+00:00
open_ended_024,google/gemma-2-2b,11,open_ended,2.963,0.628,2026-08-09T09:20:11.239049+00:00
open_ended_024,google/gemma-2-2b,12,open_ended,2.973,0.623,2026-08-09T09:20:11.239049+00:00
open_ended_024,google/gemma-2-2b,13,open_ended,2.983,0.618,2026-08-09T09:20:11.239049+00:00
open_ended_024,google/gemma-2-2b,14,open_ended,2.993,0.613,2026-08-09T09:20:11.239049+00:00
open_ended_025,google/gemma-2-2b,11,open_ended,2.946,0.661,2026-08-09T09:20:11.239049+00:00
open_ended_025,google/gemma-2-2b,12,open_ended,2.956,0.656,2026-08-09T09:20:11.239049+00:00
open_ended_025,google/gemma-2-2b,13,open_ended,2.966,0.651,2026-08-09T09:20:11.239049+00:00
open_ended_025,google/gemma-2-2b,14,open_ended,2.976,0.646,2026-08-09T09:20:11.239049+00:00
open_ended_026,google/gemma-2-2b,11,open_ended,2.961,0.626,2026-08-09T09:20:11.239049+00:00
open_ended_026,google/gemma-2-2b,12,open_ended,2.971,0.621,2026-08-09T09:20:11.239049+00:00
open_ended_026,google/gemma-2-2b,13,open_ended,2.981,0.616,2026-08-09T09:20:11.239049+00:00
open_ended_026,google/gemma-2-2b,14,open_ended,2.991,0.611,2026-08-09T09:20:11.239049+00:00
open_ended_027,google/gemma-2-2b,11,open_ended,2.984,0.649,2026-08-09T09:20:11.239049+00:00
open_ended_027,google/gemma-2-2b,12,open_ended,2.994,0.644,2026-08-09T09:20:11.239049+00:00
open_ended_027,google/gemma-2-2b,13,open_ended,3.004,0.639,2026-08-09T09:20:11.239049+00:00
open_ended_027,google/gemma-2-2b,14,open_ended,3.014,0.634,2026-08-09T09:20:11.239049+00:00
open_ended_028,google/gemma-2-2b,11,open_ended,2.94,0.655,2026-08-09T09:20:11.239049+00:00
open_ended_028,google/gemma-2-2b,12,open_ended,2.95,0.65,2026-08-09T09:20:11.239049+00:00
open_ended_028,google/gemma-2-2b,13,open_ended,2.96,0.645,2026-08-09T09:20:11.239049+00:00
open_ended_028,google/gemma-2-2b,14,open_ended,2.97,0.64,2026-08-09T09:20:11.239049+00:00
open_ended_029,google/gemma-2-2b,11,open_ended,2.979,0.644,2026-08-09T09:20:11.239049+00:00
open_ended_029,google/gemma-2-2b,12,open_ended,2.989,0.639,2026-08-09T09:20:11.239049+00:00
open_ended_029,google/gemma-2-2b,13,open_ended,2.999,0.634,2026-08-09T09:20:11.239049+00:00
open_ended_029,google/gemma-2-2b,14,open_ended,3.009,0.629,2026-08-09T09:20:11.239049+00:00
open_ended_030,google/gemma-2-2b,11,open_ended,2.94,0.655,2026-08-09T09:20:11.239049+00:00
open_ended_030,google/gemma-2-2b,12,open_ended,2.95,0.65,2026-08-09T09:20:11.239049+00:00
open_ended_030,google/gemma-2-2b,13,open_ended,2.96,0.645,2026-08-09T09:20:11.239049+00:00
open_ended_030,google/gemma-2-2b,14,open_ended,2.97,0.64,2026-08-09T09:20:11.239049+00:00
open_ended_031,google/gemma-2-2b,11,open_ended,2.921,0.636,2026-08-09T09:20:11.239049+00:00
open_ended_031,google/gemma-2-2b,12,open_ended,2.931,0.631,2026-08-09T09:20:11.239049+00:00
open_ended_031,google/gemma-2-2b,13,open_ended,2.941,0.626,2026-08-09T09:20:11.239049+00:00
open_ended_031,google/gemma-2-2b,14,open_ended,2.951,0.621,2026-08-09T09:20:11.239049+00:00
open_ended_032,google/gemma-2-2b,11,open_ended,2.995,0.66,2026-08-09T09:20:11.239049+00:00
open_ended_032,google/gemma-2-2b,12,open_ended,3.005,0.655,2026-08-09T09:20:11.239049+00:00
open_ended_032,google/gemma-2-2b,13,open_ended,3.015,0.65,2026-08-09T09:20:11.239049+00:00
open_ended_032,google/gemma-2-2b,14,open_ended,3.025,0.645,2026-08-09T09:20:11.239049+00:00
open_ended_033,google/gemma-2-2b,11,open_ended,2.927,0.642,2026-08-09T09:20:11.239049+00:00
open_ended_033,google/gemma-2-2b,12,open_ended,2.937,0.637,2026-08-09T09:20:11.239049+00:00
open_ended_033,google/gemma-2-2b,13,open_ended,2.947,0.632,2026-08-09T09:20:11.239049+00:00
open_ended_033,google/gemma-2-2b,14,open_ended,2.957,0.627,2026-08-09T09:20:11.239049+00:00
open_ended_034,google/gemma-2-2b,11,open_ended,2.969,0.634,2026-08-09T09:20:11.239049+00:00
open_ended_034,google/gemma-2-2b,12,open_ended,2.979,0.629,2026-08-09T09:20:11.239049+00:00
open_ended_034,google/gemma-2-2b,13,open_ended,2.989,0.624,2026-08-09T09:20:11.239049+00:00
open_ended_034,google/gemma-2-2b,14,open_ended,2.999,0.619,2026-08-09T09:20:11.239049+00:00
open_ended_035,google/gemma-2-2b,11,open_ended,2.91,0.625,2026-08-09T09:20:11.239049+00:00
open_ended_035,google/gemma-2-2b,12,open_ended,2.92,0.62,2026-08-09T09:20:11.239049+00:00
open_ended_035,google/gemma-2-2b,13,open_ended,2.93,0.615,2026-08-09T09:20:11.239049+00:00
open_ended_035,google/gemma-2-2b,14,open_ended,2.94,0.61,2026-08-09T09:20:11.239049+00:00
open_ended_036,google/gemma-2-2b,11,open_ended,2.953,0.668,2026-08-09T09:20:11.239049+00:00
open_ended_036,google/gemma-2-2b,12,open_ended,2.963,0.663,2026-08-09T09:20:11.239049+00:00
open_ended_036,google/gemma-2-2b,13,open_ended,2.973,0.658,2026-08-09T09:20:11.239049+00:00
open_ended_036,google/gemma-2-2b,14,open_ended,2.983,0.653,2026-08-09T09:20:11.239049+00:00
open_ended_037,google/gemma-2-2b,11,open_ended,2.915,0.63,2026-08-09T09:20:11.239049+00:00
open_ended_037,google/gemma-2-2b,12,open_ended,2.925,0.625,2026-08-09T09:20:11.239049+00:00
open_ended_037,google/gemma-2-2b,13,open_ended,2.935,0.62,2026-08-09T09:20:11.239049+00:00
open_ended_037,google/gemma-2-2b,14,open_ended,2.945,0.615,2026-08-09T09:20:11.239049+00:00
open_ended_038,google/gemma-2-2b,11,open_ended,2.991,0.656,2026-08-09T09:20:11.239049+00:00
open_ended_038,google/gemma-2-2b,12,open_ended,3.001,0.651,2026-08-09T09:20:11.239049+00:00
open_ended_038,google/gemma-2-2b,13,open_ended,3.011,0.646,2026-08-09T09:20:11.239049+00:00
open_ended_038,google/gemma-2-2b,14,open_ended,3.021,0.641,2026-08-09T09:20:11.239049+00:00
open_ended_039,google/gemma-2-2b,11,open_ended,2.957,0.672,2026-08-09T09:20:11.239049+00:00
open_ended_039,google/gemma-2-2b,12,open_ended,2.967,0.667,2026-08-09T09:20:11.239049+00:00
open_ended_039,google/gemma-2-2b,13,open_ended,2.977,0.662,2026-08-09T09:20:11.239049+00:00
open_ended_039,google/gemma-2-2b,14,open_ended,2.987,0.657,2026-08-09T09:20:11.239049+00:00
open_ended_040,google/gemma-2-2b,11,open_ended,2.983,0.648,2026-08-09T09:20:11.239049+00:00
open_ended_040,google/gemma-2-2b,12,open_ended,2.993,0.643,2026-08-09T09:20:11.239049+00:00
open_ended_040,google/gemma-2-2b,13,open_ended,3.003,0.638,2026-08-09T09:20:11.239049+00:00
open_ended_040,google/gemma-2-2b,14,open_ended,3.013,0.633,2026-08-09T09:20:11.239049+00:00
open_ended_041,google/gemma-2-2b,11,open_ended,2.941,0.656,2026-08-09T09:20:11.239049+00:00
open_ended_041,google/gemma-2-2b,12,open_ended,2.951,0.651,2026-08-09T09:20:11.239049+00:00
open_ended_041,google/gemma-2-2b,13,open_ended,2.961,0.646,2026-08-09T09:20:11.239049+00:00
open_ended_041,google/gemma-2-2b,14,open_ended,2.971,0.641,2026-08-09T09:20:11.239049+00:00
open_ended_042,google/gemma-2-2b,11,open_ended,2.911,0.626,2026-08-09T09:20:11.239049+00:00
open_ended_042,google/gemma-2-2b,12,open_ended,2.921,0.621,2026-08-09T09:20:11.239049+00:00
open_ended_042,google/gemma-2-2b,13,open_ended,2.931,0.616,2026-08-09T09:20:11.239049+00:00
open_ended_042,google/gemma-2-2b,14,open_ended,2.941,0.611,2026-08-09T09:20:11.239049+00:00
open_ended_043,google/gemma-2-2b,11,open_ended,2.912,0.627,2026-08-09T09:20:11.239049+00:00
open_ended_043,google/gemma-2-2b,12,open_ended,2.922,0.622,2026-08-09T09:20:11.239049+00:00
open_ended_043,google/gemma-2-2b,13,open_ended,2.932,0.617,2026-08-09T09:20:11.239049+00:00
open_ended_043,google/gemma-2-2b,14,open_ended,2.942,0.612,2026-08-09T09:20:11.239049+00:00
open_ended_044,google/gemma-2-2b,11,open_ended,2.96,0.625,2026-08-09T09:20:11.239049+00:00
open_ended_044,google/gemma-2-2b,12,open_ended,2.97,0.62,2026-08-09T09:20:11.239049+00:00
open_ended_044,google/gemma-2-2b,13,open_ended,2.98,0.615,2026-08-09T09:20:11.239049+00:00
open_ended_044,google/gemma-2-2b,14,open_ended,2.99,0.61,2026-08-09T09:20:11.239049+00:00
open_ended_045,google/gemma-2-2b,11,open_ended,2.988,0.653,2026-08-09T09:20:11.239049+00:00
open_ended_045,google/gemma-2-2b,12,open_ended,2.998,0.648,2026-08-09T09:20:11.239049+00:00
open_ended_045,google/gemma-2-2b,13,open_ended,3.008,0.643,2026-08-09T09:20:11.239049+00:00
open_ended_045,google/gemma-2-2b,14,open_ended,3.018,0.638,2026-08-09T09:20:11.239049+00:00
open_ended_046,google/gemma-2-2b,11,open_ended,2.92,0.635,2026-08-09T09:20:11.239049+00:00
open_ended_046,google/gemma-2-2b,12,open_ended,2.93,0.63,2026-08-09T09:20:11.239049+00:00
open_ended_046,google/gemma-2-2b,13,open_ended,2.94,0.625,2026-08-09T09:20:11.239049+00:00
open_ended_046,google/gemma-2-2b,14,open_ended,2.95,0.62,2026-08-09T09:20:11.239049+00:00
open_ended_047,google/gemma-2-2b,11,open_ended,2.925,0.64,2026-08-09T09:20:11.239049+00:00
open_ended_047,google/gemma-2-2b,12,open_ended,2.935,0.635,2026-08-09T09:20:11.239049+00:00
open_ended_047,google/gemma-2-2b,13,open_ended,2.945,0.63,2026-08-09T09:20:11.239049+00:00
open_ended_047,google/gemma-2-2b,14,open_ended,2.955,0.625,2026-08-09T09:20:11.239049+00:00
open_ended_048,google/gemma-2-2b,11,open_ended,2.929,0.644,2026-08-09T09:20:11.239049+00:00
open_ended_048,google/gemma-2-2b,12,open_ended,2.939,0.639,2026-08-09T09:20:11.239049+00:00
open_ended_048,google/gemma-2-2b,13,open_ended,2.949,0.634,2026-08-09T09:20:11.239049+00:00
open_ended_048,google/gemma-2-2b,14,open_ended,2.959,0.629,2026-08-09T09:20:11.239049+00:00
open_ended_049,google/gemma-2-2b,11,open_ended,2.945,0.66,2026-08-09T09:20:11.239049+00:00
open_ended_049,google/gemma-2-2b,12,open_ended,2.955,0.655,2026-08-09T09:20:11.239049+00:00
open_ended_049,google/gemma-2-2b,13,open_ended,2.965,0.65,2026-08-09T09:20:11.239049+00:00
open_ended_049,google/gemma-2-2b,14,open_ended,2.975,0.645,2026-08-09T09:20:11.239049+00:00
open_ended_050,google/gemma-2-2b,11,open_ended,2.966,0.631,2026-08-09T09:20:11.239049+00:00
open_ended_050,google/gemma-2-2b,12,open_ended,2.976,0.626,2026-08-09T09:20:11.239049+00:00
open_ended_050,google/gemma-2-2b,13,open_ended,2.986,0.621,2026-08-09T09:20:11.239049+00:00
open_ended_050,google/gemma-2-2b,14,open_ended,2.996,0.616,2026-08-09T09:20:11.239049+00:00
adversarial_ambiguous_001,google/gemma-2-2b,11,adversarial_ambiguous,1.538,0.783,2026-08-09T09:20:11.239049+00:00
adversarial_ambiguous_001,google/gemma-2-2b,12,adversarial_ambiguous,1.548,0.778,2026-08-09T09:20:11.239049+00:00
adversarial_ambiguous_001,google/gemma-2-2b,13,adversarial_ambiguous,1.558,0.773,2026-08-09T09:20:11.239049+00:00
adversarial_ambiguous_001,google/gemma-2-2b,14,adversarial_ambiguous,1.568,0.768,2026-08-09T09:20:11.239049+00:00
adversarial_ambiguous_002,google/gemma-2-2b,11,adversarial_ambiguous,1.575,0.77,2026-08-09T09:20:11.239049+00:00
adversarial_ambiguous_002,google/gemma-2-2b,12,adversarial_ambiguous,1.585,0.765,2026-08-09T09:20:11.239049+00:00
adversarial_ambiguous_002,google/gemma-2-2b,13,adversarial_ambiguous,1.595,0.76,2026-08-09T09:20:11.239049+00:00
adversarial_ambiguous_002,google/gemma-2-2b,14,adversarial_ambiguous,1.605,0.755,2026-08-09T09:20:11.239049+00:00
adversarial_ambiguous_003,google/gemma-2-2b,11,adversarial_ambiguous,1.588,0.783,2026-08-09T09:20:11.239049+00:00
adversarial_ambiguous_003,google/gemma-2-2b,12,adversarial_ambiguous,1.598,0.778,2026-08-09T09:20:11.239049+00:00
adversarial_ambiguous_003,google/gemma-2-2b,13,adversarial_ambiguous,1.608,0.773,2026-08-09T09:20:11.239049+00:00
adversarial_ambiguous_003,google/gemma-2-2b,14,adversarial_ambiguous,1.618,0.768,2026-08-09T09:20:11.239049+00:00
adversarial_ambiguous_004,google/gemma-2-2b,11,adversarial_ambiguous,1.512,0.757,2026-08-09T09:20:11.239049+00:00
adversarial_ambiguous_004,google/gemma-2-2b,12,adversarial_ambiguous,1.522,0.752,2026-08-09T09:20:11.239049+00:00
adversarial_ambiguous_004,google/gemma-2-2b,13,adversarial_ambiguous,1.532,0.747,2026-08-09T09:20:11.239049+00:00
adversarial_ambiguous_004,google/gemma-2-2b,14,adversarial_ambiguous,1.542,0.742,2026-08-09T09:20:11.239049+00:00
adversarial_ambiguous_005,google/gemma-2-2b,11,adversarial_ambiguous,1.581,0.776,2026-08-09T09:20:11.239049+00:00
adversarial_ambiguous_005,google/gemma-2-2b,12,adversarial_ambiguous,1.591,0.771,2026-08-09T09:20:11.239049+00:00
adversarial_ambiguous_005,google/gemma-2-2b,13,adversarial_ambiguous,1.601,0.766,2026-08-09T09:20:11.239049+00:00
adversarial_ambiguous_005,google/gemma-2-2b,14,adversarial_ambiguous,1.611,0.761,2026-08-09T09:20:11.239049+00:00
adversarial_ambiguous_006,google/gemma-2-2b,11,adversarial_ambiguous,1.526,0.771,2026-08-09T09:20:11.239049+00:00
adversarial_ambiguous_006,google/gemma-2-2b,12,adversarial_ambiguous,1.536,0.766,2026-08-09T09:20:11.239049+00:00
adversarial_ambiguous_006,google/gemma-2-2b,13,adversarial_ambiguous,1.546,0.761,2026-08-09T09:20:11.239049+00:00
adversarial_ambiguous_006,google/gemma-2-2b,14,adversarial_ambiguous,1.556,0.756,2026-08-09T09:20:11.239049+00:00
adversarial_ambiguous_007,google/gemma-2-2b,11,adversarial_ambiguous,1.526,0.771,2026-08-09T09:20:11.239049+00:00
adversarial_ambiguous_007,google/gemma-2-2b,12,adversarial_ambiguous,1.536,0.766,2026-08-09T09:20:11.239049+00:00
adversarial_ambiguous_007,google/gemma-2-2b,13,adversarial_ambiguous,1.546,0.761,2026-08-09T09:20:11.239049+00:00
adversarial_ambiguous_007,google/gemma-2-2b,14,adversarial_ambiguous,1.556,0.756,2026-08-09T09:20:11.239049+00:00
adversarial_ambiguous_008,google/gemma-2-2b,11,adversarial_ambiguous,1.542,0.787,2026-08-09T09:20:11.239049+00:00
adversarial_ambiguous_008,google/gemma-2-2b,12,adversarial_ambiguous,1.552,0.782,2026-08-09T09:20:11.239049+00:00
adversarial_ambiguous_008,google/gemma-2-2b,13,adversarial_ambiguous,1.562,0.777,2026-08-09T09:20:11.239049+00:00
adversarial_ambiguous_008,google/gemma-2-2b,14,adversarial_ambiguous,1.572,0.772,2026-08-09T09:20:11.239049+00:00
adversarial_ambiguous_009,google/gemma-2-2b,11,adversarial_ambiguous,1.57,0.765,2026-08-09T09:20:11.239049+00:00
adversarial_ambiguous_009,google/gemma-2-2b,12,adversarial_ambiguous,1.58,0.76,2026-08-09T09:20:11.239049+00:00
adversarial_ambiguous_009,google/gemma-2-2b,13,adversarial_ambiguous,1.59,0.755,2026-08-09T09:20:11.239049+00:00
adversarial_ambiguous_009,google/gemma-2-2b,14,adversarial_ambiguous,1.6,0.75,2026-08-09T09:20:11.239049+00:00
adversarial_ambiguous_010,google/gemma-2-2b,11,adversarial_ambiguous,1.514,0.759,2026-08-09T09:20:11.239049+00:00
adversarial_ambiguous_010,google/gemma-2-2b,12,adversarial_ambiguous,1.524,0.754,2026-08-09T09:20:11.239049+00:00
adversarial_ambiguous_010,google/gemma-2-2b,13,adversarial_ambiguous,1.534,0.749,2026-08-09T09:20:11.239049+00:00
adversarial_ambiguous_010,google/gemma-2-2b,14,adversarial_ambiguous,1.544,0.744,2026-08-09T09:20:11.239049+00:00
adversarial_ambiguous_011,google/gemma-2-2b,11,adversarial_ambiguous,1.575,0.77,2026-08-09T09:20:11.239049+00:00
adversarial_ambiguous_011,google/gemma-2-2b,12,adversarial_ambiguous,1.585,0.765,2026-08-09T09:20:11.239049+00:00
adversarial_ambiguous_011,google/gemma-2-2b,13,adversarial_ambiguous,1.595,0.76,2026-08-09T09:20:11.239049+00:00
adversarial_ambiguous_011,google/gemma-2-2b,14,adversarial_ambiguous,1.605,0.755,2026-08-09T09:20:11.239049+00:00
adversarial_ambiguous_012,google/gemma-2-2b,11,adversarial_ambiguous,1.521,0.766,2026-08-09T09:20:11.239049+00:00
adversarial_ambiguous_012,google/gemma-2-2b,12,adversarial_ambiguous,1.531,0.761,2026-08-09T09:20:11.239049+00:00
adversarial_ambiguous_012,google/gemma-2-2b,13,adversarial_ambiguous,1.541,0.756,2026-08-09T09:20:11.239049+00:00
adversarial_ambiguous_012,google/gemma-2-2b,14,adversarial_ambiguous,1.551,0.751,2026-08-09T09:20:11.239049+00:00
adversarial_ambiguous_013,google/gemma-2-2b,11,adversarial_ambiguous,1.572,0.767,2026-08-09T09:20:11.239049+00:00
adversarial_ambiguous_013,google/gemma-2-2b,12,adversarial_ambiguous,1.582,0.762,2026-08-09T09:20:11.239049+00:00
adversarial_ambiguous_013,google/gemma-2-2b,13,adversarial_ambiguous,1.592,0.757,2026-08-09T09:20:11.239049+00:00
adversarial_ambiguous_013,google/gemma-2-2b,14,adversarial_ambiguous,1.602,0.752,2026-08-09T09:20:11.239049+00:00
adversarial_ambiguous_014,google/gemma-2-2b,11,adversarial_ambiguous,1.518,0.763,2026-08-09T09:20:11.239049+00:00
adversarial_ambiguous_014,google/gemma-2-2b,12,adversarial_ambiguous,1.528,0.758,2026-08-09T09:20:11.239049+00:00
adversarial_ambiguous_014,google/gemma-2-2b,13,adversarial_ambiguous,1.538,0.753,2026-08-09T09:20:11.239049+00:00
adversarial_ambiguous_014,google/gemma-2-2b,14,adversarial_ambiguous,1.548,0.748,2026-08-09T09:20:11.239049+00:00
adversarial_ambiguous_015,google/gemma-2-2b,11,adversarial_ambiguous,1.54,0.785,2026-08-09T09:20:11.239049+00:00
adversarial_ambiguous_015,google/gemma-2-2b,12,adversarial_ambiguous,1.55,0.78,2026-08-09T09:20:11.239049+00:00
adversarial_ambiguous_015,google/gemma-2-2b,13,adversarial_ambiguous,1.56,0.775,2026-08-09T09:20:11.239049+00:00
adversarial_ambiguous_015,google/gemma-2-2b,14,adversarial_ambiguous,1.57,0.77,2026-08-09T09:20:11.239049+00:00
adversarial_ambiguous_016,google/gemma-2-2b,11,adversarial_ambiguous,1.531,0.776,2026-08-09T09:20:11.239049+00:00
adversarial_ambiguous_016,google/gemma-2-2b,12,adversarial_ambiguous,1.541,0.771,2026-08-09T09:20:11.239049+00:00
adversarial_ambiguous_016,google/gemma-2-2b,13,adversarial_ambiguous,1.551,0.766,2026-08-09T09:20:11.239049+00:00
adversarial_ambiguous_016,google/gemma-2-2b,14,adversarial_ambiguous,1.561,0.761,2026-08-09T09:20:11.239049+00:00
adversarial_ambiguous_017,google/gemma-2-2b,11,adversarial_ambiguous,1.512,0.757,2026-08-09T09:20:11.239049+00:00
adversarial_ambiguous_017,google/gemma-2-2b,12,adversarial_ambiguous,1.522,0.752,2026-08-09T09:20:11.239049+00:00
adversarial_ambiguous_017,google/gemma-2-2b,13,adversarial_ambiguous,1.532,0.747,2026-08-09T09:20:11.239049+00:00
adversarial_ambiguous_017,google/gemma-2-2b,14,adversarial_ambiguous,1.542,0.742,2026-08-09T09:20:11.239049+00:00
adversarial_ambiguous_018,google/gemma-2-2b,11,adversarial_ambiguous,1.547,0.792,2026-08-09T09:20:11.239049+00:00
adversarial_ambiguous_018,google/gemma-2-2b,12,adversarial_ambiguous,1.557,0.787,2026-08-09T09:20:11.239049+00:00
adversarial_ambiguous_018,google/gemma-2-2b,13,adversarial_ambiguous,1.567,0.782,2026-08-09T09:20:11.239049+00:00
adversarial_ambiguous_018,google/gemma-2-2b,14,adversarial_ambiguous,1.577,0.777,2026-08-09T09:20:11.239049+00:00
adversarial_ambiguous_019,google/gemma-2-2b,11,adversarial_ambiguous,1.529,0.774,2026-08-09T09:20:11.239049+00:00
adversarial_ambiguous_019,google/gemma-2-2b,12,adversarial_ambiguous,1.539,0.769,2026-08-09T09:20:11.239049+00:00
adversarial_ambiguous_019,google/gemma-2-2b,13,adversarial_ambiguous,1.549,0.764,2026-08-09T09:20:11.239049+00:00
adversarial_ambiguous_019,google/gemma-2-2b,14,adversarial_ambiguous,1.559,0.759,2026-08-09T09:20:11.239049+00:00
adversarial_ambiguous_020,google/gemma-2-2b,11,adversarial_ambiguous,1.583,0.778,2026-08-09T09:20:11.239049+00:00
adversarial_ambiguous_020,google/gemma-2-2b,12,adversarial_ambiguous,1.593,0.773,2026-08-09T09:20:11.239049+00:00
adversarial_ambiguous_020,google/gemma-2-2b,13,adversarial_ambiguous,1.603,0.768,2026-08-09T09:20:11.239049+00:00
adversarial_ambiguous_020,google/gemma-2-2b,14,adversarial_ambiguous,1.613,0.763,2026-08-09T09:20:11.239049+00:00
adversarial_ambiguous_021,google/gemma-2-2b,11,adversarial_ambiguous,1.557,0.802,2026-08-09T09:20:11.239049+00:00
adversarial_ambiguous_021,google/gemma-2-2b,12,adversarial_ambiguous,1.567,0.797,2026-08-09T09:20:11.239049+00:00
adversarial_ambiguous_021,google/gemma-2-2b,13,adversarial_ambiguous,1.577,0.792,2026-08-09T09:20:11.239049+00:00
adversarial_ambiguous_021,google/gemma-2-2b,14,adversarial_ambiguous,1.587,0.787,2026-08-09T09:20:11.239049+00:00
adversarial_ambiguous_022,google/gemma-2-2b,11,adversarial_ambiguous,1.55,0.795,2026-08-09T09:20:11.239049+00:00
adversarial_ambiguous_022,google/gemma-2-2b,12,adversarial_ambiguous,1.56,0.79,2026-08-09T09:20:11.239049+00:00
adversarial_ambiguous_022,google/gemma-2-2b,13,adversarial_ambiguous,1.57,0.785,2026-08-09T09:20:11.239049+00:00
adversarial_ambiguous_022,google/gemma-2-2b,14,adversarial_ambiguous,1.58,0.78,2026-08-09T09:20:11.239049+00:00
adversarial_ambiguous_023,google/gemma-2-2b,11,adversarial_ambiguous,1.574,0.769,2026-08-09T09:20:11.239049+00:00
adversarial_ambiguous_023,google/gemma-2-2b,12,adversarial_ambiguous,1.584,0.764,2026-08-09T09:20:11.239049+00:00
adversarial_ambiguous_023,google/gemma-2-2b,13,adversarial_ambiguous,1.594,0.759,2026-08-09T09:20:11.239049+00:00
adversarial_ambiguous_023,google/gemma-2-2b,14,adversarial_ambiguous,1.604,0.754,2026-08-09T09:20:11.239049+00:00
adversarial_ambiguous_024,google/gemma-2-2b,11,adversarial_ambiguous,1.559,0.804,2026-08-09T09:20:11.239049+00:00
adversarial_ambiguous_024,google/gemma-2-2b,12,adversarial_ambiguous,1.569,0.799,2026-08-09T09:20:11.239049+00:00
adversarial_ambiguous_024,google/gemma-2-2b,13,adversarial_ambiguous,1.579,0.794,2026-08-09T09:20:11.239049+00:00
adversarial_ambiguous_024,google/gemma-2-2b,14,adversarial_ambiguous,1.589,0.789,2026-08-09T09:20:11.239049+00:00
adversarial_ambiguous_025,google/gemma-2-2b,11,adversarial_ambiguous,1.569,0.764,2026-08-09T09:20:11.239049+00:00
adversarial_ambiguous_025,google/gemma-2-2b,12,adversarial_ambiguous,1.579,0.759,2026-08-09T09:20:11.239049+00:00
adversarial_ambiguous_025,google/gemma-2-2b,13,adversarial_ambiguous,1.589,0.754,2026-08-09T09:20:11.239049+00:00
adversarial_ambiguous_025,google/gemma-2-2b,14,adversarial_ambiguous,1.599,0.749,2026-08-09T09:20:11.239049+00:00
adversarial_ambiguous_026,google/gemma-2-2b,11,adversarial_ambiguous,1.58,0.775,2026-08-09T09:20:11.239049+00:00
adversarial_ambiguous_026,google/gemma-2-2b,12,adversarial_ambiguous,1.59,0.77,2026-08-09T09:20:11.239049+00:00
adversarial_ambiguous_026,google/gemma-2-2b,13,adversarial_ambiguous,1.6,0.765,2026-08-09T09:20:11.239049+00:00
adversarial_ambiguous_026,google/gemma-2-2b,14,adversarial_ambiguous,1.61,0.76,2026-08-09T09:20:11.239049+00:00
adversarial_ambiguous_027,google/gemma-2-2b,11,adversarial_ambiguous,1.538,0.783,2026-08-09T09:20:11.239049+00:00
adversarial_ambiguous_027,google/gemma-2-2b,12,adversarial_ambiguous,1.548,0.778,2026-08-09T09:20:11.239049+00:00
adversarial_ambiguous_027,google/gemma-2-2b,13,adversarial_ambiguous,1.558,0.773,2026-08-09T09:20:11.239049+00:00
adversarial_ambiguous_027,google/gemma-2-2b,14,adversarial_ambiguous,1.568,0.768,2026-08-09T09:20:11.239049+00:00
adversarial_ambiguous_028,google/gemma-2-2b,11,adversarial_ambiguous,1.563,0.758,2026-08-09T09:20:11.239049+00:00
adversarial_ambiguous_028,google/gemma-2-2b,12,adversarial_ambiguous,1.573,0.753,2026-08-09T09:20:11.239049+00:00
adversarial_ambiguous_028,google/gemma-2-2b,13,adversarial_ambiguous,1.583,0.748,2026-08-09T09:20:11.239049+00:00
adversarial_ambiguous_028,google/gemma-2-2b,14,adversarial_ambiguous,1.593,0.743,2026-08-09T09:20:11.239049+00:00
adversarial_ambiguous_029,google/gemma-2-2b,11,adversarial_ambiguous,1.513,0.758,2026-08-09T09:20:11.239049+00:00
adversarial_ambiguous_029,google/gemma-2-2b,12,adversarial_ambiguous,1.523,0.753,2026-08-09T09:20:11.239049+00:00
adversarial_ambiguous_029,google/gemma-2-2b,13,adversarial_ambiguous,1.533,0.748,2026-08-09T09:20:11.239049+00:00
adversarial_ambiguous_029,google/gemma-2-2b,14,adversarial_ambiguous,1.543,0.743,2026-08-09T09:20:11.239049+00:00
adversarial_ambiguous_030,google/gemma-2-2b,11,adversarial_ambiguous,1.609,0.804,2026-08-09T09:20:11.239049+00:00
adversarial_ambiguous_030,google/gemma-2-2b,12,adversarial_ambiguous,1.619,0.799,2026-08-09T09:20:11.239049+00:00
adversarial_ambiguous_030,google/gemma-2-2b,13,adversarial_ambiguous,1.629,0.794,2026-08-09T09:20:11.239049+00:00
adversarial_ambiguous_030,google/gemma-2-2b,14,adversarial_ambiguous,1.639,0.789,2026-08-09T09:20:11.239049+00:00
adversarial_ambiguous_031,google/gemma-2-2b,11,adversarial_ambiguous,1.538,0.783,2026-08-09T09:20:11.239049+00:00
adversarial_ambiguous_031,google/gemma-2-2b,12,adversarial_ambiguous,1.548,0.778,2026-08-09T09:20:11.239049+00:00
adversarial_ambiguous_031,google/gemma-2-2b,13,adversarial_ambiguous,1.558,0.773,2026-08-09T09:20:11.239049+00:00
adversarial_ambiguous_031,google/gemma-2-2b,14,adversarial_ambiguous,1.568,0.768,2026-08-09T09:20:11.239049+00:00
adversarial_ambiguous_032,google/gemma-2-2b,11,adversarial_ambiguous,1.551,0.796,2026-08-09T09:20:11.239049+00:00
adversarial_ambiguous_032,google/gemma-2-2b,12,adversarial_ambiguous,1.561,0.791,2026-08-09T09:20:11.239049+00:00
adversarial_ambiguous_032,google/gemma-2-2b,13,adversarial_ambiguous,1.571,0.786,2026-08-09T09:20:11.239049+00:00
adversarial_ambiguous_032,google/gemma-2-2b,14,adversarial_ambiguous,1.581,0.781,2026-08-09T09:20:11.239049+00:00
adversarial_ambiguous_033,google/gemma-2-2b,11,adversarial_ambiguous,1.596,0.791,2026-08-09T09:20:11.239049+00:00
adversarial_ambiguous_033,google/gemma-2-2b,12,adversarial_ambiguous,1.606,0.786,2026-08-09T09:20:11.239049+00:00
adversarial_ambiguous_033,google/gemma-2-2b,13,adversarial_ambiguous,1.616,0.781,2026-08-09T09:20:11.239049+00:00
adversarial_ambiguous_033,google/gemma-2-2b,14,adversarial_ambiguous,1.626,0.776,2026-08-09T09:20:11.239049+00:00
adversarial_ambiguous_034,google/gemma-2-2b,11,adversarial_ambiguous,1.518,0.763,2026-08-09T09:20:11.239049+00:00
adversarial_ambiguous_034,google/gemma-2-2b,12,adversarial_ambiguous,1.528,0.758,2026-08-09T09:20:11.239049+00:00
adversarial_ambiguous_034,google/gemma-2-2b,13,adversarial_ambiguous,1.538,0.753,2026-08-09T09:20:11.239049+00:00
adversarial_ambiguous_034,google/gemma-2-2b,14,adversarial_ambiguous,1.548,0.748,2026-08-09T09:20:11.239049+00:00
adversarial_ambiguous_035,google/gemma-2-2b,11,adversarial_ambiguous,1.554,0.799,2026-08-09T09:20:11.239049+00:00
adversarial_ambiguous_035,google/gemma-2-2b,12,adversarial_ambiguous,1.564,0.794,2026-08-09T09:20:11.239049+00:00
adversarial_ambiguous_035,google/gemma-2-2b,13,adversarial_ambiguous,1.574,0.789,2026-08-09T09:20:11.239049+00:00
adversarial_ambiguous_035,google/gemma-2-2b,14,adversarial_ambiguous,1.584,0.784,2026-08-09T09:20:11.239049+00:00
adversarial_ambiguous_036,google/gemma-2-2b,11,adversarial_ambiguous,1.566,0.761,2026-08-09T09:20:11.239049+00:00
adversarial_ambiguous_036,google/gemma-2-2b,12,adversarial_ambiguous,1.576,0.756,2026-08-09T09:20:11.239049+00:00
adversarial_ambiguous_036,google/gemma-2-2b,13,adversarial_ambiguous,1.586,0.751,2026-08-09T09:20:11.239049+00:00
adversarial_ambiguous_036,google/gemma-2-2b,14,adversarial_ambiguous,1.596,0.746,2026-08-09T09:20:11.239049+00:00
adversarial_ambiguous_037,google/gemma-2-2b,11,adversarial_ambiguous,1.559,0.804,2026-08-09T09:20:11.239049+00:00
adversarial_ambiguous_037,google/gemma-2-2b,12,adversarial_ambiguous,1.569,0.799,2026-08-09T09:20:11.239049+00:00
adversarial_ambiguous_037,google/gemma-2-2b,13,adversarial_ambiguous,1.579,0.794,2026-08-09T09:20:11.239049+00:00
adversarial_ambiguous_037,google/gemma-2-2b,14,adversarial_ambiguous,1.589,0.789,2026-08-09T09:20:11.239049+00:00
adversarial_ambiguous_038,google/gemma-2-2b,11,adversarial_ambiguous,1.547,0.792,2026-08-09T09:20:11.239049+00:00
adversarial_ambiguous_038,google/gemma-2-2b,12,adversarial_ambiguous,1.557,0.787,2026-08-09T09:20:11.239049+00:00
adversarial_ambiguous_038,google/gemma-2-2b,13,adversarial_ambiguous,1.567,0.782,2026-08-09T09:20:11.239049+00:00
adversarial_ambiguous_038,google/gemma-2-2b,14,adversarial_ambiguous,1.577,0.777,2026-08-09T09:20:11.239049+00:00
adversarial_ambiguous_039,google/gemma-2-2b,11,adversarial_ambiguous,1.554,0.799,2026-08-09T09:20:11.239049+00:00
adversarial_ambiguous_039,google/gemma-2-2b,12,adversarial_ambiguous,1.564,0.794,2026-08-09T09:20:11.239049+00:00
adversarial_ambiguous_039,google/gemma-2-2b,13,adversarial_ambiguous,1.574,0.789,2026-08-09T09:20:11.239049+00:00
adversarial_ambiguous_039,google/gemma-2-2b,14,adversarial_ambiguous,1.584,0.784,2026-08-09T09:20:11.239049+00:00
adversarial_ambiguous_040,google/gemma-2-2b,11,adversarial_ambiguous,1.607,0.802,2026-08-09T09:20:11.239049+00:00
adversarial_ambiguous_040,google/gemma-2-2b,12,adversarial_ambiguous,1.617,0.797,2026-08-09T09:20:11.239049+00:00
adversarial_ambiguous_040,google/gemma-2-2b,13,adversarial_ambiguous,1.627,0.792,2026-08-09T09:20:11.239049+00:00
adversarial_ambiguous_040,google/gemma-2-2b,14,adversarial_ambiguous,1.637,0.787,2026-08-09T09:20:11.239049+00:00
adversarial_ambiguous_041,google/gemma-2-2b,11,adversarial_ambiguous,1.595,0.79,2026-08-09T09:20:11.239049+00:00
adversarial_ambiguous_041,google/gemma-2-2b,12,adversarial_ambiguous,1.605,0.785,2026-08-09T09:20:11.239049+00:00
adversarial_ambiguous_041,google/gemma-2-2b,13,adversarial_ambiguous,1.615,0.78,2026-08-09T09:20:11.239049+00:00
adversarial_ambiguous_041,google/gemma-2-2b,14,adversarial_ambiguous,1.625,0.775,2026-08-09T09:20:11.239049+00:00
adversarial_ambiguous_042,google/gemma-2-2b,11,adversarial_ambiguous,1.58,0.775,2026-08-09T09:20:11.239049+00:00
adversarial_ambiguous_042,google/gemma-2-2b,12,adversarial_ambiguous,1.59,0.77,2026-08-09T09:20:11.239049+00:00
adversarial_ambiguous_042,google/gemma-2-2b,13,adversarial_ambiguous,1.6,0.765,2026-08-09T09:20:11.239049+00:00
adversarial_ambiguous_042,google/gemma-2-2b,14,adversarial_ambiguous,1.61,0.76,2026-08-09T09:20:11.239049+00:00
adversarial_ambiguous_043,google/gemma-2-2b,11,adversarial_ambiguous,1.545,0.79,2026-08-09T09:20:11.239049+00:00
adversarial_ambiguous_043,google/gemma-2-2b,12,adversarial_ambiguous,1.555,0.785,2026-08-09T09:20:11.239049+00:00
adversarial_ambiguous_043,google/gemma-2-2b,13,adversarial_ambiguous,1.565,0.78,2026-08-09T09:20:11.239049+00:00
adversarial_ambiguous_043,google/gemma-2-2b,14,adversarial_ambiguous,1.575,0.775,2026-08-09T09:20:11.239049+00:00
adversarial_ambiguous_044,google/gemma-2-2b,11,adversarial_ambiguous,1.534,0.779,2026-08-09T09:20:11.239049+00:00
adversarial_ambiguous_044,google/gemma-2-2b,12,adversarial_ambiguous,1.544,0.774,2026-08-09T09:20:11.239049+00:00
adversarial_ambiguous_044,google/gemma-2-2b,13,adversarial_ambiguous,1.554,0.769,2026-08-09T09:20:11.239049+00:00
adversarial_ambiguous_044,google/gemma-2-2b,14,adversarial_ambiguous,1.564,0.764,2026-08-09T09:20:11.239049+00:00
adversarial_ambiguous_045,google/gemma-2-2b,11,adversarial_ambiguous,1.58,0.775,2026-08-09T09:20:11.239049+00:00
adversarial_ambiguous_045,google/gemma-2-2b,12,adversarial_ambiguous,1.59,0.77,2026-08-09T09:20:11.239049+00:00
adversarial_ambiguous_045,google/gemma-2-2b,13,adversarial_ambiguous,1.6,0.765,2026-08-09T09:20:11.239049+00:00
adversarial_ambiguous_045,google/gemma-2-2b,14,adversarial_ambiguous,1.61,0.76,2026-08-09T09:20:11.239049+00:00
adversarial_ambiguous_046,google/gemma-2-2b,11,adversarial_ambiguous,1.522,0.767,2026-08-09T09:20:11.239049+00:00
adversarial_ambiguous_046,google/gemma-2-2b,12,adversarial_ambiguous,1.532,0.762,2026-08-09T09:20:11.239049+00:00
adversarial_ambiguous_046,google/gemma-2-2b,13,adversarial_ambiguous,1.542,0.757,2026-08-09T09:20:11.239049+00:00
adversarial_ambiguous_046,google/gemma-2-2b,14,adversarial_ambiguous,1.552,0.752,2026-08-09T09:20:11.239049+00:00
adversarial_ambiguous_047,google/gemma-2-2b,11,adversarial_ambiguous,1.589,0.784,2026-08-09T09:20:11.239049+00:00
adversarial_ambiguous_047,google/gemma-2-2b,12,adversarial_ambiguous,1.599,0.779,2026-08-09T09:20:11.239049+00:00
adversarial_ambiguous_047,google/gemma-2-2b,13,adversarial_ambiguous,1.609,0.774,2026-08-09T09:20:11.239049+00:00
adversarial_ambiguous_047,google/gemma-2-2b,14,adversarial_ambiguous,1.619,0.769,2026-08-09T09:20:11.239049+00:00
adversarial_ambiguous_048,google/gemma-2-2b,11,adversarial_ambiguous,1.521,0.766,2026-08-09T09:20:11.239049+00:00
adversarial_ambiguous_048,google/gemma-2-2b,12,adversarial_ambiguous,1.531,0.761,2026-08-09T09:20:11.239049+00:00
adversarial_ambiguous_048,google/gemma-2-2b,13,adversarial_ambiguous,1.541,0.756,2026-08-09T09:20:11.239049+00:00
adversarial_ambiguous_048,google/gemma-2-2b,14,adversarial_ambiguous,1.551,0.751,2026-08-09T09:20:11.239049+00:00
adversarial_ambiguous_049,google/gemma-2-2b,11,adversarial_ambiguous,1.581,0.776,2026-08-09T09:20:11.239049+00:00
adversarial_ambiguous_049,google/gemma-2-2b,12,adversarial_ambiguous,1.591,0.771,2026-08-09T09:20:11.239049+00:00
adversarial_ambiguous_049,google/gemma-2-2b,13,adversarial_ambiguous,1.601,0.766,2026-08-09T09:20:11.239049+00:00
adversarial_ambiguous_049,google/gemma-2-2b,14,adversarial_ambiguous,1.611,0.761,2026-08-09T09:20:11.239049+00:00
adversarial_ambiguous_050,google/gemma-2-2b,11,adversarial_ambiguous,1.608,0.803,2026-08-09T09:20:11.239049+00:00
adversarial_ambiguous_050,google/gemma-2-2b,12,adversarial_ambiguous,1.618,0.798,2026-08-09T09:20:11.239049+00:00
adversarial_ambiguous_050,google/gemma-2-2b,13,adversarial_ambiguous,1.628,0.793,2026-08-09T09:20:11.239049+00:00
adversarial_ambiguous_050,google/gemma-2-2b,14,adversarial_ambiguous,1.638,0.788,2026-08-09T09:20:11.239049+00:00
constrained_factual_001,gpt2,5,constrained_factual,0.431,0.864,2026-08-09T09:20:11.267455+00:00
constrained_factual_001,gpt2,6,constrained_factual,0.441,0.859,2026-08-09T09:20:11.267455+00:00
constrained_factual_001,gpt2,7,constrained_factual,0.451,0.854,2026-08-09T09:20:11.267455+00:00
constrained_factual_001,gpt2,8,constrained_factual,0.461,0.849,2026-08-09T09:20:11.267455+00:00
constrained_factual_002,gpt2,5,constrained_factual,0.418,0.877,2026-08-09T09:20:11.267455+00:00
constrained_factual_002,gpt2,6,constrained_factual,0.428,0.872,2026-08-09T09:20:11.267455+00:00
constrained_factual_002,gpt2,7,constrained_factual,0.438,0.867,2026-08-09T09:20:11.267455+00:00
constrained_factual_002,gpt2,8,constrained_factual,0.448,0.862,2026-08-09T09:20:11.267455+00:00
constrained_factual_003,gpt2,5,constrained_factual,0.458,0.887,2026-08-09T09:20:11.267455+00:00
constrained_factual_003,gpt2,6,constrained_factual,0.468,0.882,2026-08-09T09:20:11.267455+00:00
constrained_factual_003,gpt2,7,constrained_factual,0.478,0.877,2026-08-09T09:20:11.267455+00:00
constrained_factual_003,gpt2,8,constrained_factual,0.488,0.872,2026-08-09T09:20:11.267455+00:00
constrained_factual_004,gpt2,5,constrained_factual,0.416,0.879,2026-08-09T09:20:11.267455+00:00
constrained_factual_004,gpt2,6,constrained_factual,0.426,0.874,2026-08-09T09:20:11.267455+00:00
constrained_factual_004,gpt2,7,constrained_factual,0.436,0.869,2026-08-09T09:20:11.267455+00:00
constrained_factual_004,gpt2,8,constrained_factual,0.446,0.864,2026-08-09T09:20:11.267455+00:00
constrained_factual_005,gpt2,5,constrained_factual,0.426,0.869,2026-08-09T09:20:11.267455+00:00
constrained_factual_005,gpt2,6,constrained_factual,0.436,0.864,2026-08-09T09:20:11.267455+00:00
constrained_factual_005,gpt2,7,constrained_factual,0.446,0.859,2026-08-09T09:20:11.267455+00:00
constrained_factual_005,gpt2,8,constrained_factual,0.456,0.854,2026-08-09T09:20:11.267455+00:00
constrained_factual_006,gpt2,5,constrained_factual,0.45,0.895,2026-08-09T09:20:11.267455+00:00
constrained_factual_006,gpt2,6,constrained_factual,0.46,0.89,2026-08-09T09:20:11.267455+00:00
constrained_factual_006,gpt2,7,constrained_factual,0.47,0.885,2026-08-09T09:20:11.267455+00:00
constrained_factual_006,gpt2,8,constrained_factual,0.48,0.88,2026-08-09T09:20:11.267455+00:00
constrained_factual_007,gpt2,5,constrained_factual,0.467,0.878,2026-08-09T09:20:11.267455+00:00
constrained_factual_007,gpt2,6,constrained_factual,0.477,0.873,2026-08-09T09:20:11.267455+00:00
constrained_factual_007,gpt2,7,constrained_factual,0.487,0.868,2026-08-09T09:20:11.267455+00:00
constrained_factual_007,gpt2,8,constrained_factual,0.497,0.863,2026-08-09T09:20:11.267455+00:00
constrained_factual_008,gpt2,5,constrained_factual,0.445,0.85,2026-08-09T09:20:11.267455+00:00
constrained_factual_008,gpt2,6,constrained_factual,0.455,0.845,2026-08-09T09:20:11.267455+00:00
constrained_factual_008,gpt2,7,constrained_factual,0.465,0.84,2026-08-09T09:20:11.267455+00:00
constrained_factual_008,gpt2,8,constrained_factual,0.475,0.835,2026-08-09T09:20:11.267455+00:00
constrained_factual_009,gpt2,5,constrained_factual,0.479,0.866,2026-08-09T09:20:11.267455+00:00
constrained_factual_009,gpt2,6,constrained_factual,0.489,0.861,2026-08-09T09:20:11.267455+00:00
constrained_factual_009,gpt2,7,constrained_factual,0.499,0.856,2026-08-09T09:20:11.267455+00:00
constrained_factual_009,gpt2,8,constrained_factual,0.509,0.851,2026-08-09T09:20:11.267455+00:00
constrained_factual_010,gpt2,5,constrained_factual,0.423,0.872,2026-08-09T09:20:11.267455+00:00
constrained_factual_010,gpt2,6,constrained_factual,0.433,0.867,2026-08-09T09:20:11.267455+00:00
constrained_factual_010,gpt2,7,constrained_factual,0.443,0.862,2026-08-09T09:20:11.267455+00:00
constrained_factual_010,gpt2,8,constrained_factual,0.453,0.857,2026-08-09T09:20:11.267455+00:00
constrained_factual_011,gpt2,5,constrained_factual,0.421,0.874,2026-08-09T09:20:11.267455+00:00
constrained_factual_011,gpt2,6,constrained_factual,0.431,0.869,2026-08-09T09:20:11.267455+00:00
constrained_factual_011,gpt2,7,constrained_factual,0.441,0.864,2026-08-09T09:20:11.267455+00:00
constrained_factual_011,gpt2,8,constrained_factual,0.451,0.859,2026-08-09T09:20:11.267455+00:00
constrained_factual_012,gpt2,5,constrained_factual,0.42,0.875,2026-08-09T09:20:11.267455+00:00
constrained_factual_012,gpt2,6,constrained_factual,0.43,0.87,2026-08-09T09:20:11.267455+00:00
constrained_factual_012,gpt2,7,constrained_factual,0.44,0.865,2026-08-09T09:20:11.267455+00:00
constrained_factual_012,gpt2,8,constrained_factual,0.45,0.86,2026-08-09T09:20:11.267455+00:00
constrained_factual_013,gpt2,5,constrained_factual,0.455,0.89,2026-08-09T09:20:11.267455+00:00
constrained_factual_013,gpt2,6,constrained_factual,0.465,0.885,2026-08-09T09:20:11.267455+00:00
constrained_factual_013,gpt2,7,constrained_factual,0.475,0.88,2026-08-09T09:20:11.267455+00:00
constrained_factual_013,gpt2,8,constrained_factual,0.485,0.875,2026-08-09T09:20:11.267455+00:00
constrained_factual_014,gpt2,5,constrained_factual,0.479,0.866,2026-08-09T09:20:11.267455+00:00
constrained_factual_014,gpt2,6,constrained_factual,0.489,0.861,2026-08-09T09:20:11.267455+00:00
constrained_factual_014,gpt2,7,constrained_factual,0.499,0.856,2026-08-09T09:20:11.267455+00:00
constrained_factual_014,gpt2,8,constrained_factual,0.509,0.851,2026-08-09T09:20:11.267455+00:00
constrained_factual_015,gpt2,5,constrained_factual,0.419,0.876,2026-08-09T09:20:11.267455+00:00
constrained_factual_015,gpt2,6,constrained_factual,0.429,0.871,2026-08-09T09:20:11.267455+00:00
constrained_factual_015,gpt2,7,constrained_factual,0.439,0.866,2026-08-09T09:20:11.267455+00:00
constrained_factual_015,gpt2,8,constrained_factual,0.449,0.861,2026-08-09T09:20:11.267455+00:00
constrained_factual_016,gpt2,5,constrained_factual,0.452,0.893,2026-08-09T09:20:11.267455+00:00
constrained_factual_016,gpt2,6,constrained_factual,0.462,0.888,2026-08-09T09:20:11.267455+00:00
constrained_factual_016,gpt2,7,constrained_factual,0.472,0.883,2026-08-09T09:20:11.267455+00:00
constrained_factual_016,gpt2,8,constrained_factual,0.482,0.878,2026-08-09T09:20:11.267455+00:00
constrained_factual_017,gpt2,5,constrained_factual,0.428,0.867,2026-08-09T09:20:11.267455+00:00
constrained_factual_017,gpt2,6,constrained_factual,0.438,0.862,2026-08-09T09:20:11.267455+00:00
constrained_factual_017,gpt2,7,constrained_factual,0.448,0.857,2026-08-09T09:20:11.267455+00:00
constrained_factual_017,gpt2,8,constrained_factual,0.458,0.852,2026-08-09T09:20:11.267455+00:00
constrained_factual_018,gpt2,5,constrained_factual,0.414,0.881,2026-08-09T09:20:11.267455+00:00
constrained_factual_018,gpt2,6,constrained_factual,0.424,0.876,2026-08-09T09:20:11.267455+00:00
constrained_factual_018,gpt2,7,constrained_factual,0.434,0.871,2026-08-09T09:20:11.267455+00:00
constrained_factual_018,gpt2,8,constrained_factual,0.444,0.866,2026-08-09T09:20:11.267455+00:00
constrained_factual_019,gpt2,5,constrained_factual,0.473,0.872,2026-08-09T09:20:11.267455+00:00
constrained_factual_019,gpt2,6,constrained_factual,0.483,0.867,2026-08-09T09:20:11.267455+00:00
constrained_factual_019,gpt2,7,constrained_factual,0.493,0.862,2026-08-09T09:20:11.267455+00:00
constrained_factual_019,gpt2,8,constrained_factual,0.503,0.857,2026-08-09T09:20:11.267455+00:00
constrained_factual_020,gpt2,5,constrained_factual,0.465,0.88,2026-08-09T09:20:11.267455+00:00
constrained_factual_020,gpt2,6,constrained_factual,0.475,0.875,2026-08-09T09:20:11.267455+00:00
constrained_factual_020,gpt2,7,constrained_factual,0.485,0.87,2026-08-09T09:20:11.267455+00:00
constrained_factual_020,gpt2,8,constrained_factual,0.495,0.865,2026-08-09T09:20:11.267455+00:00
constrained_factual_021,gpt2,5,constrained_factual,0.491,0.854,2026-08-09T09:20:11.267455+00:00
constrained_factual_021,gpt2,6,constrained_factual,0.501,0.849,2026-08-09T09:20:11.267455+00:00
constrained_factual_021,gpt2,7,constrained_factual,0.511,0.844,2026-08-09T09:20:11.267455+00:00
constrained_factual_021,gpt2,8,constrained_factual,0.521,0.839,2026-08-09T09:20:11.267455+00:00
constrained_factual_022,gpt2,5,constrained_factual,0.498,0.847,2026-08-09T09:20:11.267455+00:00
constrained_factual_022,gpt2,6,constrained_factual,0.508,0.842,2026-08-09T09:20:11.267455+00:00
constrained_factual_022,gpt2,7,constrained_factual,0.518,0.837,2026-08-09T09:20:11.267455+00:00
constrained_factual_022,gpt2,8,constrained_factual,0.528,0.832,2026-08-09T09:20:11.267455+00:00
constrained_factual_023,gpt2,5,constrained_factual,0.498,0.847,2026-08-09T09:20:11.267455+00:00
constrained_factual_023,gpt2,6,constrained_factual,0.508,0.842,2026-08-09T09:20:11.267455+00:00
constrained_factual_023,gpt2,7,constrained_factual,0.518,0.837,2026-08-09T09:20:11.267455+00:00
constrained_factual_023,gpt2,8,constrained_factual,0.528,0.832,2026-08-09T09:20:11.267455+00:00
constrained_factual_024,gpt2,5,constrained_factual,0.415,0.88,2026-08-09T09:20:11.267455+00:00
constrained_factual_024,gpt2,6,constrained_factual,0.425,0.875,2026-08-09T09:20:11.267455+00:00
constrained_factual_024,gpt2,7,constrained_factual,0.435,0.87,2026-08-09T09:20:11.267455+00:00
constrained_factual_024,gpt2,8,constrained_factual,0.445,0.865,2026-08-09T09:20:11.267455+00:00
constrained_factual_025,gpt2,5,constrained_factual,0.422,0.873,2026-08-09T09:20:11.267455+00:00
constrained_factual_025,gpt2,6,constrained_factual,0.432,0.868,2026-08-09T09:20:11.267455+00:00
constrained_factual_025,gpt2,7,constrained_factual,0.442,0.863,2026-08-09T09:20:11.267455+00:00
constrained_factual_025,gpt2,8,constrained_factual,0.452,0.858,2026-08-09T09:20:11.267455+00:00
constrained_factual_026,gpt2,5,constrained_factual,0.435,0.86,2026-08-09T09:20:11.267455+00:00
constrained_factual_026,gpt2,6,constrained_factual,0.445,0.855,2026-08-09T09:20:11.267455+00:00
constrained_factual_026,gpt2,7,constrained_factual,0.455,0.85,2026-08-09T09:20:11.267455+00:00
constrained_factual_026,gpt2,8,constrained_factual,0.465,0.845,2026-08-09T09:20:11.267455+00:00
constrained_factual_027,gpt2,5,constrained_factual,0.442,0.853,2026-08-09T09:20:11.267455+00:00
constrained_factual_027,gpt2,6,constrained_factual,0.452,0.848,2026-08-09T09:20:11.267455+00:00
constrained_factual_027,gpt2,7,constrained_factual,0.462,0.843,2026-08-09T09:20:11.267455+00:00
constrained_factual_027,gpt2,8,constrained_factual,0.472,0.838,2026-08-09T09:20:11.267455+00:00
constrained_factual_028,gpt2,5,constrained_factual,0.498,0.847,2026-08-09T09:20:11.267455+00:00
constrained_factual_028,gpt2,6,constrained_factual,0.508,0.842,2026-08-09T09:20:11.267455+00:00
constrained_factual_028,gpt2,7,constrained_factual,0.518,0.837,2026-08-09T09:20:11.267455+00:00
constrained_factual_028,gpt2,8,constrained_factual,0.528,0.832,2026-08-09T09:20:11.267455+00:00
constrained_factual_029,gpt2,5,constrained_factual,0.462,0.883,2026-08-09T09:20:11.267455+00:00
constrained_factual_029,gpt2,6,constrained_factual,0.472,0.878,2026-08-09T09:20:11.267455+00:00
constrained_factual_029,gpt2,7,constrained_factual,0.482,0.873,2026-08-09T09:20:11.267455+00:00
constrained_factual_029,gpt2,8,constrained_factual,0.492,0.868,2026-08-09T09:20:11.267455+00:00
constrained_factual_030,gpt2,5,constrained_factual,0.483,0.862,2026-08-09T09:20:11.267455+00:00
constrained_factual_030,gpt2,6,constrained_factual,0.493,0.857,2026-08-09T09:20:11.267455+00:00
constrained_factual_030,gpt2,7,constrained_factual,0.503,0.852,2026-08-09T09:20:11.267455+00:00
constrained_factual_030,gpt2,8,constrained_factual,0.513,0.847,2026-08-09T09:20:11.267455+00:00
constrained_factual_031,gpt2,5,constrained_factual,0.474,0.871,2026-08-09T09:20:11.267455+00:00
constrained_factual_031,gpt2,6,constrained_factual,0.484,0.866,2026-08-09T09:20:11.267455+00:00
constrained_factual_031,gpt2,7,constrained_factual,0.494,0.861,2026-08-09T09:20:11.267455+00:00
constrained_factual_031,gpt2,8,constrained_factual,0.504,0.856,2026-08-09T09:20:11.267455+00:00
constrained_factual_032,gpt2,5,constrained_factual,0.451,0.894,2026-08-09T09:20:11.267455+00:00
constrained_factual_032,gpt2,6,constrained_factual,0.461,0.889,2026-08-09T09:20:11.267455+00:00
constrained_factual_032,gpt2,7,constrained_factual,0.471,0.884,2026-08-09T09:20:11.267455+00:00
constrained_factual_032,gpt2,8,constrained_factual,0.481,0.879,2026-08-09T09:20:11.267455+00:00
constrained_factual_033,gpt2,5,constrained_factual,0.43,0.865,2026-08-09T09:20:11.267455+00:00
constrained_factual_033,gpt2,6,constrained_factual,0.44,0.86,2026-08-09T09:20:11.267455+00:00
constrained_factual_033,gpt2,7,constrained_factual,0.45,0.855,2026-08-09T09:20:11.267455+00:00
constrained_factual_033,gpt2,8,constrained_factual,0.46,0.85,2026-08-09T09:20:11.267455+00:00
constrained_factual_034,gpt2,5,constrained_factual,0.487,0.858,2026-08-09T09:20:11.267455+00:00
constrained_factual_034,gpt2,6,constrained_factual,0.497,0.853,2026-08-09T09:20:11.267455+00:00
constrained_factual_034,gpt2,7,constrained_factual,0.507,0.848,2026-08-09T09:20:11.267455+00:00
constrained_factual_034,gpt2,8,constrained_factual,0.517,0.843,2026-08-09T09:20:11.267455+00:00
constrained_factual_035,gpt2,5,constrained_factual,0.42,0.875,2026-08-09T09:20:11.267455+00:00
constrained_factual_035,gpt2,6,constrained_factual,0.43,0.87,2026-08-09T09:20:11.267455+00:00
constrained_factual_035,gpt2,7,constrained_factual,0.44,0.865,2026-08-09T09:20:11.267455+00:00
constrained_factual_035,gpt2,8,constrained_factual,0.45,0.86,2026-08-09T09:20:11.267455+00:00
constrained_factual_036,gpt2,5,constrained_factual,0.417,0.878,2026-08-09T09:20:11.267455+00:00
constrained_factual_036,gpt2,6,constrained_factual,0.427,0.873,2026-08-09T09:20:11.267455+00:00
constrained_factual_036,gpt2,7,constrained_factual,0.437,0.868,2026-08-09T09:20:11.267455+00:00
constrained_factual_036,gpt2,8,constrained_factual,0.447,0.863,2026-08-09T09:20:11.267455+00:00
constrained_factual_037,gpt2,5,constrained_factual,0.479,0.866,2026-08-09T09:20:11.267455+00:00
constrained_factual_037,gpt2,6,constrained_factual,0.489,0.861,2026-08-09T09:20:11.267455+00:00
constrained_factual_037,gpt2,7,constrained_factual,0.499,0.856,2026-08-09T09:20:11.267455+00:00
constrained_factual_037,gpt2,8,constrained_factual,0.509,0.851,2026-08-09T09:20:11.267455+00:00
constrained_factual_038,gpt2,5,constrained_factual,0.415,0.88,2026-08-09T09:20:11.267455+00:00
constrained_factual_038,gpt2,6,constrained_factual,0.425,0.875,2026-08-09T09:20:11.267455+00:00
constrained_factual_038,gpt2,7,constrained_factual,0.435,0.87,2026-08-09T09:20:11.267455+00:00
constrained_factual_038,gpt2,8,constrained_factual,0.445,0.865,2026-08-09T09:20:11.267455+00:00
constrained_factual_039,gpt2,5,constrained_factual,0.451,0.894,2026-08-09T09:20:11.267455+00:00
constrained_factual_039,gpt2,6,constrained_factual,0.461,0.889,2026-08-09T09:20:11.267455+00:00
constrained_factual_039,gpt2,7,constrained_factual,0.471,0.884,2026-08-09T09:20:11.267455+00:00
constrained_factual_039,gpt2,8,constrained_factual,0.481,0.879,2026-08-09T09:20:11.267455+00:00
constrained_factual_040,gpt2,5,constrained_factual,0.463,0.882,2026-08-09T09:20:11.267455+00:00
constrained_factual_040,gpt2,6,constrained_factual,0.473,0.877,2026-08-09T09:20:11.267455+00:00
constrained_factual_040,gpt2,7,constrained_factual,0.483,0.872,2026-08-09T09:20:11.267455+00:00
constrained_factual_040,gpt2,8,constrained_factual,0.493,0.867,2026-08-09T09:20:11.267455+00:00
constrained_factual_041,gpt2,5,constrained_factual,0.475,0.87,2026-08-09T09:20:11.267455+00:00
constrained_factual_041,gpt2,6,constrained_factual,0.485,0.865,2026-08-09T09:20:11.267455+00:00
constrained_factual_041,gpt2,7,constrained_factual,0.495,0.86,2026-08-09T09:20:11.267455+00:00
constrained_factual_041,gpt2,8,constrained_factual,0.505,0.855,2026-08-09T09:20:11.267455+00:00
constrained_factual_042,gpt2,5,constrained_factual,0.425,0.87,2026-08-09T09:20:11.267455+00:00
constrained_factual_042,gpt2,6,constrained_factual,0.435,0.865,2026-08-09T09:20:11.267455+00:00
constrained_factual_042,gpt2,7,constrained_factual,0.445,0.86,2026-08-09T09:20:11.267455+00:00
constrained_factual_042,gpt2,8,constrained_factual,0.455,0.855,2026-08-09T09:20:11.267455+00:00
constrained_factual_043,gpt2,5,constrained_factual,0.48,0.865,2026-08-09T09:20:11.267455+00:00
constrained_factual_043,gpt2,6,constrained_factual,0.49,0.86,2026-08-09T09:20:11.267455+00:00
constrained_factual_043,gpt2,7,constrained_factual,0.5,0.855,2026-08-09T09:20:11.267455+00:00
constrained_factual_043,gpt2,8,constrained_factual,0.51,0.85,2026-08-09T09:20:11.267455+00:00
constrained_factual_044,gpt2,5,constrained_factual,0.464,0.881,2026-08-09T09:20:11.267455+00:00
constrained_factual_044,gpt2,6,constrained_factual,0.474,0.876,2026-08-09T09:20:11.267455+00:00
constrained_factual_044,gpt2,7,constrained_factual,0.484,0.871,2026-08-09T09:20:11.267455+00:00
constrained_factual_044,gpt2,8,constrained_factual,0.494,0.866,2026-08-09T09:20:11.267455+00:00
constrained_factual_045,gpt2,5,constrained_factual,0.496,0.849,2026-08-09T09:20:11.267455+00:00
constrained_factual_045,gpt2,6,constrained_factual,0.506,0.844,2026-08-09T09:20:11.267455+00:00
constrained_factual_045,gpt2,7,constrained_factual,0.516,0.839,2026-08-09T09:20:11.267455+00:00
constrained_factual_045,gpt2,8,constrained_factual,0.526,0.834,2026-08-09T09:20:11.267455+00:00
constrained_factual_046,gpt2,5,constrained_factual,0.477,0.868,2026-08-09T09:20:11.267455+00:00
constrained_factual_046,gpt2,6,constrained_factual,0.487,0.863,2026-08-09T09:20:11.267455+00:00
constrained_factual_046,gpt2,7,constrained_factual,0.497,0.858,2026-08-09T09:20:11.267455+00:00
constrained_factual_046,gpt2,8,constrained_factual,0.507,0.853,2026-08-09T09:20:11.267455+00:00
constrained_factual_047,gpt2,5,constrained_factual,0.482,0.863,2026-08-09T09:20:11.267455+00:00
constrained_factual_047,gpt2,6,constrained_factual,0.492,0.858,2026-08-09T09:20:11.267455+00:00
constrained_factual_047,gpt2,7,constrained_factual,0.502,0.853,2026-08-09T09:20:11.267455+00:00
constrained_factual_047,gpt2,8,constrained_factual,0.512,0.848,2026-08-09T09:20:11.267455+00:00
constrained_factual_048,gpt2,5,constrained_factual,0.429,0.866,2026-08-09T09:20:11.267455+00:00
constrained_factual_048,gpt2,6,constrained_factual,0.439,0.861,2026-08-09T09:20:11.267455+00:00
constrained_factual_048,gpt2,7,constrained_factual,0.449,0.856,2026-08-09T09:20:11.267455+00:00
constrained_factual_048,gpt2,8,constrained_factual,0.459,0.851,2026-08-09T09:20:11.267455+00:00
constrained_factual_049,gpt2,5,constrained_factual,0.43,0.865,2026-08-09T09:20:11.267455+00:00
constrained_factual_049,gpt2,6,constrained_factual,0.44,0.86,2026-08-09T09:20:11.267455+00:00
constrained_factual_049,gpt2,7,constrained_factual,0.45,0.855,2026-08-09T09:20:11.267455+00:00
constrained_factual_049,gpt2,8,constrained_factual,0.46,0.85,2026-08-09T09:20:11.267455+00:00
constrained_factual_050,gpt2,5,constrained_factual,0.44,0.855,2026-08-09T09:20:11.267455+00:00
constrained_factual_050,gpt2,6,constrained_factual,0.45,0.85,2026-08-09T09:20:11.267455+00:00
constrained_factual_050,gpt2,7,constrained_factual,0.46,0.845,2026-08-09T09:20:11.267455+00:00
constrained_factual_050,gpt2,8,constrained_factual,0.47,0.84,2026-08-09T09:20:11.267455+00:00
moderate_reasoning_001,gpt2,5,moderate_reasoning,1.457,0.792,2026-08-09T09:20:11.267455+00:00
moderate_reasoning_001,gpt2,6,moderate_reasoning,1.467,0.787,2026-08-09T09:20:11.267455+00:00
moderate_reasoning_001,gpt2,7,moderate_reasoning,1.477,0.782,2026-08-09T09:20:11.267455+00:00
moderate_reasoning_001,gpt2,8,moderate_reasoning,1.487,0.777,2026-08-09T09:20:11.267455+00:00
moderate_reasoning_002,gpt2,5,moderate_reasoning,1.53,0.815,2026-08-09T09:20:11.267455+00:00
moderate_reasoning_002,gpt2,6,moderate_reasoning,1.54,0.81,2026-08-09T09:20:11.267455+00:00
moderate_reasoning_002,gpt2,7,moderate_reasoning,1.55,0.805,2026-08-09T09:20:11.267455+00:00
moderate_reasoning_002,gpt2,8,moderate_reasoning,1.56,0.8,2026-08-09T09:20:11.267455+00:00
moderate_reasoning_003,gpt2,5,moderate_reasoning,1.456,0.791,2026-08-09T09:20:11.267455+00:00
moderate_reasoning_003,gpt2,6,moderate_reasoning,1.466,0.786,2026-08-09T09:20:11.267455+00:00
moderate_reasoning_003,gpt2,7,moderate_reasoning,1.476,0.781,2026-08-09T09:20:11.267455+00:00
moderate_reasoning_003,gpt2,8,moderate_reasoning,1.486,0.776,2026-08-09T09:20:11.267455+00:00
moderate_reasoning_004,gpt2,5,moderate_reasoning,1.512,0.797,2026-08-09T09:20:11.267455+00:00
moderate_reasoning_004,gpt2,6,moderate_reasoning,1.522,0.792,2026-08-09T09:20:11.267455+00:00
moderate_reasoning_004,gpt2,7,moderate_reasoning,1.532,0.787,2026-08-09T09:20:11.267455+00:00
moderate_reasoning_004,gpt2,8,moderate_reasoning,1.542,0.782,2026-08-09T09:20:11.267455+00:00
moderate_reasoning_005,gpt2,5,moderate_reasoning,1.497,0.832,2026-08-09T09:20:11.267455+00:00
moderate_reasoning_005,gpt2,6,moderate_reasoning,1.507,0.827,2026-08-09T09:20:11.267455+00:00
moderate_reasoning_005,gpt2,7,moderate_reasoning,1.517,0.822,2026-08-09T09:20:11.267455+00:00
moderate_reasoning_005,gpt2,8,moderate_reasoning,1.527,0.817,2026-08-09T09:20:11.267455+00:00
moderate_reasoning_006,gpt2,5,moderate_reasoning,1.471,0.806,2026-08-09T09:20:11.267455+00:00
moderate_reasoning_006,gpt2,6,moderate_reasoning,1.481,0.801,2026-08-09T09:20:11.267455+00:00
moderate_reasoning_006,gpt2,7,moderate_reasoning,1.491,0.796,2026-08-09T09:20:11.267455+00:00
moderate_reasoning_006,gpt2,8,moderate_reasoning,1.501,0.791,2026-08-09T09:20:11.267455+00:00
moderate_reasoning_007,gpt2,5,moderate_reasoning,1.473,0.808,2026-08-09T09:20:11.267455+00:00
moderate_reasoning_007,gpt2,6,moderate_reasoning,1.483,0.803,2026-08-09T09:20:11.267455+00:00
moderate_reasoning_007,gpt2,7,moderate_reasoning,1.493,0.798,2026-08-09T09:20:11.267455+00:00
moderate_reasoning_007,gpt2,8,moderate_reasoning,1.503,0.793,2026-08-09T09:20:11.267455+00:00
moderate_reasoning_008,gpt2,5,moderate_reasoning,1.456,0.791,2026-08-09T09:20:11.267455+00:00
moderate_reasoning_008,gpt2,6,moderate_reasoning,1.466,0.786,2026-08-09T09:20:11.267455+00:00
moderate_reasoning_008,gpt2,7,moderate_reasoning,1.476,0.781,2026-08-09T09:20:11.267455+00:00
moderate_reasoning_008,gpt2,8,moderate_reasoning,1.486,0.776,2026-08-09T09:20:11.267455+00:00
moderate_reasoning_009,gpt2,5,moderate_reasoning,1.529,0.814,2026-08-09T09:20:11.267455+00:00
moderate_reasoning_009,gpt2,6,moderate_reasoning,1.539,0.809,2026-08-09T09:20:11.267455+00:00
moderate_reasoning_009,gpt2,7,moderate_reasoning,1.549,0.804,2026-08-09T09:20:11.267455+00:00
moderate_reasoning_009,gpt2,8,moderate_reasoning,1.559,0.799,2026-08-09T09:20:11.267455+00:00
moderate_reasoning_010,gpt2,5,moderate_reasoning,1.459,0.794,2026-08-09T09:20:11.267455+00:00
moderate_reasoning_010,gpt2,6,moderate_reasoning,1.469,0.789,2026-08-09T09:20:11.267455+00:00
moderate_reasoning_010,gpt2,7,moderate_reasoning,1.479,0.784,2026-08-09T09:20:11.267455+00:00
moderate_reasoning_010,gpt2,8,moderate_reasoning,1.489,0.779,2026-08-09T09:20:11.267455+00:00
moderate_reasoning_011,gpt2,5,moderate_reasoning,1.495,0.83,2026-08-09T09:20:11.267455+00:00
moderate_reasoning_011,gpt2,6,moderate_reasoning,1.505,0.825,2026-08-09T09:20:11.267455+00:00
moderate_reasoning_011,gpt2,7,moderate_reasoning,1.515,0.82,2026-08-09T09:20:11.267455+00:00
moderate_reasoning_011,gpt2,8,moderate_reasoning,1.525,0.815,2026-08-09T09:20:11.267455+00:00
moderate_reasoning_012,gpt2,5,moderate_reasoning,1.471,0.806,2026-08-09T09:20:11.267455+00:00
moderate_reasoning_012,gpt2,6,moderate_reasoning,1.481,0.801,2026-08-09T09:20:11.267455+00:00
moderate_reasoning_012,gpt2,7,moderate_reasoning,1.491,0.796,2026-08-09T09:20:11.267455+00:00
moderate_reasoning_012,gpt2,8,moderate_reasoning,1.501,0.791,2026-08-09T09:20:11.267455+00:00
moderate_reasoning_013,gpt2,5,moderate_reasoning,1.485,0.82,2026-08-09T09:20:11.267455+00:00
moderate_reasoning_013,gpt2,6,moderate_reasoning,1.495,0.815,2026-08-09T09:20:11.267455+00:00
moderate_reasoning_013,gpt2,7,moderate_reasoning,1.505,0.81,2026-08-09T09:20:11.267455+00:00
moderate_reasoning_013,gpt2,8,moderate_reasoning,1.515,0.805,2026-08-09T09:20:11.267455+00:00
moderate_reasoning_014,gpt2,5,moderate_reasoning,1.514,0.799,2026-08-09T09:20:11.267455+00:00
moderate_reasoning_014,gpt2,6,moderate_reasoning,1.524,0.794,2026-08-09T09:20:11.267455+00:00
moderate_reasoning_014,gpt2,7,moderate_reasoning,1.534,0.789,2026-08-09T09:20:11.267455+00:00
moderate_reasoning_014,gpt2,8,moderate_reasoning,1.544,0.784,2026-08-09T09:20:11.267455+00:00
moderate_reasoning_015,gpt2,5,moderate_reasoning,1.496,0.831,2026-08-09T09:20:11.267455+00:00
moderate_reasoning_015,gpt2,6,moderate_reasoning,1.506,0.826,2026-08-09T09:20:11.267455+00:00
moderate_reasoning_015,gpt2,7,moderate_reasoning,1.516,0.821,2026-08-09T09:20:11.267455+00:00
moderate_reasoning_015,gpt2,8,moderate_reasoning,1.526,0.816,2026-08-09T09:20:11.267455+00:00
moderate_reasoning_016,gpt2,5,moderate_reasoning,1.497,0.832,2026-08-09T09:20:11.267455+00:00
moderate_reasoning_016,gpt2,6,moderate_reasoning,1.507,0.827,2026-08-09T09:20:11.267455+00:00
moderate_reasoning_016,gpt2,7,moderate_reasoning,1.517,0.822,2026-08-09T09:20:11.267455+00:00
moderate_reasoning_016,gpt2,8,moderate_reasoning,1.527,0.817,2026-08-09T09:20:11.267455+00:00
moderate_reasoning_017,gpt2,5,moderate_reasoning,1.507,0.792,2026-08-09T09:20:11.267455+00:00
moderate_reasoning_017,gpt2,6,moderate_reasoning,1.517,0.787,2026-08-09T09:20:11.267455+00:00
moderate_reasoning_017,gpt2,7,moderate_reasoning,1.527,0.782,2026-08-09T09:20:11.267455+00:00
moderate_reasoning_017,gpt2,8,moderate_reasoning,1.537,0.777,2026-08-09T09:20:11.267455+00:00
moderate_reasoning_018,gpt2,5,moderate_reasoning,1.458,0.793,2026-08-09T09:20:11.267455+00:00
moderate_reasoning_018,gpt2,6,moderate_reasoning,1.468,0.788,2026-08-09T09:20:11.267455+00:00
moderate_reasoning_018,gpt2,7,moderate_reasoning,1.478,0.783,2026-08-09T09:20:11.267455+00:00
moderate_reasoning_018,gpt2,8,moderate_reasoning,1.488,0.778,2026-08-09T09:20:11.267455+00:00
moderate_reasoning_019,gpt2,5,moderate_reasoning,1.499,0.834,2026-08-09T09:20:11.267455+00:00
moderate_reasoning_019,gpt2,6,moderate_reasoning,1.509,0.829,2026-08-09T09:20:11.267455+00:00
moderate_reasoning_019,gpt2,7,moderate_reasoning,1.519,0.824,2026-08-09T09:20:11.267455+00:00
moderate_reasoning_019,gpt2,8,moderate_reasoning,1.529,0.819,2026-08-09T09:20:11.267455+00:00
moderate_reasoning_020,gpt2,5,moderate_reasoning,1.536,0.821,2026-08-09T09:20:11.267455+00:00
moderate_reasoning_020,gpt2,6,moderate_reasoning,1.546,0.816,2026-08-09T09:20:11.267455+00:00
moderate_reasoning_020,gpt2,7,moderate_reasoning,1.556,0.811,2026-08-09T09:20:11.267455+00:00
moderate_reasoning_020,gpt2,8,moderate_reasoning,1.566,0.806,2026-08-09T09:20:11.267455+00:00
moderate_reasoning_021,gpt2,5,moderate_reasoning,1.484,0.819,2026-08-09T09:20:11.267455+00:00
moderate_reasoning_021,gpt2,6,moderate_reasoning,1.494,0.814,2026-08-09T09:20:11.267455+00:00
moderate_reasoning_021,gpt2,7,moderate_reasoning,1.504,0.809,2026-08-09T09:20:11.267455+00:00
moderate_reasoning_021,gpt2,8,moderate_reasoning,1.514,0.804,2026-08-09T09:20:11.267455+00:00
moderate_reasoning_022,gpt2,5,moderate_reasoning,1.494,0.829,2026-08-09T09:20:11.267455+00:00
moderate_reasoning_022,gpt2,6,moderate_reasoning,1.504,0.824,2026-08-09T09:20:11.267455+00:00
moderate_reasoning_022,gpt2,7,moderate_reasoning,1.514,0.819,2026-08-09T09:20:11.267455+00:00
moderate_reasoning_022,gpt2,8,moderate_reasoning,1.524,0.814,2026-08-09T09:20:11.267455+00:00
moderate_reasoning_023,gpt2,5,moderate_reasoning,1.461,0.796,2026-08-09T09:20:11.267455+00:00
moderate_reasoning_023,gpt2,6,moderate_reasoning,1.471,0.791,2026-08-09T09:20:11.267455+00:00
moderate_reasoning_023,gpt2,7,moderate_reasoning,1.481,0.786,2026-08-09T09:20:11.267455+00:00
moderate_reasoning_023,gpt2,8,moderate_reasoning,1.491,0.781,2026-08-09T09:20:11.267455+00:00
moderate_reasoning_024,gpt2,5,moderate_reasoning,1.517,0.802,2026-08-09T09:20:11.267455+00:00
moderate_reasoning_024,gpt2,6,moderate_reasoning,1.527,0.797,2026-08-09T09:20:11.267455+00:00
moderate_reasoning_024,gpt2,7,moderate_reasoning,1.537,0.792,2026-08-09T09:20:11.267455+00:00
moderate_reasoning_024,gpt2,8,moderate_reasoning,1.547,0.787,2026-08-09T09:20:11.267455+00:00
moderate_reasoning_025,gpt2,5,moderate_reasoning,1.537,0.822,2026-08-09T09:20:11.267455+00:00
moderate_reasoning_025,gpt2,6,moderate_reasoning,1.547,0.817,2026-08-09T09:20:11.267455+00:00
moderate_reasoning_025,gpt2,7,moderate_reasoning,1.557,0.812,2026-08-09T09:20:11.267455+00:00
moderate_reasoning_025,gpt2,8,moderate_reasoning,1.567,0.807,2026-08-09T09:20:11.267455+00:00
moderate_reasoning_026,gpt2,5,moderate_reasoning,1.545,0.83,2026-08-09T09:20:11.267455+00:00
moderate_reasoning_026,gpt2,6,moderate_reasoning,1.555,0.825,2026-08-09T09:20:11.267455+00:00
moderate_reasoning_026,gpt2,7,moderate_reasoning,1.565,0.82,2026-08-09T09:20:11.267455+00:00
moderate_reasoning_026,gpt2,8,moderate_reasoning,1.575,0.815,2026-08-09T09:20:11.267455+00:00
moderate_reasoning_027,gpt2,5,moderate_reasoning,1.486,0.821,2026-08-09T09:20:11.267455+00:00
moderate_reasoning_027,gpt2,6,moderate_reasoning,1.496,0.816,2026-08-09T09:20:11.267455+00:00
moderate_reasoning_027,gpt2,7,moderate_reasoning,1.506,0.811,2026-08-09T09:20:11.267455+00:00
moderate_reasoning_027,gpt2,8,moderate_reasoning,1.516,0.806,2026-08-09T09:20:11.267455+00:00
moderate_reasoning_028,gpt2,5,moderate_reasoning,1.502,0.787,2026-08-09T09:20:11.267455+00:00
moderate_reasoning_028,gpt2,6,moderate_reasoning,1.512,0.782,2026-08-09T09:20:11.267455+00:00
moderate_reasoning_028,gpt2,7,moderate_reasoning,1.522,0.777,2026-08-09T09:20:11.267455+00:00
moderate_reasoning_028,gpt2,8,moderate_reasoning,1.532,0.772,2026-08-09T09:20:11.267455+00:00
moderate_reasoning_029,gpt2,5,moderate_reasoning,1.511,0.796,2026-08-09T09:20:11.267455+00:00
moderate_reasoning_029,gpt2,6,moderate_reasoning,1.521,0.791,2026-08-09T09:20:11.267455+00:00
moderate_reasoning_029,gpt2,7,moderate_reasoning,1.531,0.786,2026-08-09T09:20:11.267455+00:00
moderate_reasoning_029,gpt2,8,moderate_reasoning,1.541,0.781,2026-08-09T09:20:11.267455+00:00
moderate_reasoning_030,gpt2,5,moderate_reasoning,1.482,0.817,2026-08-09T09:20:11.267455+00:00
moderate_reasoning_030,gpt2,6,moderate_reasoning,1.492,0.812,2026-08-09T09:20:11.267455+00:00
moderate_reasoning_030,gpt2,7,moderate_reasoning,1.502,0.807,2026-08-09T09:20:11.267455+00:00
moderate_reasoning_030,gpt2,8,moderate_reasoning,1.512,0.802,2026-08-09T09:20:11.267455+00:00
moderate_reasoning_031,gpt2,5,moderate_reasoning,1.453,0.788,2026-08-09T09:20:11.267455+00:00
moderate_reasoning_031,gpt2,6,moderate_reasoning,1.463,0.783,2026-08-09T09:20:11.267455+00:00
moderate_reasoning_031,gpt2,7,moderate_reasoning,1.473,0.778,2026-08-09T09:20:11.267455+00:00
moderate_reasoning_031,gpt2,8,moderate_reasoning,1.483,0.773,2026-08-09T09:20:11.267455+00:00
moderate_reasoning_032,gpt2,5,moderate_reasoning,1.481,0.816,2026-08-09T09:20:11.267455+00:00
moderate_reasoning_032,gpt2,6,moderate_reasoning,1.491,0.811,2026-08-09T09:20:11.267455+00:00
moderate_reasoning_032,gpt2,7,moderate_reasoning,1.501,0.806,2026-08-09T09:20:11.267455+00:00
moderate_reasoning_032,gpt2,8,moderate_reasoning,1.511,0.801,2026-08-09T09:20:11.267455+00:00
moderate_reasoning_033,gpt2,5,moderate_reasoning,1.503,0.788,2026-08-09T09:20:11.267455+00:00
moderate_reasoning_033,gpt2,6,moderate_reasoning,1.513,0.783,2026-08-09T09:20:11.267455+00:00
moderate_reasoning_033,gpt2,7,moderate_reasoning,1.523,0.778,2026-08-09T09:20:11.267455+00:00
moderate_reasoning_033,gpt2,8,moderate_reasoning,1.533,0.773,2026-08-09T09:20:11.267455+00:00
moderate_reasoning_034,gpt2,5,moderate_reasoning,1.477,0.812,2026-08-09T09:20:11.267455+00:00
moderate_reasoning_034,gpt2,6,moderate_reasoning,1.487,0.807,2026-08-09T09:20:11.267455+00:00
moderate_reasoning_034,gpt2,7,moderate_reasoning,1.497,0.802,2026-08-09T09:20:11.267455+00:00
moderate_reasoning_034,gpt2,8,moderate_reasoning,1.507,0.797,2026-08-09T09:20:11.267455+00:00
moderate_reasoning_035,gpt2,5,moderate_reasoning,1.487,0.822,2026-08-09T09:20:11.267455+00:00
moderate_reasoning_035,gpt2,6,moderate_reasoning,1.497,0.817,2026-08-09T09:20:11.267455+00:00
moderate_reasoning_035,gpt2,7,moderate_reasoning,1.507,0.812,2026-08-09T09:20:11.267455+00:00
moderate_reasoning_035,gpt2,8,moderate_reasoning,1.517,0.807,2026-08-09T09:20:11.267455+00:00
moderate_reasoning_036,gpt2,5,moderate_reasoning,1.495,0.83,2026-08-09T09:20:11.267455+00:00
moderate_reasoning_036,gpt2,6,moderate_reasoning,1.505,0.825,2026-08-09T09:20:11.267455+00:00
moderate_reasoning_036,gpt2,7,moderate_reasoning,1.515,0.82,2026-08-09T09:20:11.267455+00:00
moderate_reasoning_036,gpt2,8,moderate_reasoning,1.525,0.815,2026-08-09T09:20:11.267455+00:00
moderate_reasoning_037,gpt2,5,moderate_reasoning,1.514,0.799,2026-08-09T09:20:11.267455+00:00
moderate_reasoning_037,gpt2,6,moderate_reasoning,1.524,0.794,2026-08-09T09:20:11.267455+00:00
moderate_reasoning_037,gpt2,7,moderate_reasoning,1.534,0.789,2026-08-09T09:20:11.267455+00:00
moderate_reasoning_037,gpt2,8,moderate_reasoning,1.544,0.784,2026-08-09T09:20:11.267455+00:00
moderate_reasoning_038,gpt2,5,moderate_reasoning,1.531,0.816,2026-08-09T09:20:11.267455+00:00
moderate_reasoning_038,gpt2,6,moderate_reasoning,1.541,0.811,2026-08-09T09:20:11.267455+00:00
moderate_reasoning_038,gpt2,7,moderate_reasoning,1.551,0.806,2026-08-09T09:20:11.267455+00:00
moderate_reasoning_038,gpt2,8,moderate_reasoning,1.561,0.801,2026-08-09T09:20:11.267455+00:00
moderate_reasoning_039,gpt2,5,moderate_reasoning,1.483,0.818,2026-08-09T09:20:11.267455+00:00
moderate_reasoning_039,gpt2,6,moderate_reasoning,1.493,0.813,2026-08-09T09:20:11.267455+00:00
moderate_reasoning_039,gpt2,7,moderate_reasoning,1.503,0.808,2026-08-09T09:20:11.267455+00:00
moderate_reasoning_039,gpt2,8,moderate_reasoning,1.513,0.803,2026-08-09T09:20:11.267455+00:00
moderate_reasoning_040,gpt2,5,moderate_reasoning,1.451,0.786,2026-08-09T09:20:11.267455+00:00
moderate_reasoning_040,gpt2,6,moderate_reasoning,1.461,0.781,2026-08-09T09:20:11.267455+00:00
moderate_reasoning_040,gpt2,7,moderate_reasoning,1.471,0.776,2026-08-09T09:20:11.267455+00:00
moderate_reasoning_040,gpt2,8,moderate_reasoning,1.481,0.771,2026-08-09T09:20:11.267455+00:00
moderate_reasoning_041,gpt2,5,moderate_reasoning,1.452,0.787,2026-08-09T09:20:11.267455+00:00
moderate_reasoning_041,gpt2,6,moderate_reasoning,1.462,0.782,2026-08-09T09:20:11.267455+00:00
moderate_reasoning_041,gpt2,7,moderate_reasoning,1.472,0.777,2026-08-09T09:20:11.267455+00:00
moderate_reasoning_041,gpt2,8,moderate_reasoning,1.482,0.772,2026-08-09T09:20:11.267455+00:00
moderate_reasoning_042,gpt2,5,moderate_reasoning,1.485,0.82,2026-08-09T09:20:11.267455+00:00
moderate_reasoning_042,gpt2,6,moderate_reasoning,1.495,0.815,2026-08-09T09:20:11.267455+00:00
moderate_reasoning_042,gpt2,7,moderate_reasoning,1.505,0.81,2026-08-09T09:20:11.267455+00:00
moderate_reasoning_042,gpt2,8,moderate_reasoning,1.515,0.805,2026-08-09T09:20:11.267455+00:00
moderate_reasoning_043,gpt2,5,moderate_reasoning,1.502,0.787,2026-08-09T09:20:11.267455+00:00
moderate_reasoning_043,gpt2,6,moderate_reasoning,1.512,0.782,2026-08-09T09:20:11.267455+00:00
moderate_reasoning_043,gpt2,7,moderate_reasoning,1.522,0.777,2026-08-09T09:20:11.267455+00:00
moderate_reasoning_043,gpt2,8,moderate_reasoning,1.532,0.772,2026-08-09T09:20:11.267455+00:00
moderate_reasoning_044,gpt2,5,moderate_reasoning,1.472,0.807,2026-08-09T09:20:11.267455+00:00
moderate_reasoning_044,gpt2,6,moderate_reasoning,1.482,0.802,2026-08-09T09:20:11.267455+00:00
moderate_reasoning_044,gpt2,7,moderate_reasoning,1.492,0.797,2026-08-09T09:20:11.267455+00:00
moderate_reasoning_044,gpt2,8,moderate_reasoning,1.502,0.792,2026-08-09T09:20:11.267455+00:00
moderate_reasoning_045,gpt2,5,moderate_reasoning,1.512,0.797,2026-08-09T09:20:11.267455+00:00
moderate_reasoning_045,gpt2,6,moderate_reasoning,1.522,0.792,2026-08-09T09:20:11.267455+00:00
moderate_reasoning_045,gpt2,7,moderate_reasoning,1.532,0.787,2026-08-09T09:20:11.267455+00:00
moderate_reasoning_045,gpt2,8,moderate_reasoning,1.542,0.782,2026-08-09T09:20:11.267455+00:00
moderate_reasoning_046,gpt2,5,moderate_reasoning,1.518,0.803,2026-08-09T09:20:11.267455+00:00
moderate_reasoning_046,gpt2,6,moderate_reasoning,1.528,0.798,2026-08-09T09:20:11.267455+00:00
moderate_reasoning_046,gpt2,7,moderate_reasoning,1.538,0.793,2026-08-09T09:20:11.267455+00:00
moderate_reasoning_046,gpt2,8,moderate_reasoning,1.548,0.788,2026-08-09T09:20:11.267455+00:00
moderate_reasoning_047,gpt2,5,moderate_reasoning,1.494,0.829,2026-08-09T09:20:11.267455+00:00
moderate_reasoning_047,gpt2,6,moderate_reasoning,1.504,0.824,2026-08-09T09:20:11.267455+00:00
moderate_reasoning_047,gpt2,7,moderate_reasoning,1.514,0.819,2026-08-09T09:20:11.267455+00:00
moderate_reasoning_047,gpt2,8,moderate_reasoning,1.524,0.814,2026-08-09T09:20:11.267455+00:00
moderate_reasoning_048,gpt2,5,moderate_reasoning,1.543,0.828,2026-08-09T09:20:11.267455+00:00
moderate_reasoning_048,gpt2,6,moderate_reasoning,1.553,0.823,2026-08-09T09:20:11.267455+00:00
moderate_reasoning_048,gpt2,7,moderate_reasoning,1.563,0.818,2026-08-09T09:20:11.267455+00:00
moderate_reasoning_048,gpt2,8,moderate_reasoning,1.573,0.813,2026-08-09T09:20:11.267455+00:00
moderate_reasoning_049,gpt2,5,moderate_reasoning,1.492,0.827,2026-08-09T09:20:11.267455+00:00
moderate_reasoning_049,gpt2,6,moderate_reasoning,1.502,0.822,2026-08-09T09:20:11.267455+00:00
moderate_reasoning_049,gpt2,7,moderate_reasoning,1.512,0.817,2026-08-09T09:20:11.267455+00:00
moderate_reasoning_049,gpt2,8,moderate_reasoning,1.522,0.812,2026-08-09T09:20:11.267455+00:00
moderate_reasoning_050,gpt2,5,moderate_reasoning,1.501,0.786,2026-08-09T09:20:11.267455+00:00
moderate_reasoning_050,gpt2,6,moderate_reasoning,1.511,0.781,2026-08-09T09:20:11.267455+00:00
moderate_reasoning_050,gpt2,7,moderate_reasoning,1.521,0.776,2026-08-09T09:20:11.267455+00:00
moderate_reasoning_050,gpt2,8,moderate_reasoning,1.531,0.771,2026-08-09T09:20:11.267455+00:00
open_ended_001,gpt2,5,open_ended,2.919,0.674,2026-08-09T09:20:11.267455+00:00
open_ended_001,gpt2,6,open_ended,2.929,0.669,2026-08-09T09:20:11.267455+00:00
open_ended_001,gpt2,7,open_ended,2.939,0.664,2026-08-09T09:20:11.267455+00:00
open_ended_001,gpt2,8,open_ended,2.949,0.659,2026-08-09T09:20:11.267455+00:00
open_ended_002,gpt2,5,open_ended,2.914,0.669,2026-08-09T09:20:11.267455+00:00
open_ended_002,gpt2,6,open_ended,2.924,0.664,2026-08-09T09:20:11.267455+00:00
open_ended_002,gpt2,7,open_ended,2.934,0.659,2026-08-09T09:20:11.267455+00:00
open_ended_002,gpt2,8,open_ended,2.944,0.654,2026-08-09T09:20:11.267455+00:00
open_ended_003,gpt2,5,open_ended,2.94,0.695,2026-08-09T09:20:11.267455+00:00
open_ended_003,gpt2,6,open_ended,2.95,0.69,2026-08-09T09:20:11.267455+00:00
open_ended_003,gpt2,7,open_ended,2.96,0.685,2026-08-09T09:20:11.267455+00:00
open_ended_003,gpt2,8,open_ended,2.97,0.68,2026-08-09T09:20:11.267455+00:00
open_ended_004,gpt2,5,open_ended,2.917,0.672,2026-08-09T09:20:11.267455+00:00
open_ended_004,gpt2,6,open_ended,2.927,0.667,2026-08-09T09:20:11.267455+00:00
open_ended_004,gpt2,7,open_ended,2.937,0.662,2026-08-09T09:20:11.267455+00:00
open_ended_004,gpt2,8,open_ended,2.947,0.657,2026-08-09T09:20:11.267455+00:00
open_ended_005,gpt2,5,open_ended,2.865,0.67,2026-08-09T09:20:11.267455+00:00
open_ended_005,gpt2,6,open_ended,2.875,0.665,2026-08-09T09:20:11.267455+00:00
open_ended_005,gpt2,7,open_ended,2.885,0.66,2026-08-09T09:20:11.267455+00:00
open_ended_005,gpt2,8,open_ended,2.895,0.655,2026-08-09T09:20:11.267455+00:00
open_ended_006,gpt2,5,open_ended,2.914,0.669,2026-08-09T09:20:11.267455+00:00
open_ended_006,gpt2,6,open_ended,2.924,0.664,2026-08-09T09:20:11.267455+00:00
open_ended_006,gpt2,7,open_ended,2.934,0.659,2026-08-09T09:20:11.267455+00:00
open_ended_006,gpt2,8,open_ended,2.944,0.654,2026-08-09T09:20:11.267455+00:00
open_ended_007,gpt2,5,open_ended,2.915,0.67,2026-08-09T09:20:11.267455+00:00
open_ended_007,gpt2,6,open_ended,2.925,0.665,2026-08-09T09:20:11.267455+00:00
open_ended_007,gpt2,7,open_ended,2.935,0.66,2026-08-09T09:20:11.267455+00:00
open_ended_007,gpt2,8,open_ended,2.945,0.655,2026-08-09T09:20:11.267455+00:00
open_ended_008,gpt2,5,open_ended,2.911,0.666,2026-08-09T09:20:11.267455+00:00
open_ended_008,gpt2,6,open_ended,2.921,0.661,2026-08-09T09:20:11.267455+00:00
open_ended_008,gpt2,7,open_ended,2.931,0.656,2026-08-09T09:20:11.267455+00:00
open_ended_008,gpt2,8,open_ended,2.941,0.651,2026-08-09T09:20:11.267455+00:00
open_ended_009,gpt2,5,open_ended,2.942,0.697,2026-08-09T09:20:11.267455+00:00
open_ended_009,gpt2,6,open_ended,2.952,0.692,2026-08-09T09:20:11.267455+00:00
open_ended_009,gpt2,7,open_ended,2.962,0.687,2026-08-09T09:20:11.267455+00:00
open_ended_009,gpt2,8,open_ended,2.972,0.682,2026-08-09T09:20:11.267455+00:00
open_ended_010,gpt2,5,open_ended,2.928,0.683,2026-08-09T09:20:11.267455+00:00
open_ended_010,gpt2,6,open_ended,2.938,0.678,2026-08-09T09:20:11.267455+00:00
open_ended_010,gpt2,7,open_ended,2.948,0.673,2026-08-09T09:20:11.267455+00:00
open_ended_010,gpt2,8,open_ended,2.958,0.668,2026-08-09T09:20:11.267455+00:00
open_ended_011,gpt2,5,open_ended,2.854,0.659,2026-08-09T09:20:11.267455+00:00
open_ended_011,gpt2,6,open_ended,2.864,0.654,2026-08-09T09:20:11.267455+00:00
open_ended_011,gpt2,7,open_ended,2.874,0.649,2026-08-09T09:20:11.267455+00:00
open_ended_011,gpt2,8,open_ended,2.884,0.644,2026-08-09T09:20:11.267455+00:00
open_ended_012,gpt2,5,open_ended,2.909,0.664,2026-08-09T09:20:11.267455+00:00
open_ended_012,gpt2,6,open_ended,2.919,0.659,2026-08-09T09:20:11.267455+00:00
open_ended_012,gpt2,7,open_ended,2.929,0.654,2026-08-09T09:20:11.267455+00:00
open_ended_012,gpt2,8,open_ended,2.939,0.649,2026-08-09T09:20:11.267455+00:00
open_ended_013,gpt2,5,open_ended,2.869,0.674,2026-08-09T09:20:11.267455+00:00
open_ended_013,gpt2,6,open_ended,2.879,0.669,2026-08-09T09:20:11.267455+00:00
open_ended_013,gpt2,7,open_ended,2.889,0.664,2026-08-09T09:20:11.267455+00:00
open_ended_013,gpt2,8,open_ended,2.899,0.659,2026-08-09T09:20:11.267455+00:00
open_ended_014,gpt2,5,open_ended,2.919,0.674,2026-08-09T09:20:11.267455+00:00
open_ended_014,gpt2,6,open_ended,2.929,0.669,2026-08-09T09:20:11.267455+00:00
open_ended_014,gpt2,7,open_ended,2.939,0.664,2026-08-09T09:20:11.267455+00:00
open_ended_014,gpt2,8,open_ended,2.949,0.659,2026-08-09T09:20:11.267455+00:00
open_ended_015,gpt2,5,open_ended,2.851,0.656,2026-08-09T09:20:11.267455+00:00
open_ended_015,gpt2,6,open_ended,2.861,0.651,2026-08-09T09:20:11.267455+00:00
open_ended_015,gpt2,7,open_ended,2.871,0.646,2026-08-09T09:20:11.267455+00:00
open_ended_015,gpt2,8,open_ended,2.881,0.641,2026-08-09T09:20:11.267455+00:00
open_ended_016,gpt2,5,open_ended,2.853,0.658,2026-08-09T09:20:11.267455+00:00
open_ended_016,gpt2,6,open_ended,2.863,0.653,2026-08-09T09:20:11.267455+00:00
open_ended_016,gpt2,7,open_ended,2.873,0.648,2026-08-09T09:20:11.267455+00:00
open_ended_016,gpt2,8,open_ended,2.883,0.643,2026-08-09T09:20:11.267455+00:00
open_ended_017,gpt2,5,open_ended,2.927,0.682,2026-08-09T09:20:11.267455+00:00
open_ended_017,gpt2,6,open_ended,2.937,0.677,2026-08-09T09:20:11.267455+00:00
open_ended_017,gpt2,7,open_ended,2.947,0.672,2026-08-09T09:20:11.267455+00:00
open_ended_017,gpt2,8,open_ended,2.957,0.667,2026-08-09T09:20:11.267455+00:00
open_ended_018,gpt2,5,open_ended,2.866,0.671,2026-08-09T09:20:11.267455+00:00
open_ended_018,gpt2,6,open_ended,2.876,0.666,2026-08-09T09:20:11.267455+00:00
open_ended_018,gpt2,7,open_ended,2.886,0.661,2026-08-09T09:20:11.267455+00:00
open_ended_018,gpt2,8,open_ended,2.896,0.656,2026-08-09T09:20:11.267455+00:00
open_ended_019,gpt2,5,open_ended,2.906,0.661,2026-08-09T09:20:11.267455+00:00
open_ended_019,gpt2,6,open_ended,2.916,0.656,2026-08-09T09:20:11.267455+00:00
open_ended_019,gpt2,7,open_ended,2.926,0.651,2026-08-09T09:20:11.267455+00:00
open_ended_019,gpt2,8,open_ended,2.936,0.646,2026-08-09T09:20:11.267455+00:00
open_ended_020,gpt2,5,open_ended,2.892,0.697,2026-08-09T09:20:11.267455+00:00
open_ended_020,gpt2,6,open_ended,2.902,0.692,2026-08-09T09:20:11.267455+00:00
open_ended_020,gpt2,7,open_ended,2.912,0.687,2026-08-09T09:20:11.267455+00:00
open_ended_020,gpt2,8,open_ended,2.922,0.682,2026-08-09T09:20:11.267455+00:00
open_ended_021,gpt2,5,open_ended,2.86,0.665,2026-08-09T09:20:11.267455+00:00
open_ended_021,gpt2,6,open_ended,2.87,0.66,2026-08-09T09:20:11.267455+00:00
open_ended_021,gpt2,7,open_ended,2.88,0.655,2026-08-09T09:20:11.267455+00:00
open_ended_021,gpt2,8,open_ended,2.89,0.65,2026-08-09T09:20:11.267455+00:00
open_ended_022,gpt2,5,open_ended,2.928,0.683,2026-08-09T09:20:11.267455+00:00
open_ended_022,gpt2,6,open_ended,2.938,0.678,2026-08-09T09:20:11.267455+00:00
open_ended_022,gpt2,7,open_ended,2.948,0.673,2026-08-09T09:20:11.267455+00:00
open_ended_022,gpt2,8,open_ended,2.958,0.668,2026-08-09T09:20:11.267455+00:00
open_ended_023,gpt2,5,open_ended,2.865,0.67,2026-08-09T09:20:11.267455+00:00
open_ended_023,gpt2,6,open_ended,2.875,0.665,2026-08-09T09:20:11.267455+00:00
open_ended_023,gpt2,7,open_ended,2.885,0.66,2026-08-09T09:20:11.267455+00:00
open_ended_023,gpt2,8,open_ended,2.895,0.655,2026-08-09T09:20:11.267455+00:00
open_ended_024,gpt2,5,open_ended,2.903,0.658,2026-08-09T09:20:11.267455+00:00
open_ended_024,gpt2,6,open_ended,2.913,0.653,2026-08-09T09:20:11.267455+00:00
open_ended_024,gpt2,7,open_ended,2.923,0.648,2026-08-09T09:20:11.267455+00:00
open_ended_024,gpt2,8,open_ended,2.933,0.643,2026-08-09T09:20:11.267455+00:00
open_ended_025,gpt2,5,open_ended,2.886,0.691,2026-08-09T09:20:11.267455+00:00
open_ended_025,gpt2,6,open_ended,2.896,0.686,2026-08-09T09:20:11.267455+00:00
open_ended_025,gpt2,7,open_ended,2.906,0.681,2026-08-09T09:20:11.267455+00:00
open_ended_025,gpt2,8,open_ended,2.916,0.676,2026-08-09T09:20:11.267455+00:00
open_ended_026,gpt2,5,open_ended,2.901,0.656,2026-08-09T09:20:11.267455+00:00
open_ended_026,gpt2,6,open_ended,2.911,0.651,2026-08-09T09:20:11.267455+00:00
open_ended_026,gpt2,7,open_ended,2.921,0.646,2026-08-09T09:20:11.267455+00:00
open_ended_026,gpt2,8,open_ended,2.931,0.641,2026-08-09T09:20:11.267455+00:00
open_ended_027,gpt2,5,open_ended,2.924,0.679,2026-08-09T09:20:11.267455+00:00
open_ended_027,gpt2,6,open_ended,2.934,0.674,2026-08-09T09:20:11.267455+00:00
open_ended_027,gpt2,7,open_ended,2.944,0.669,2026-08-09T09:20:11.267455+00:00
open_ended_027,gpt2,8,open_ended,2.954,0.664,2026-08-09T09:20:11.267455+00:00
open_ended_028,gpt2,5,open_ended,2.88,0.685,2026-08-09T09:20:11.267455+00:00
open_ended_028,gpt2,6,open_ended,2.89,0.68,2026-08-09T09:20:11.267455+00:00
open_ended_028,gpt2,7,open_ended,2.9,0.675,2026-08-09T09:20:11.267455+00:00
open_ended_028,gpt2,8,open_ended,2.91,0.67,2026-08-09T09:20:11.267455+00:00
open_ended_029,gpt2,5,open_ended,2.919,0.674,2026-08-09T09:20:11.267455+00:00
open_ended_029,gpt2,6,open_ended,2.929,0.669,2026-08-09T09:20:11.267455+00:00
open_ended_029,gpt2,7,open_ended,2.939,0.664,2026-08-09T09:20:11.267455+00:00
open_ended_029,gpt2,8,open_ended,2.949,0.659,2026-08-09T09:20:11.267455+00:00
open_ended_030,gpt2,5,open_ended,2.88,0.685,2026-08-09T09:20:11.267455+00:00
open_ended_030,gpt2,6,open_ended,2.89,0.68,2026-08-09T09:20:11.267455+00:00
open_ended_030,gpt2,7,open_ended,2.9,0.675,2026-08-09T09:20:11.267455+00:00
open_ended_030,gpt2,8,open_ended,2.91,0.67,2026-08-09T09:20:11.267455+00:00
open_ended_031,gpt2,5,open_ended,2.861,0.666,2026-08-09T09:20:11.267455+00:00
open_ended_031,gpt2,6,open_ended,2.871,0.661,2026-08-09T09:20:11.267455+00:00
open_ended_031,gpt2,7,open_ended,2.881,0.656,2026-08-09T09:20:11.267455+00:00
open_ended_031,gpt2,8,open_ended,2.891,0.651,2026-08-09T09:20:11.267455+00:00
open_ended_032,gpt2,5,open_ended,2.935,0.69,2026-08-09T09:20:11.267455+00:00
open_ended_032,gpt2,6,open_ended,2.945,0.685,2026-08-09T09:20:11.267455+00:00
open_ended_032,gpt2,7,open_ended,2.955,0.68,2026-08-09T09:20:11.267455+00:00
open_ended_032,gpt2,8,open_ended,2.965,0.675,2026-08-09T09:20:11.267455+00:00
open_ended_033,gpt2,5,open_ended,2.867,0.672,2026-08-09T09:20:11.267455+00:00
open_ended_033,gpt2,6,open_ended,2.877,0.667,2026-08-09T09:20:11.267455+00:00
open_ended_033,gpt2,7,open_ended,2.887,0.662,2026-08-09T09:20:11.267455+00:00
open_ended_033,gpt2,8,open_ended,2.897,0.657,2026-08-09T09:20:11.267455+00:00
open_ended_034,gpt2,5,open_ended,2.909,0.664,2026-08-09T09:20:11.267455+00:00
open_ended_034,gpt2,6,open_ended,2.919,0.659,2026-08-09T09:20:11.267455+00:00
open_ended_034,gpt2,7,open_ended,2.929,0.654,2026-08-09T09:20:11.267455+00:00
open_ended_034,gpt2,8,open_ended,2.939,0.649,2026-08-09T09:20:11.267455+00:00
open_ended_035,gpt2,5,open_ended,2.85,0.655,2026-08-09T09:20:11.267455+00:00
open_ended_035,gpt2,6,open_ended,2.86,0.65,2026-08-09T09:20:11.267455+00:00
open_ended_035,gpt2,7,open_ended,2.87,0.645,2026-08-09T09:20:11.267455+00:00
open_ended_035,gpt2,8,open_ended,2.88,0.64,2026-08-09T09:20:11.267455+00:00
open_ended_036,gpt2,5,open_ended,2.893,0.698,2026-08-09T09:20:11.267455+00:00
open_ended_036,gpt2,6,open_ended,2.903,0.693,2026-08-09T09:20:11.267455+00:00
open_ended_036,gpt2,7,open_ended,2.913,0.688,2026-08-09T09:20:11.267455+00:00
open_ended_036,gpt2,8,open_ended,2.923,0.683,2026-08-09T09:20:11.267455+00:00
open_ended_037,gpt2,5,open_ended,2.855,0.66,2026-08-09T09:20:11.267455+00:00
open_ended_037,gpt2,6,open_ended,2.865,0.655,2026-08-09T09:20:11.267455+00:00
open_ended_037,gpt2,7,open_ended,2.875,0.65,2026-08-09T09:20:11.267455+00:00
open_ended_037,gpt2,8,open_ended,2.885,0.645,2026-08-09T09:20:11.267455+00:00
open_ended_038,gpt2,5,open_ended,2.931,0.686,2026-08-09T09:20:11.267455+00:00
open_ended_038,gpt2,6,open_ended,2.941,0.681,2026-08-09T09:20:11.267455+00:00
open_ended_038,gpt2,7,open_ended,2.951,0.676,2026-08-09T09:20:11.267455+00:00
open_ended_038,gpt2,8,open_ended,2.961,0.671,2026-08-09T09:20:11.267455+00:00
open_ended_039,gpt2,5,open_ended,2.897,0.702,2026-08-09T09:20:11.267455+00:00
open_ended_039,gpt2,6,open_ended,2.907,0.697,2026-08-09T09:20:11.267455+00:00
open_ended_039,gpt2,7,open_ended,2.917,0.692,2026-08-09T09:20:11.267455+00:00
open_ended_039,gpt2,8,open_ended,2.927,0.687,2026-08-09T09:20:11.267455+00:00
open_ended_040,gpt2,5,open_ended,2.923,0.678,2026-08-09T09:20:11.267455+00:00
open_ended_040,gpt2,6,open_ended,2.933,0.673,2026-08-09T09:20:11.267455+00:00
open_ended_040,gpt2,7,open_ended,2.943,0.668,2026-08-09T09:20:11.267455+00:00
open_ended_040,gpt2,8,open_ended,2.953,0.663,2026-08-09T09:20:11.267455+00:00
open_ended_041,gpt2,5,open_ended,2.881,0.686,2026-08-09T09:20:11.267455+00:00
open_ended_041,gpt2,6,open_ended,2.891,0.681,2026-08-09T09:20:11.267455+00:00
open_ended_041,gpt2,7,open_ended,2.901,0.676,2026-08-09T09:20:11.267455+00:00
open_ended_041,gpt2,8,open_ended,2.911,0.671,2026-08-09T09:20:11.267455+00:00
open_ended_042,gpt2,5,open_ended,2.851,0.656,2026-08-09T09:20:11.267455+00:00
open_ended_042,gpt2,6,open_ended,2.861,0.651,2026-08-09T09:20:11.267455+00:00
open_ended_042,gpt2,7,open_ended,2.871,0.646,2026-08-09T09:20:11.267455+00:00
open_ended_042,gpt2,8,open_ended,2.881,0.641,2026-08-09T09:20:11.267455+00:00
open_ended_043,gpt2,5,open_ended,2.852,0.657,2026-08-09T09:20:11.267455+00:00
open_ended_043,gpt2,6,open_ended,2.862,0.652,2026-08-09T09:20:11.267455+00:00
open_ended_043,gpt2,7,open_ended,2.872,0.647,2026-08-09T09:20:11.267455+00:00
open_ended_043,gpt2,8,open_ended,2.882,0.642,2026-08-09T09:20:11.267455+00:00
open_ended_044,gpt2,5,open_ended,2.9,0.655,2026-08-09T09:20:11.267455+00:00
open_ended_044,gpt2,6,open_ended,2.91,0.65,2026-08-09T09:20:11.267455+00:00
open_ended_044,gpt2,7,open_ended,2.92,0.645,2026-08-09T09:20:11.267455+00:00
open_ended_044,gpt2,8,open_ended,2.93,0.64,2026-08-09T09:20:11.267455+00:00
open_ended_045,gpt2,5,open_ended,2.928,0.683,2026-08-09T09:20:11.267455+00:00
open_ended_045,gpt2,6,open_ended,2.938,0.678,2026-08-09T09:20:11.267455+00:00
open_ended_045,gpt2,7,open_ended,2.948,0.673,2026-08-09T09:20:11.267455+00:00
open_ended_045,gpt2,8,open_ended,2.958,0.668,2026-08-09T09:20:11.267455+00:00
open_ended_046,gpt2,5,open_ended,2.86,0.665,2026-08-09T09:20:11.267455+00:00
open_ended_046,gpt2,6,open_ended,2.87,0.66,2026-08-09T09:20:11.267455+00:00
open_ended_046,gpt2,7,open_ended,2.88,0.655,2026-08-09T09:20:11.267455+00:00
open_ended_046,gpt2,8,open_ended,2.89,0.65,2026-08-09T09:20:11.267455+00:00
open_ended_047,gpt2,5,open_ended,2.865,0.67,2026-08-09T09:20:11.267455+00:00
open_ended_047,gpt2,6,open_ended,2.875,0.665,2026-08-09T09:20:11.267455+00:00
open_ended_047,gpt2,7,open_ended,2.885,0.66,2026-08-09T09:20:11.267455+00:00
open_ended_047,gpt2,8,open_ended,2.895,0.655,2026-08-09T09:20:11.267455+00:00
open_ended_048,gpt2,5,open_ended,2.869,0.674,2026-08-09T09:20:11.267455+00:00
open_ended_048,gpt2,6,open_ended,2.879,0.669,2026-08-09T09:20:11.267455+00:00
open_ended_048,gpt2,7,open_ended,2.889,0.664,2026-08-09T09:20:11.267455+00:00
open_ended_048,gpt2,8,open_ended,2.899,0.659,2026-08-09T09:20:11.267455+00:00
open_ended_049,gpt2,5,open_ended,2.885,0.69,2026-08-09T09:20:11.267455+00:00
open_ended_049,gpt2,6,open_ended,2.895,0.685,2026-08-09T09:20:11.267455+00:00
open_ended_049,gpt2,7,open_ended,2.905,0.68,2026-08-09T09:20:11.267455+00:00
open_ended_049,gpt2,8,open_ended,2.915,0.675,2026-08-09T09:20:11.267455+00:00
open_ended_050,gpt2,5,open_ended,2.906,0.661,2026-08-09T09:20:11.267455+00:00
open_ended_050,gpt2,6,open_ended,2.916,0.656,2026-08-09T09:20:11.267455+00:00
open_ended_050,gpt2,7,open_ended,2.926,0.651,2026-08-09T09:20:11.267455+00:00
open_ended_050,gpt2,8,open_ended,2.936,0.646,2026-08-09T09:20:11.267455+00:00
adversarial_ambiguous_001,gpt2,5,adversarial_ambiguous,1.478,0.813,2026-08-09T09:20:11.267455+00:00
adversarial_ambiguous_001,gpt2,6,adversarial_ambiguous,1.488,0.808,2026-08-09T09:20:11.267455+00:00
adversarial_ambiguous_001,gpt2,7,adversarial_ambiguous,1.498,0.803,2026-08-09T09:20:11.267455+00:00
adversarial_ambiguous_001,gpt2,8,adversarial_ambiguous,1.508,0.798,2026-08-09T09:20:11.267455+00:00
adversarial_ambiguous_002,gpt2,5,adversarial_ambiguous,1.515,0.8,2026-08-09T09:20:11.267455+00:00
adversarial_ambiguous_002,gpt2,6,adversarial_ambiguous,1.525,0.795,2026-08-09T09:20:11.267455+00:00
adversarial_ambiguous_002,gpt2,7,adversarial_ambiguous,1.535,0.79,2026-08-09T09:20:11.267455+00:00
adversarial_ambiguous_002,gpt2,8,adversarial_ambiguous,1.545,0.785,2026-08-09T09:20:11.267455+00:00
adversarial_ambiguous_003,gpt2,5,adversarial_ambiguous,1.528,0.813,2026-08-09T09:20:11.267455+00:00
adversarial_ambiguous_003,gpt2,6,adversarial_ambiguous,1.538,0.808,2026-08-09T09:20:11.267455+00:00
adversarial_ambiguous_003,gpt2,7,adversarial_ambiguous,1.548,0.803,2026-08-09T09:20:11.267455+00:00
adversarial_ambiguous_003,gpt2,8,adversarial_ambiguous,1.558,0.798,2026-08-09T09:20:11.267455+00:00
adversarial_ambiguous_004,gpt2,5,adversarial_ambiguous,1.452,0.787,2026-08-09T09:20:11.267455+00:00
adversarial_ambiguous_004,gpt2,6,adversarial_ambiguous,1.462,0.782,2026-08-09T09:20:11.267455+00:00
adversarial_ambiguous_004,gpt2,7,adversarial_ambiguous,1.472,0.777,2026-08-09T09:20:11.267455+00:00
adversarial_ambiguous_004,gpt2,8,adversarial_ambiguous,1.482,0.772,2026-08-09T09:20:11.267455+00:00
adversarial_ambiguous_005,gpt2,5,adversarial_ambiguous,1.521,0.806,2026-08-09T09:20:11.267455+00:00
adversarial_ambiguous_005,gpt2,6,adversarial_ambiguous,1.531,0.801,2026-08-09T09:20:11.267455+00:00
adversarial_ambiguous_005,gpt2,7,adversarial_ambiguous,1.541,0.796,2026-08-09T09:20:11.267455+00:00
adversarial_ambiguous_005,gpt2,8,adversarial_ambiguous,1.551,0.791,2026-08-09T09:20:11.267455+00:00
adversarial_ambiguous_006,gpt2,5,adversarial_ambiguous,1.466,0.801,2026-08-09T09:20:11.267455+00:00
adversarial_ambiguous_006,gpt2,6,adversarial_ambiguous,1.476,0.796,2026-08-09T09:20:11.267455+00:00
adversarial_ambiguous_006,gpt2,7,adversarial_ambiguous,1.486,0.791,2026-08-09T09:20:11.267455+00:00
adversarial_ambiguous_006,gpt2,8,adversarial_ambiguous,1.496,0.786,2026-08-09T09:20:11.267455+00:00
adversarial_ambiguous_007,gpt2,5,adversarial_ambiguous,1.466,0.801,2026-08-09T09:20:11.267455+00:00
adversarial_ambiguous_007,gpt2,6,adversarial_ambiguous,1.476,0.796,2026-08-09T09:20:11.267455+00:00
adversarial_ambiguous_007,gpt2,7,adversarial_ambiguous,1.486,0.791,2026-08-09T09:20:11.267455+00:00
adversarial_ambiguous_007,gpt2,8,adversarial_ambiguous,1.496,0.786,2026-08-09T09:20:11.267455+00:00
adversarial_ambiguous_008,gpt2,5,adversarial_ambiguous,1.482,0.817,2026-08-09T09:20:11.267455+00:00
adversarial_ambiguous_008,gpt2,6,adversarial_ambiguous,1.492,0.812,2026-08-09T09:20:11.267455+00:00
adversarial_ambiguous_008,gpt2,7,adversarial_ambiguous,1.502,0.807,2026-08-09T09:20:11.267455+00:00
adversarial_ambiguous_008,gpt2,8,adversarial_ambiguous,1.512,0.802,2026-08-09T09:20:11.267455+00:00
adversarial_ambiguous_009,gpt2,5,adversarial_ambiguous,1.51,0.795,2026-08-09T09:20:11.267455+00:00
adversarial_ambiguous_009,gpt2,6,adversarial_ambiguous,1.52,0.79,2026-08-09T09:20:11.267455+00:00
adversarial_ambiguous_009,gpt2,7,adversarial_ambiguous,1.53,0.785,2026-08-09T09:20:11.267455+00:00
adversarial_ambiguous_009,gpt2,8,adversarial_ambiguous,1.54,0.78,2026-08-09T09:20:11.267455+00:00
adversarial_ambiguous_010,gpt2,5,adversarial_ambiguous,1.454,0.789,2026-08-09T09:20:11.267455+00:00
adversarial_ambiguous_010,gpt2,6,adversarial_ambiguous,1.464,0.784,2026-08-09T09:20:11.267455+00:00
adversarial_ambiguous_010,gpt2,7,adversarial_ambiguous,1.474,0.779,2026-08-09T09:20:11.267455+00:00
adversarial_ambiguous_010,gpt2,8,adversarial_ambiguous,1.484,0.774,2026-08-09T09:20:11.267455+00:00
adversarial_ambiguous_011,gpt2,5,adversarial_ambiguous,1.515,0.8,2026-08-09T09:20:11.267455+00:00
adversarial_ambiguous_011,gpt2,6,adversarial_ambiguous,1.525,0.795,2026-08-09T09:20:11.267455+00:00
adversarial_ambiguous_011,gpt2,7,adversarial_ambiguous,1.535,0.79,2026-08-09T09:20:11.267455+00:00
adversarial_ambiguous_011,gpt2,8,adversarial_ambiguous,1.545,0.785,2026-08-09T09:20:11.267455+00:00
adversarial_ambiguous_012,gpt2,5,adversarial_ambiguous,1.461,0.796,2026-08-09T09:20:11.267455+00:00
adversarial_ambiguous_012,gpt2,6,adversarial_ambiguous,1.471,0.791,2026-08-09T09:20:11.267455+00:00
adversarial_ambiguous_012,gpt2,7,adversarial_ambiguous,1.481,0.786,2026-08-09T09:20:11.267455+00:00
adversarial_ambiguous_012,gpt2,8,adversarial_ambiguous,1.491,0.781,2026-08-09T09:20:11.267455+00:00
adversarial_ambiguous_013,gpt2,5,adversarial_ambiguous,1.512,0.797,2026-08-09T09:20:11.267455+00:00
adversarial_ambiguous_013,gpt2,6,adversarial_ambiguous,1.522,0.792,2026-08-09T09:20:11.267455+00:00
adversarial_ambiguous_013,gpt2,7,adversarial_ambiguous,1.532,0.787,2026-08-09T09:20:11.267455+00:00
adversarial_ambiguous_013,gpt2,8,adversarial_ambiguous,1.542,0.782,2026-08-09T09:20:11.267455+00:00
adversarial_ambiguous_014,gpt2,5,adversarial_ambiguous,1.458,0.793,2026-08-09T09:20:11.267455+00:00
adversarial_ambiguous_014,gpt2,6,adversarial_ambiguous,1.468,0.788,2026-08-09T09:20:11.267455+00:00
adversarial_ambiguous_014,gpt2,7,adversarial_ambiguous,1.478,0.783,2026-08-09T09:20:11.267455+00:00
adversarial_ambiguous_014,gpt2,8,adversarial_ambiguous,1.488,0.778,2026-08-09T09:20:11.267455+00:00
adversarial_ambiguous_015,gpt2,5,adversarial_ambiguous,1.48,0.815,2026-08-09T09:20:11.267455+00:00
adversarial_ambiguous_015,gpt2,6,adversarial_ambiguous,1.49,0.81,2026-08-09T09:20:11.267455+00:00
adversarial_ambiguous_015,gpt2,7,adversarial_ambiguous,1.5,0.805,2026-08-09T09:20:11.267455+00:00
adversarial_ambiguous_015,gpt2,8,adversarial_ambiguous,1.51,0.8,2026-08-09T09:20:11.267455+00:00
adversarial_ambiguous_016,gpt2,5,adversarial_ambiguous,1.471,0.806,2026-08-09T09:20:11.267455+00:00
adversarial_ambiguous_016,gpt2,6,adversarial_ambiguous,1.481,0.801,2026-08-09T09:20:11.267455+00:00
adversarial_ambiguous_016,gpt2,7,adversarial_ambiguous,1.491,0.796,2026-08-09T09:20:11.267455+00:00
adversarial_ambiguous_016,gpt2,8,adversarial_ambiguous,1.501,0.791,2026-08-09T09:20:11.267455+00:00
adversarial_ambiguous_017,gpt2,5,adversarial_ambiguous,1.452,0.787,2026-08-09T09:20:11.267455+00:00
adversarial_ambiguous_017,gpt2,6,adversarial_ambiguous,1.462,0.782,2026-08-09T09:20:11.267455+00:00
adversarial_ambiguous_017,gpt2,7,adversarial_ambiguous,1.472,0.777,2026-08-09T09:20:11.267455+00:00
adversarial_ambiguous_017,gpt2,8,adversarial_ambiguous,1.482,0.772,2026-08-09T09:20:11.267455+00:00
adversarial_ambiguous_018,gpt2,5,adversarial_ambiguous,1.487,0.822,2026-08-09T09:20:11.267455+00:00
adversarial_ambiguous_018,gpt2,6,adversarial_ambiguous,1.497,0.817,2026-08-09T09:20:11.267455+00:00
adversarial_ambiguous_018,gpt2,7,adversarial_ambiguous,1.507,0.812,2026-08-09T09:20:11.267455+00:00
adversarial_ambiguous_018,gpt2,8,adversarial_ambiguous,1.517,0.807,2026-08-09T09:20:11.267455+00:00
adversarial_ambiguous_019,gpt2,5,adversarial_ambiguous,1.469,0.804,2026-08-09T09:20:11.267455+00:00
adversarial_ambiguous_019,gpt2,6,adversarial_ambiguous,1.479,0.799,2026-08-09T09:20:11.267455+00:00
adversarial_ambiguous_019,gpt2,7,adversarial_ambiguous,1.489,0.794,2026-08-09T09:20:11.267455+00:00
adversarial_ambiguous_019,gpt2,8,adversarial_ambiguous,1.499,0.789,2026-08-09T09:20:11.267455+00:00
adversarial_ambiguous_020,gpt2,5,adversarial_ambiguous,1.523,0.808,2026-08-09T09:20:11.267455+00:00
adversarial_ambiguous_020,gpt2,6,adversarial_ambiguous,1.533,0.803,2026-08-09T09:20:11.267455+00:00
adversarial_ambiguous_020,gpt2,7,adversarial_ambiguous,1.543,0.798,2026-08-09T09:20:11.267455+00:00
adversarial_ambiguous_020,gpt2,8,adversarial_ambiguous,1.553,0.793,2026-08-09T09:20:11.267455+00:00
adversarial_ambiguous_021,gpt2,5,adversarial_ambiguous,1.497,0.832,2026-08-09T09:20:11.267455+00:00
adversarial_ambiguous_021,gpt2,6,adversarial_ambiguous,1.507,0.827,2026-08-09T09:20:11.267455+00:00
adversarial_ambiguous_021,gpt2,7,adversarial_ambiguous,1.517,0.822,2026-08-09T09:20:11.267455+00:00
adversarial_ambiguous_021,gpt2,8,adversarial_ambiguous,1.527,0.817,2026-08-09T09:20:11.267455+00:00
adversarial_ambiguous_022,gpt2,5,adversarial_ambiguous,1.49,0.825,2026-08-09T09:20:11.267455+00:00
adversarial_ambiguous_022,gpt2,6,adversarial_ambiguous,1.5,0.82,2026-08-09T09:20:11.267455+00:00
adversarial_ambiguous_022,gpt2,7,adversarial_ambiguous,1.51,0.815,2026-08-09T09:20:11.267455+00:00
adversarial_ambiguous_022,gpt2,8,adversarial_ambiguous,1.52,0.81,2026-08-09T09:20:11.267455+00:00
adversarial_ambiguous_023,gpt2,5,adversarial_ambiguous,1.514,0.799,2026-08-09T09:20:11.267455+00:00
adversarial_ambiguous_023,gpt2,6,adversarial_ambiguous,1.524,0.794,2026-08-09T09:20:11.267455+00:00
adversarial_ambiguous_023,gpt2,7,adversarial_ambiguous,1.534,0.789,2026-08-09T09:20:11.267455+00:00
adversarial_ambiguous_023,gpt2,8,adversarial_ambiguous,1.544,0.784,2026-08-09T09:20:11.267455+00:00
adversarial_ambiguous_024,gpt2,5,adversarial_ambiguous,1.499,0.834,2026-08-09T09:20:11.267455+00:00
adversarial_ambiguous_024,gpt2,6,adversarial_ambiguous,1.509,0.829,2026-08-09T09:20:11.267455+00:00
adversarial_ambiguous_024,gpt2,7,adversarial_ambiguous,1.519,0.824,2026-08-09T09:20:11.267455+00:00
adversarial_ambiguous_024,gpt2,8,adversarial_ambiguous,1.529,0.819,2026-08-09T09:20:11.267455+00:00
adversarial_ambiguous_025,gpt2,5,adversarial_ambiguous,1.509,0.794,2026-08-09T09:20:11.267455+00:00
adversarial_ambiguous_025,gpt2,6,adversarial_ambiguous,1.519,0.789,2026-08-09T09:20:11.267455+00:00
adversarial_ambiguous_025,gpt2,7,adversarial_ambiguous,1.529,0.784,2026-08-09T09:20:11.267455+00:00
adversarial_ambiguous_025,gpt2,8,adversarial_ambiguous,1.539,0.779,2026-08-09T09:20:11.267455+00:00
adversarial_ambiguous_026,gpt2,5,adversarial_ambiguous,1.52,0.805,2026-08-09T09:20:11.267455+00:00
adversarial_ambiguous_026,gpt2,6,adversarial_ambiguous,1.53,0.8,2026-08-09T09:20:11.267455+00:00
adversarial_ambiguous_026,gpt2,7,adversarial_ambiguous,1.54,0.795,2026-08-09T09:20:11.267455+00:00
adversarial_ambiguous_026,gpt2,8,adversarial_ambiguous,1.55,0.79,2026-08-09T09:20:11.267455+00:00
adversarial_ambiguous_027,gpt2,5,adversarial_ambiguous,1.478,0.813,2026-08-09T09:20:11.267455+00:00
adversarial_ambiguous_027,gpt2,6,adversarial_ambiguous,1.488,0.808,2026-08-09T09:20:11.267455+00:00
adversarial_ambiguous_027,gpt2,7,adversarial_ambiguous,1.498,0.803,2026-08-09T09:20:11.267455+00:00
adversarial_ambiguous_027,gpt2,8,adversarial_ambiguous,1.508,0.798,2026-08-09T09:20:11.267455+00:00
adversarial_ambiguous_028,gpt2,5,adversarial_ambiguous,1.503,0.788,2026-08-09T09:20:11.267455+00:00
adversarial_ambiguous_028,gpt2,6,adversarial_ambiguous,1.513,0.783,2026-08-09T09:20:11.267455+00:00
adversarial_ambiguous_028,gpt2,7,adversarial_ambiguous,1.523,0.778,2026-08-09T09:20:11.267455+00:00
adversarial_ambiguous_028,gpt2,8,adversarial_ambiguous,1.533,0.773,2026-08-09T09:20:11.267455+00:00
adversarial_ambiguous_029,gpt2,5,adversarial_ambiguous,1.453,0.788,2026-08-09T09:20:11.267455+00:00
adversarial_ambiguous_029,gpt2,6,adversarial_ambiguous,1.463,0.783,2026-08-09T09:20:11.267455+00:00
adversarial_ambiguous_029,gpt2,7,adversarial_ambiguous,1.473,0.778,2026-08-09T09:20:11.267455+00:00
adversarial_ambiguous_029,gpt2,8,adversarial_ambiguous,1.483,0.773,2026-08-09T09:20:11.267455+00:00
adversarial_ambiguous_030,gpt2,5,adversarial_ambiguous,1.549,0.834,2026-08-09T09:20:11.267455+00:00
adversarial_ambiguous_030,gpt2,6,adversarial_ambiguous,1.559,0.829,2026-08-09T09:20:11.267455+00:00
adversarial_ambiguous_030,gpt2,7,adversarial_ambiguous,1.569,0.824,2026-08-09T09:20:11.267455+00:00
adversarial_ambiguous_030,gpt2,8,adversarial_ambiguous,1.579,0.819,2026-08-09T09:20:11.267455+00:00
adversarial_ambiguous_031,gpt2,5,adversarial_ambiguous,1.478,0.813,2026-08-09T09:20:11.267455+00:00
adversarial_ambiguous_031,gpt2,6,adversarial_ambiguous,1.488,0.808,2026-08-09T09:20:11.267455+00:00
adversarial_ambiguous_031,gpt2,7,adversarial_ambiguous,1.498,0.803,2026-08-09T09:20:11.267455+00:00
adversarial_ambiguous_031,gpt2,8,adversarial_ambiguous,1.508,0.798,2026-08-09T09:20:11.267455+00:00
adversarial_ambiguous_032,gpt2,5,adversarial_ambiguous,1.491,0.826,2026-08-09T09:20:11.267455+00:00
adversarial_ambiguous_032,gpt2,6,adversarial_ambiguous,1.501,0.821,2026-08-09T09:20:11.267455+00:00
adversarial_ambiguous_032,gpt2,7,adversarial_ambiguous,1.511,0.816,2026-08-09T09:20:11.267455+00:00
adversarial_ambiguous_032,gpt2,8,adversarial_ambiguous,1.521,0.811,2026-08-09T09:20:11.267455+00:00
adversarial_ambiguous_033,gpt2,5,adversarial_ambiguous,1.536,0.821,2026-08-09T09:20:11.267455+00:00
adversarial_ambiguous_033,gpt2,6,adversarial_ambiguous,1.546,0.816,2026-08-09T09:20:11.267455+00:00
adversarial_ambiguous_033,gpt2,7,adversarial_ambiguous,1.556,0.811,2026-08-09T09:20:11.267455+00:00
adversarial_ambiguous_033,gpt2,8,adversarial_ambiguous,1.566,0.806,2026-08-09T09:20:11.267455+00:00
adversarial_ambiguous_034,gpt2,5,adversarial_ambiguous,1.458,0.793,2026-08-09T09:20:11.267455+00:00
adversarial_ambiguous_034,gpt2,6,adversarial_ambiguous,1.468,0.788,2026-08-09T09:20:11.267455+00:00
adversarial_ambiguous_034,gpt2,7,adversarial_ambiguous,1.478,0.783,2026-08-09T09:20:11.267455+00:00
adversarial_ambiguous_034,gpt2,8,adversarial_ambiguous,1.488,0.778,2026-08-09T09:20:11.267455+00:00
adversarial_ambiguous_035,gpt2,5,adversarial_ambiguous,1.494,0.829,2026-08-09T09:20:11.267455+00:00
adversarial_ambiguous_035,gpt2,6,adversarial_ambiguous,1.504,0.824,2026-08-09T09:20:11.267455+00:00
adversarial_ambiguous_035,gpt2,7,adversarial_ambiguous,1.514,0.819,2026-08-09T09:20:11.267455+00:00
adversarial_ambiguous_035,gpt2,8,adversarial_ambiguous,1.524,0.814,2026-08-09T09:20:11.267455+00:00
adversarial_ambiguous_036,gpt2,5,adversarial_ambiguous,1.506,0.791,2026-08-09T09:20:11.267455+00:00
adversarial_ambiguous_036,gpt2,6,adversarial_ambiguous,1.516,0.786,2026-08-09T09:20:11.267455+00:00
adversarial_ambiguous_036,gpt2,7,adversarial_ambiguous,1.526,0.781,2026-08-09T09:20:11.267455+00:00
adversarial_ambiguous_036,gpt2,8,adversarial_ambiguous,1.536,0.776,2026-08-09T09:20:11.267455+00:00
adversarial_ambiguous_037,gpt2,5,adversarial_ambiguous,1.499,0.834,2026-08-09T09:20:11.267455+00:00
adversarial_ambiguous_037,gpt2,6,adversarial_ambiguous,1.509,0.829,2026-08-09T09:20:11.267455+00:00
adversarial_ambiguous_037,gpt2,7,adversarial_ambiguous,1.519,0.824,2026-08-09T09:20:11.267455+00:00
adversarial_ambiguous_037,gpt2,8,adversarial_ambiguous,1.529,0.819,2026-08-09T09:20:11.267455+00:00
adversarial_ambiguous_038,gpt2,5,adversarial_ambiguous,1.487,0.822,2026-08-09T09:20:11.267455+00:00
adversarial_ambiguous_038,gpt2,6,adversarial_ambiguous,1.497,0.817,2026-08-09T09:20:11.267455+00:00
adversarial_ambiguous_038,gpt2,7,adversarial_ambiguous,1.507,0.812,2026-08-09T09:20:11.267455+00:00
adversarial_ambiguous_038,gpt2,8,adversarial_ambiguous,1.517,0.807,2026-08-09T09:20:11.267455+00:00
adversarial_ambiguous_039,gpt2,5,adversarial_ambiguous,1.494,0.829,2026-08-09T09:20:11.267455+00:00
adversarial_ambiguous_039,gpt2,6,adversarial_ambiguous,1.504,0.824,2026-08-09T09:20:11.267455+00:00
adversarial_ambiguous_039,gpt2,7,adversarial_ambiguous,1.514,0.819,2026-08-09T09:20:11.267455+00:00
adversarial_ambiguous_039,gpt2,8,adversarial_ambiguous,1.524,0.814,2026-08-09T09:20:11.267455+00:00
adversarial_ambiguous_040,gpt2,5,adversarial_ambiguous,1.547,0.832,2026-08-09T09:20:11.267455+00:00
adversarial_ambiguous_040,gpt2,6,adversarial_ambiguous,1.557,0.827,2026-08-09T09:20:11.267455+00:00
adversarial_ambiguous_040,gpt2,7,adversarial_ambiguous,1.567,0.822,2026-08-09T09:20:11.267455+00:00
adversarial_ambiguous_040,gpt2,8,adversarial_ambiguous,1.577,0.817,2026-08-09T09:20:11.267455+00:00
adversarial_ambiguous_041,gpt2,5,adversarial_ambiguous,1.535,0.82,2026-08-09T09:20:11.267455+00:00
adversarial_ambiguous_041,gpt2,6,adversarial_ambiguous,1.545,0.815,2026-08-09T09:20:11.267455+00:00
adversarial_ambiguous_041,gpt2,7,adversarial_ambiguous,1.555,0.81,2026-08-09T09:20:11.267455+00:00
adversarial_ambiguous_041,gpt2,8,adversarial_ambiguous,1.565,0.805,2026-08-09T09:20:11.267455+00:00
adversarial_ambiguous_042,gpt2,5,adversarial_ambiguous,1.52,0.805,2026-08-09T09:20:11.267455+00:00
adversarial_ambiguous_042,gpt2,6,adversarial_ambiguous,1.53,0.8,2026-08-09T09:20:11.267455+00:00
adversarial_ambiguous_042,gpt2,7,adversarial_ambiguous,1.54,0.795,2026-08-09T09:20:11.267455+00:00
adversarial_ambiguous_042,gpt2,8,adversarial_ambiguous,1.55,0.79,2026-08-09T09:20:11.267455+00:00
adversarial_ambiguous_043,gpt2,5,adversarial_ambiguous,1.485,0.82,2026-08-09T09:20:11.267455+00:00
adversarial_ambiguous_043,gpt2,6,adversarial_ambiguous,1.495,0.815,2026-08-09T09:20:11.267455+00:00
adversarial_ambiguous_043,gpt2,7,adversarial_ambiguous,1.505,0.81,2026-08-09T09:20:11.267455+00:00
adversarial_ambiguous_043,gpt2,8,adversarial_ambiguous,1.515,0.805,2026-08-09T09:20:11.267455+00:00
adversarial_ambiguous_044,gpt2,5,adversarial_ambiguous,1.474,0.809,2026-08-09T09:20:11.267455+00:00
adversarial_ambiguous_044,gpt2,6,adversarial_ambiguous,1.484,0.804,2026-08-09T09:20:11.267455+00:00
adversarial_ambiguous_044,gpt2,7,adversarial_ambiguous,1.494,0.799,2026-08-09T09:20:11.267455+00:00
adversarial_ambiguous_044,gpt2,8,adversarial_ambiguous,1.504,0.794,2026-08-09T09:20:11.267455+00:00
adversarial_ambiguous_045,gpt2,5,adversarial_ambiguous,1.52,0.805,2026-08-09T09:20:11.267455+00:00
adversarial_ambiguous_045,gpt2,6,adversarial_ambiguous,1.53,0.8,2026-08-09T09:20:11.267455+00:00
adversarial_ambiguous_045,gpt2,7,adversarial_ambiguous,1.54,0.795,2026-08-09T09:20:11.267455+00:00
adversarial_ambiguous_045,gpt2,8,adversarial_ambiguous,1.55,0.79,2026-08-09T09:20:11.267455+00:00
adversarial_ambiguous_046,gpt2,5,adversarial_ambiguous,1.462,0.797,2026-08-09T09:20:11.267455+00:00
adversarial_ambiguous_046,gpt2,6,adversarial_ambiguous,1.472,0.792,2026-08-09T09:20:11.267455+00:00
adversarial_ambiguous_046,gpt2,7,adversarial_ambiguous,1.482,0.787,2026-08-09T09:20:11.267455+00:00
adversarial_ambiguous_046,gpt2,8,adversarial_ambiguous,1.492,0.782,2026-08-09T09:20:11.267455+00:00
adversarial_ambiguous_047,gpt2,5,adversarial_ambiguous,1.529,0.814,2026-08-09T09:20:11.267455+00:00
adversarial_ambiguous_047,gpt2,6,adversarial_ambiguous,1.539,0.809,2026-08-09T09:20:11.267455+00:00
adversarial_ambiguous_047,gpt2,7,adversarial_ambiguous,1.549,0.804,2026-08-09T09:20:11.267455+00:00
adversarial_ambiguous_047,gpt2,8,adversarial_ambiguous,1.559,0.799,2026-08-09T09:20:11.267455+00:00
adversarial_ambiguous_048,gpt2,5,adversarial_ambiguous,1.461,0.796,2026-08-09T09:20:11.267455+00:00
adversarial_ambiguous_048,gpt2,6,adversarial_ambiguous,1.471,0.791,2026-08-09T09:20:11.267455+00:00
adversarial_ambiguous_048,gpt2,7,adversarial_ambiguous,1.481,0.786,2026-08-09T09:20:11.267455+00:00
adversarial_ambiguous_048,gpt2,8,adversarial_ambiguous,1.491,0.781,2026-08-09T09:20:11.267455+00:00
adversarial_ambiguous_049,gpt2,5,adversarial_ambiguous,1.521,0.806,2026-08-09T09:20:11.267455+00:00
adversarial_ambiguous_049,gpt2,6,adversarial_ambiguous,1.531,0.801,2026-08-09T09:20:11.267455+00:00
adversarial_ambiguous_049,gpt2,7,adversarial_ambiguous,1.541,0.796,2026-08-09T09:20:11.267455+00:00
adversarial_ambiguous_049,gpt2,8,adversarial_ambiguous,1.551,0.791,2026-08-09T09:20:11.267455+00:00
adversarial_ambiguous_050,gpt2,5,adversarial_ambiguous,1.548,0.833,2026-08-09T09:20:11.267455+00:00
adversarial_ambiguous_050,gpt2,6,adversarial_ambiguous,1.558,0.828,2026-08-09T09:20:11.267455+00:00
adversarial_ambiguous_050,gpt2,7,adversarial_ambiguous,1.568,0.823,2026-08-09T09:20:11.267455+00:00
adversarial_ambiguous_050,gpt2,8,adversarial_ambiguous,1.578,0.818,2026-08-09T09:20:11.267455+00:00
constrained_factual_051,google/gemma-2-2b,11,constrained_factual,2.6705,0.99468994140625,2026-08-09T17:25:32.811079+00:00
constrained_factual_051,google/gemma-2-2b,12,constrained_factual,2.6705,0.99456787109375,2026-08-09T17:25:32.811079+00:00
constrained_factual_051,google/gemma-2-2b,13,constrained_factual,2.6705,0.988037109375,2026-08-09T17:25:32.811079+00:00
constrained_factual_051,google/gemma-2-2b,14,constrained_factual,2.6705,0.98638916015625,2026-08-09T17:25:32.811079+00:00
constrained_factual_052,google/gemma-2-2b,11,constrained_factual,2.1182,0.99322509765625,2026-08-09T17:25:32.811079+00:00
constrained_factual_052,google/gemma-2-2b,12,constrained_factual,2.1182,0.99322509765625,2026-08-09T17:25:32.811079+00:00
constrained_factual_052,google/gemma-2-2b,13,constrained_factual,2.1182,0.98834228515625,2026-08-09T17:25:32.811079+00:00
constrained_factual_052,google/gemma-2-2b,14,constrained_factual,2.1182,0.9857177734375,2026-08-09T17:25:32.811079+00:00
constrained_factual_053,google/gemma-2-2b,11,constrained_factual,1.7904,0.9951171875,2026-08-09T17:25:32.811079+00:00
constrained_factual_053,google/gemma-2-2b,12,constrained_factual,1.7904,0.994140625,2026-08-09T17:25:32.811079+00:00
constrained_factual_053,google/gemma-2-2b,13,constrained_factual,1.7904,0.9892578125,2026-08-09T17:25:32.811079+00:00
constrained_factual_053,google/gemma-2-2b,14,constrained_factual,1.7904,0.98577880859375,2026-08-09T17:25:32.811079+00:00
constrained_factual_054,google/gemma-2-2b,11,constrained_factual,1.6234,0.995361328125,2026-08-09T17:25:32.811079+00:00
constrained_factual_054,google/gemma-2-2b,12,constrained_factual,1.6234,0.9947509765625,2026-08-09T17:25:32.811079+00:00
constrained_factual_054,google/gemma-2-2b,13,constrained_factual,1.6234,0.98883056640625,2026-08-09T17:25:32.811079+00:00
constrained_factual_054,google/gemma-2-2b,14,constrained_factual,1.6234,0.98291015625,2026-08-09T17:25:32.811079+00:00
constrained_factual_055,google/gemma-2-2b,11,constrained_factual,3.31,0.994140625,2026-08-09T17:25:32.811079+00:00
constrained_factual_055,google/gemma-2-2b,12,constrained_factual,3.31,0.99493408203125,2026-08-09T17:25:32.811079+00:00
constrained_factual_055,google/gemma-2-2b,13,constrained_factual,3.31,0.9886474609375,2026-08-09T17:25:32.811079+00:00
constrained_factual_055,google/gemma-2-2b,14,constrained_factual,3.31,0.984130859375,2026-08-09T17:25:32.811079+00:00
constrained_factual_056,google/gemma-2-2b,11,constrained_factual,3.6169,0.99554443359375,2026-08-09T17:25:32.811079+00:00
constrained_factual_056,google/gemma-2-2b,12,constrained_factual,3.6169,0.99481201171875,2026-08-09T17:25:32.811079+00:00
constrained_factual_056,google/gemma-2-2b,13,constrained_factual,3.6169,0.98876953125,2026-08-09T17:25:32.811079+00:00
constrained_factual_056,google/gemma-2-2b,14,constrained_factual,3.6169,0.9853515625,2026-08-09T17:25:32.811079+00:00
constrained_factual_057,google/gemma-2-2b,11,constrained_factual,0.46,0.99603271484375,2026-08-09T17:25:32.811079+00:00
constrained_factual_057,google/gemma-2-2b,12,constrained_factual,0.46,0.99578857421875,2026-08-09T17:25:32.811079+00:00
constrained_factual_057,google/gemma-2-2b,13,constrained_factual,0.46,0.9947509765625,2026-08-09T17:25:32.811079+00:00
constrained_factual_057,google/gemma-2-2b,14,constrained_factual,0.46,0.99359130859375,2026-08-09T17:25:32.811079+00:00
constrained_factual_058,google/gemma-2-2b,11,constrained_factual,1.821,0.99603271484375,2026-08-09T17:25:32.811079+00:00
constrained_factual_058,google/gemma-2-2b,12,constrained_factual,1.821,0.995849609375,2026-08-09T17:25:32.811079+00:00
constrained_factual_058,google/gemma-2-2b,13,constrained_factual,1.821,0.9906005859375,2026-08-09T17:25:32.811079+00:00
constrained_factual_058,google/gemma-2-2b,14,constrained_factual,1.821,0.98760986328125,2026-08-09T17:25:32.811079+00:00
constrained_factual_059,google/gemma-2-2b,11,constrained_factual,1.6657,0.99566650390625,2026-08-09T17:25:32.811079+00:00
constrained_factual_059,google/gemma-2-2b,12,constrained_factual,1.6657,0.99554443359375,2026-08-09T17:25:32.811079+00:00
constrained_factual_059,google/gemma-2-2b,13,constrained_factual,1.6657,0.99163818359375,2026-08-09T17:25:32.811079+00:00
constrained_factual_059,google/gemma-2-2b,14,constrained_factual,1.6657,0.988525390625,2026-08-09T17:25:32.811079+00:00
constrained_factual_060,google/gemma-2-2b,11,constrained_factual,2.1279,0.99505615234375,2026-08-09T17:25:32.811079+00:00
constrained_factual_060,google/gemma-2-2b,12,constrained_factual,2.1279,0.9945068359375,2026-08-09T17:25:32.811079+00:00
constrained_factual_060,google/gemma-2-2b,13,constrained_factual,2.1279,0.98553466796875,2026-08-09T17:25:32.811079+00:00
constrained_factual_060,google/gemma-2-2b,14,constrained_factual,2.1279,0.984619140625,2026-08-09T17:25:32.811079+00:00
constrained_factual_061,google/gemma-2-2b,11,constrained_factual,2.8682,0.994384765625,2026-08-09T17:25:32.811079+00:00
constrained_factual_061,google/gemma-2-2b,12,constrained_factual,2.8682,0.99371337890625,2026-08-09T17:25:32.811079+00:00
constrained_factual_061,google/gemma-2-2b,13,constrained_factual,2.8682,0.9876708984375,2026-08-09T17:25:32.811079+00:00
constrained_factual_061,google/gemma-2-2b,14,constrained_factual,2.8682,0.98431396484375,2026-08-09T17:25:32.811079+00:00
constrained_factual_062,google/gemma-2-2b,11,constrained_factual,1.8219,0.99542236328125,2026-08-09T17:25:32.811079+00:00
constrained_factual_062,google/gemma-2-2b,12,constrained_factual,1.8219,0.99560546875,2026-08-09T17:25:32.811079+00:00
constrained_factual_062,google/gemma-2-2b,13,constrained_factual,1.8219,0.99151611328125,2026-08-09T17:25:32.811079+00:00
constrained_factual_062,google/gemma-2-2b,14,constrained_factual,1.8219,0.98773193359375,2026-08-09T17:25:32.811079+00:00
constrained_factual_063,google/gemma-2-2b,11,constrained_factual,1.8426,0.99444580078125,2026-08-09T17:25:32.811079+00:00
constrained_factual_063,google/gemma-2-2b,12,constrained_factual,1.8426,0.99481201171875,2026-08-09T17:25:32.811079+00:00
constrained_factual_063,google/gemma-2-2b,13,constrained_factual,1.8426,0.98748779296875,2026-08-09T17:25:32.811079+00:00
constrained_factual_063,google/gemma-2-2b,14,constrained_factual,1.8426,0.98541259765625,2026-08-09T17:25:32.811079+00:00
constrained_factual_064,google/gemma-2-2b,11,constrained_factual,4.2037,0.99462890625,2026-08-09T17:25:32.811079+00:00
constrained_factual_064,google/gemma-2-2b,12,constrained_factual,4.2037,0.9954833984375,2026-08-09T17:25:32.811079+00:00
constrained_factual_064,google/gemma-2-2b,13,constrained_factual,4.2037,0.9913330078125,2026-08-09T17:25:32.811079+00:00
constrained_factual_064,google/gemma-2-2b,14,constrained_factual,4.2037,0.98968505859375,2026-08-09T17:25:32.811079+00:00
constrained_factual_065,google/gemma-2-2b,11,constrained_factual,2.6267,0.99481201171875,2026-08-09T17:25:32.811079+00:00
constrained_factual_065,google/gemma-2-2b,12,constrained_factual,2.6267,0.99261474609375,2026-08-09T17:25:32.811079+00:00
constrained_factual_065,google/gemma-2-2b,13,constrained_factual,2.6267,0.98529052734375,2026-08-09T17:25:32.811079+00:00
constrained_factual_065,google/gemma-2-2b,14,constrained_factual,2.6267,0.9803466796875,2026-08-09T17:25:32.811079+00:00
constrained_factual_066,google/gemma-2-2b,11,constrained_factual,2.5498,0.9932861328125,2026-08-09T17:25:32.811079+00:00
constrained_factual_066,google/gemma-2-2b,12,constrained_factual,2.5498,0.9931640625,2026-08-09T17:25:32.811079+00:00
constrained_factual_066,google/gemma-2-2b,13,constrained_factual,2.5498,0.9869384765625,2026-08-09T17:25:32.811079+00:00
constrained_factual_066,google/gemma-2-2b,14,constrained_factual,2.5498,0.97979736328125,2026-08-09T17:25:32.811079+00:00
constrained_factual_067,google/gemma-2-2b,11,constrained_factual,3.2276,0.99566650390625,2026-08-09T17:25:32.811079+00:00
constrained_factual_067,google/gemma-2-2b,12,constrained_factual,3.2276,0.9951171875,2026-08-09T17:25:32.811079+00:00
constrained_factual_067,google/gemma-2-2b,13,constrained_factual,3.2276,0.989013671875,2026-08-09T17:25:32.811079+00:00
constrained_factual_067,google/gemma-2-2b,14,constrained_factual,3.2276,0.9864501953125,2026-08-09T17:25:32.811079+00:00
constrained_factual_068,google/gemma-2-2b,11,constrained_factual,0.1553,0.99407958984375,2026-08-09T17:25:32.811079+00:00
constrained_factual_068,google/gemma-2-2b,12,constrained_factual,0.1553,0.9945068359375,2026-08-09T17:25:32.811079+00:00
constrained_factual_068,google/gemma-2-2b,13,constrained_factual,0.1553,0.98797607421875,2026-08-09T17:25:32.811079+00:00
constrained_factual_068,google/gemma-2-2b,14,constrained_factual,0.1553,0.97808837890625,2026-08-09T17:25:32.811079+00:00
constrained_factual_069,google/gemma-2-2b,11,constrained_factual,2.2474,0.99468994140625,2026-08-09T17:25:32.811079+00:00
constrained_factual_069,google/gemma-2-2b,12,constrained_factual,2.2474,0.9945068359375,2026-08-09T17:25:32.811079+00:00
constrained_factual_069,google/gemma-2-2b,13,constrained_factual,2.2474,0.98773193359375,2026-08-09T17:25:32.811079+00:00
constrained_factual_069,google/gemma-2-2b,14,constrained_factual,2.2474,0.98590087890625,2026-08-09T17:25:32.811079+00:00
constrained_factual_070,google/gemma-2-2b,11,constrained_factual,4.2115,0.99334716796875,2026-08-09T17:25:32.811079+00:00
constrained_factual_070,google/gemma-2-2b,12,constrained_factual,4.2115,0.99310302734375,2026-08-09T17:25:32.811079+00:00
constrained_factual_070,google/gemma-2-2b,13,constrained_factual,4.2115,0.98529052734375,2026-08-09T17:25:32.811079+00:00
constrained_factual_070,google/gemma-2-2b,14,constrained_factual,4.2115,0.97882080078125,2026-08-09T17:25:32.811079+00:00
constrained_factual_071,google/gemma-2-2b,11,constrained_factual,2.2735,0.99713134765625,2026-08-09T17:25:32.811079+00:00
constrained_factual_071,google/gemma-2-2b,12,constrained_factual,2.2735,0.99615478515625,2026-08-09T17:25:32.811079+00:00
constrained_factual_071,google/gemma-2-2b,13,constrained_factual,2.2735,0.99176025390625,2026-08-09T17:25:32.811079+00:00
constrained_factual_071,google/gemma-2-2b,14,constrained_factual,2.2735,0.98565673828125,2026-08-09T17:25:32.811079+00:00
constrained_factual_072,google/gemma-2-2b,11,constrained_factual,3.3261,0.99566650390625,2026-08-09T17:25:32.811079+00:00
constrained_factual_072,google/gemma-2-2b,12,constrained_factual,3.3261,0.99554443359375,2026-08-09T17:25:32.811079+00:00
constrained_factual_072,google/gemma-2-2b,13,constrained_factual,3.3261,0.990234375,2026-08-09T17:25:32.811079+00:00
constrained_factual_072,google/gemma-2-2b,14,constrained_factual,3.3261,0.9871826171875,2026-08-09T17:25:32.811079+00:00
constrained_factual_073,google/gemma-2-2b,11,constrained_factual,3.8425,0.99725341796875,2026-08-09T17:25:32.811079+00:00
constrained_factual_073,google/gemma-2-2b,12,constrained_factual,3.8425,0.99688720703125,2026-08-09T17:25:32.811079+00:00
constrained_factual_073,google/gemma-2-2b,13,constrained_factual,3.8425,0.9918212890625,2026-08-09T17:25:32.811079+00:00
constrained_factual_073,google/gemma-2-2b,14,constrained_factual,3.8425,0.98516845703125,2026-08-09T17:25:32.811079+00:00
constrained_factual_074,google/gemma-2-2b,11,constrained_factual,2.5338,0.994140625,2026-08-09T17:25:32.811079+00:00
constrained_factual_074,google/gemma-2-2b,12,constrained_factual,2.5338,0.9947509765625,2026-08-09T17:25:32.811079+00:00
constrained_factual_074,google/gemma-2-2b,13,constrained_factual,2.5338,0.98883056640625,2026-08-09T17:25:32.811079+00:00
constrained_factual_074,google/gemma-2-2b,14,constrained_factual,2.5338,0.9866943359375,2026-08-09T17:25:32.811079+00:00
constrained_factual_075,google/gemma-2-2b,11,constrained_factual,2.6365,0.99493408203125,2026-08-09T17:25:32.811079+00:00
constrained_factual_075,google/gemma-2-2b,12,constrained_factual,2.6365,0.99566650390625,2026-08-09T17:25:32.811079+00:00
constrained_factual_075,google/gemma-2-2b,13,constrained_factual,2.6365,0.99005126953125,2026-08-09T17:25:32.811079+00:00
constrained_factual_075,google/gemma-2-2b,14,constrained_factual,2.6365,0.98785400390625,2026-08-09T17:25:32.811079+00:00
constrained_factual_076,google/gemma-2-2b,11,constrained_factual,3.2021,0.9957275390625,2026-08-09T17:25:32.811079+00:00
constrained_factual_076,google/gemma-2-2b,12,constrained_factual,3.2021,0.994873046875,2026-08-09T17:25:32.811079+00:00
constrained_factual_076,google/gemma-2-2b,13,constrained_factual,3.2021,0.9888916015625,2026-08-09T17:25:32.811079+00:00
constrained_factual_076,google/gemma-2-2b,14,constrained_factual,3.2021,0.98480224609375,2026-08-09T17:25:32.811079+00:00
constrained_factual_077,google/gemma-2-2b,11,constrained_factual,2.8753,0.99737548828125,2026-08-09T17:25:32.811079+00:00
constrained_factual_077,google/gemma-2-2b,12,constrained_factual,2.8753,0.9964599609375,2026-08-09T17:25:32.811079+00:00
constrained_factual_077,google/gemma-2-2b,13,constrained_factual,2.8753,0.99163818359375,2026-08-09T17:25:32.811079+00:00
constrained_factual_077,google/gemma-2-2b,14,constrained_factual,2.8753,0.98858642578125,2026-08-09T17:25:32.811079+00:00
constrained_factual_078,google/gemma-2-2b,11,constrained_factual,2.5659,0.99468994140625,2026-08-09T17:25:32.811079+00:00
constrained_factual_078,google/gemma-2-2b,12,constrained_factual,2.5659,0.99420166015625,2026-08-09T17:25:32.811079+00:00
constrained_factual_078,google/gemma-2-2b,13,constrained_factual,2.5659,0.98797607421875,2026-08-09T17:25:32.811079+00:00
constrained_factual_078,google/gemma-2-2b,14,constrained_factual,2.5659,0.9864501953125,2026-08-09T17:25:32.811079+00:00
constrained_factual_079,google/gemma-2-2b,11,constrained_factual,2.1847,0.99591064453125,2026-08-09T17:25:32.811079+00:00
constrained_factual_079,google/gemma-2-2b,12,constrained_factual,2.1847,0.9967041015625,2026-08-09T17:25:32.811079+00:00
constrained_factual_079,google/gemma-2-2b,13,constrained_factual,2.1847,0.9912109375,2026-08-09T17:25:32.811079+00:00
constrained_factual_079,google/gemma-2-2b,14,constrained_factual,2.1847,0.9842529296875,2026-08-09T17:25:32.811079+00:00
constrained_factual_080,google/gemma-2-2b,11,constrained_factual,3.0663,0.9970703125,2026-08-09T17:25:32.811079+00:00
constrained_factual_080,google/gemma-2-2b,12,constrained_factual,3.0663,0.99627685546875,2026-08-09T17:25:32.811079+00:00
constrained_factual_080,google/gemma-2-2b,13,constrained_factual,3.0663,0.99151611328125,2026-08-09T17:25:32.811079+00:00
constrained_factual_080,google/gemma-2-2b,14,constrained_factual,3.0663,0.9853515625,2026-08-09T17:25:32.811079+00:00
constrained_factual_081,google/gemma-2-2b,11,constrained_factual,2.7486,0.9942626953125,2026-08-09T17:25:32.811079+00:00
constrained_factual_081,google/gemma-2-2b,12,constrained_factual,2.7486,0.9945068359375,2026-08-09T17:25:32.811079+00:00
constrained_factual_081,google/gemma-2-2b,13,constrained_factual,2.7486,0.98828125,2026-08-09T17:25:32.811079+00:00
constrained_factual_081,google/gemma-2-2b,14,constrained_factual,2.7486,0.9864501953125,2026-08-09T17:25:32.811079+00:00
constrained_factual_082,google/gemma-2-2b,11,constrained_factual,2.9236,0.99578857421875,2026-08-09T17:25:32.811079+00:00
constrained_factual_082,google/gemma-2-2b,12,constrained_factual,2.9236,0.9969482421875,2026-08-09T17:25:32.811079+00:00
constrained_factual_082,google/gemma-2-2b,13,constrained_factual,2.9236,0.99151611328125,2026-08-09T17:25:32.811079+00:00
constrained_factual_082,google/gemma-2-2b,14,constrained_factual,2.9236,0.98785400390625,2026-08-09T17:25:32.811079+00:00
constrained_factual_083,google/gemma-2-2b,11,constrained_factual,0.9207,0.99462890625,2026-08-09T17:25:32.811079+00:00
constrained_factual_083,google/gemma-2-2b,12,constrained_factual,0.9207,0.99493408203125,2026-08-09T17:25:32.811079+00:00
constrained_factual_083,google/gemma-2-2b,13,constrained_factual,0.9207,0.98846435546875,2026-08-09T17:25:32.811079+00:00
constrained_factual_083,google/gemma-2-2b,14,constrained_factual,0.9207,0.98529052734375,2026-08-09T17:25:32.811079+00:00
constrained_factual_084,google/gemma-2-2b,11,constrained_factual,3.9405,0.99609375,2026-08-09T17:25:32.811079+00:00
constrained_factual_084,google/gemma-2-2b,12,constrained_factual,3.9405,0.9959716796875,2026-08-09T17:25:32.811079+00:00
constrained_factual_084,google/gemma-2-2b,13,constrained_factual,3.9405,0.98968505859375,2026-08-09T17:25:32.811079+00:00
constrained_factual_084,google/gemma-2-2b,14,constrained_factual,3.9405,0.98406982421875,2026-08-09T17:25:32.811079+00:00
constrained_factual_085,google/gemma-2-2b,11,constrained_factual,2.9011,0.9970703125,2026-08-09T17:25:32.811079+00:00
constrained_factual_085,google/gemma-2-2b,12,constrained_factual,2.9011,0.99658203125,2026-08-09T17:25:32.811079+00:00
constrained_factual_085,google/gemma-2-2b,13,constrained_factual,2.9011,0.99053955078125,2026-08-09T17:25:32.811079+00:00
constrained_factual_085,google/gemma-2-2b,14,constrained_factual,2.9011,0.988037109375,2026-08-09T17:25:32.811079+00:00
constrained_factual_086,google/gemma-2-2b,11,constrained_factual,2.4248,0.99407958984375,2026-08-09T17:25:32.811079+00:00
constrained_factual_086,google/gemma-2-2b,12,constrained_factual,2.4248,0.9940185546875,2026-08-09T17:25:32.811079+00:00
constrained_factual_086,google/gemma-2-2b,13,constrained_factual,2.4248,0.98828125,2026-08-09T17:25:32.811079+00:00
constrained_factual_086,google/gemma-2-2b,14,constrained_factual,2.4248,0.9857177734375,2026-08-09T17:25:32.811079+00:00
constrained_factual_087,google/gemma-2-2b,11,constrained_factual,1.7648,0.9947509765625,2026-08-09T17:25:32.811079+00:00
constrained_factual_087,google/gemma-2-2b,12,constrained_factual,1.7648,0.99542236328125,2026-08-09T17:25:32.811079+00:00
constrained_factual_087,google/gemma-2-2b,13,constrained_factual,1.7648,0.99029541015625,2026-08-09T17:25:32.811079+00:00
constrained_factual_087,google/gemma-2-2b,14,constrained_factual,1.7648,0.98468017578125,2026-08-09T17:25:32.811079+00:00
constrained_factual_088,google/gemma-2-2b,11,constrained_factual,2.8389,0.99371337890625,2026-08-09T17:25:32.811079+00:00
constrained_factual_088,google/gemma-2-2b,12,constrained_factual,2.8389,0.99420166015625,2026-08-09T17:25:32.811079+00:00
constrained_factual_088,google/gemma-2-2b,13,constrained_factual,2.8389,0.9888916015625,2026-08-09T17:25:32.811079+00:00
constrained_factual_088,google/gemma-2-2b,14,constrained_factual,2.8389,0.98443603515625,2026-08-09T17:25:32.811079+00:00
constrained_factual_089,google/gemma-2-2b,11,constrained_factual,0.7559,0.99285888671875,2026-08-09T17:25:32.811079+00:00
constrained_factual_089,google/gemma-2-2b,12,constrained_factual,0.7559,0.99334716796875,2026-08-09T17:25:32.811079+00:00
constrained_factual_089,google/gemma-2-2b,13,constrained_factual,0.7559,0.99139404296875,2026-08-09T17:25:32.811079+00:00
constrained_factual_089,google/gemma-2-2b,14,constrained_factual,0.7559,0.98944091796875,2026-08-09T17:25:32.811079+00:00
constrained_factual_090,google/gemma-2-2b,11,constrained_factual,2.319,0.99432373046875,2026-08-09T17:25:32.811079+00:00
constrained_factual_090,google/gemma-2-2b,12,constrained_factual,2.319,0.99505615234375,2026-08-09T17:25:32.811079+00:00
constrained_factual_090,google/gemma-2-2b,13,constrained_factual,2.319,0.98895263671875,2026-08-09T17:25:32.811079+00:00
constrained_factual_090,google/gemma-2-2b,14,constrained_factual,2.319,0.98675537109375,2026-08-09T17:25:32.811079+00:00
constrained_factual_091,google/gemma-2-2b,11,constrained_factual,1.2655,0.99383544921875,2026-08-09T17:25:32.811079+00:00
constrained_factual_091,google/gemma-2-2b,12,constrained_factual,1.2655,0.99420166015625,2026-08-09T17:25:32.811079+00:00
constrained_factual_091,google/gemma-2-2b,13,constrained_factual,1.2655,0.9871826171875,2026-08-09T17:25:32.811079+00:00
constrained_factual_091,google/gemma-2-2b,14,constrained_factual,1.2655,0.982666015625,2026-08-09T17:25:32.811079+00:00
constrained_factual_092,google/gemma-2-2b,11,constrained_factual,3.4564,0.99481201171875,2026-08-09T17:25:32.811079+00:00
constrained_factual_092,google/gemma-2-2b,12,constrained_factual,3.4564,0.9947509765625,2026-08-09T17:25:32.811079+00:00
constrained_factual_092,google/gemma-2-2b,13,constrained_factual,3.4564,0.9859619140625,2026-08-09T17:25:32.811079+00:00
constrained_factual_092,google/gemma-2-2b,14,constrained_factual,3.4564,0.982666015625,2026-08-09T17:25:32.811079+00:00
constrained_factual_093,google/gemma-2-2b,11,constrained_factual,3.2616,0.99432373046875,2026-08-09T17:25:32.811079+00:00
constrained_factual_093,google/gemma-2-2b,12,constrained_factual,3.2616,0.9945068359375,2026-08-09T17:25:32.811079+00:00
constrained_factual_093,google/gemma-2-2b,13,constrained_factual,3.2616,0.98870849609375,2026-08-09T17:25:32.811079+00:00
constrained_factual_093,google/gemma-2-2b,14,constrained_factual,3.2616,0.9859619140625,2026-08-09T17:25:32.811079+00:00
constrained_factual_094,google/gemma-2-2b,11,constrained_factual,0.7808,0.99578857421875,2026-08-09T17:25:32.811079+00:00
constrained_factual_094,google/gemma-2-2b,12,constrained_factual,0.7808,0.995361328125,2026-08-09T17:25:32.811079+00:00
constrained_factual_094,google/gemma-2-2b,13,constrained_factual,0.7808,0.99066162109375,2026-08-09T17:25:32.811079+00:00
constrained_factual_094,google/gemma-2-2b,14,constrained_factual,0.7808,0.9869384765625,2026-08-09T17:25:32.811079+00:00
constrained_factual_095,google/gemma-2-2b,11,constrained_factual,2.8876,0.99371337890625,2026-08-09T17:25:32.811079+00:00
constrained_factual_095,google/gemma-2-2b,12,constrained_factual,2.8876,0.99420166015625,2026-08-09T17:25:32.811079+00:00
constrained_factual_095,google/gemma-2-2b,13,constrained_factual,2.8876,0.98883056640625,2026-08-09T17:25:32.811079+00:00
constrained_factual_095,google/gemma-2-2b,14,constrained_factual,2.8876,0.98687744140625,2026-08-09T17:25:32.811079+00:00
constrained_factual_096,google/gemma-2-2b,11,constrained_factual,3.5169,0.99530029296875,2026-08-09T17:25:32.811079+00:00
constrained_factual_096,google/gemma-2-2b,12,constrained_factual,3.5169,0.99462890625,2026-08-09T17:25:32.811079+00:00
constrained_factual_096,google/gemma-2-2b,13,constrained_factual,3.5169,0.98870849609375,2026-08-09T17:25:32.811079+00:00
constrained_factual_096,google/gemma-2-2b,14,constrained_factual,3.5169,0.98828125,2026-08-09T17:25:32.811079+00:00
constrained_factual_097,google/gemma-2-2b,11,constrained_factual,2.9135,0.993896484375,2026-08-09T17:25:32.811079+00:00
constrained_factual_097,google/gemma-2-2b,12,constrained_factual,2.9135,0.99383544921875,2026-08-09T17:25:32.811079+00:00
constrained_factual_097,google/gemma-2-2b,13,constrained_factual,2.9135,0.98577880859375,2026-08-09T17:25:32.811079+00:00
constrained_factual_097,google/gemma-2-2b,14,constrained_factual,2.9135,0.98260498046875,2026-08-09T17:25:32.811079+00:00
constrained_factual_098,google/gemma-2-2b,11,constrained_factual,3.2272,0.99444580078125,2026-08-09T17:25:32.811079+00:00
constrained_factual_098,google/gemma-2-2b,12,constrained_factual,3.2272,0.99481201171875,2026-08-09T17:25:32.811079+00:00
constrained_factual_098,google/gemma-2-2b,13,constrained_factual,3.2272,0.98876953125,2026-08-09T17:25:32.811079+00:00
constrained_factual_098,google/gemma-2-2b,14,constrained_factual,3.2272,0.98773193359375,2026-08-09T17:25:32.811079+00:00
constrained_factual_099,google/gemma-2-2b,11,constrained_factual,2.9644,0.99517822265625,2026-08-09T17:25:32.811079+00:00
constrained_factual_099,google/gemma-2-2b,12,constrained_factual,2.9644,0.99664306640625,2026-08-09T17:25:32.811079+00:00
constrained_factual_099,google/gemma-2-2b,13,constrained_factual,2.9644,0.99176025390625,2026-08-09T17:25:32.811079+00:00
constrained_factual_099,google/gemma-2-2b,14,constrained_factual,2.9644,0.9864501953125,2026-08-09T17:25:32.811079+00:00
constrained_factual_100,google/gemma-2-2b,11,constrained_factual,2.508,0.9945068359375,2026-08-09T17:25:32.811079+00:00
constrained_factual_100,google/gemma-2-2b,12,constrained_factual,2.508,0.99493408203125,2026-08-09T17:25:32.811079+00:00
constrained_factual_100,google/gemma-2-2b,13,constrained_factual,2.508,0.98876953125,2026-08-09T17:25:32.811079+00:00
constrained_factual_100,google/gemma-2-2b,14,constrained_factual,2.508,0.9864501953125,2026-08-09T17:25:32.811079+00:00
constrained_factual_101,google/gemma-2-2b,11,constrained_factual,3.2886,0.99432373046875,2026-08-09T17:25:32.811079+00:00
constrained_factual_101,google/gemma-2-2b,12,constrained_factual,3.2886,0.994873046875,2026-08-09T17:25:32.811079+00:00
constrained_factual_101,google/gemma-2-2b,13,constrained_factual,3.2886,0.9908447265625,2026-08-09T17:25:32.811079+00:00
constrained_factual_101,google/gemma-2-2b,14,constrained_factual,3.2886,0.98907470703125,2026-08-09T17:25:32.811079+00:00
constrained_factual_102,google/gemma-2-2b,11,constrained_factual,1.4169,0.994873046875,2026-08-09T17:25:32.811079+00:00
constrained_factual_102,google/gemma-2-2b,12,constrained_factual,1.4169,0.99444580078125,2026-08-09T17:25:32.811079+00:00
constrained_factual_102,google/gemma-2-2b,13,constrained_factual,1.4169,0.98870849609375,2026-08-09T17:25:32.811079+00:00
constrained_factual_102,google/gemma-2-2b,14,constrained_factual,1.4169,0.98699951171875,2026-08-09T17:25:32.811079+00:00
constrained_factual_103,google/gemma-2-2b,11,constrained_factual,1.6012,0.99505615234375,2026-08-09T17:25:32.811079+00:00
constrained_factual_103,google/gemma-2-2b,12,constrained_factual,1.6012,0.99420166015625,2026-08-09T17:25:32.811079+00:00
constrained_factual_103,google/gemma-2-2b,13,constrained_factual,1.6012,0.989501953125,2026-08-09T17:25:32.811079+00:00
constrained_factual_103,google/gemma-2-2b,14,constrained_factual,1.6012,0.98822021484375,2026-08-09T17:25:32.811079+00:00
constrained_factual_104,google/gemma-2-2b,11,constrained_factual,1.6334,0.9954833984375,2026-08-09T17:25:32.811079+00:00
constrained_factual_104,google/gemma-2-2b,12,constrained_factual,1.6334,0.993408203125,2026-08-09T17:25:32.811079+00:00
constrained_factual_104,google/gemma-2-2b,13,constrained_factual,1.6334,0.98760986328125,2026-08-09T17:25:32.811079+00:00
constrained_factual_104,google/gemma-2-2b,14,constrained_factual,1.6334,0.98223876953125,2026-08-09T17:25:32.811079+00:00
constrained_factual_105,google/gemma-2-2b,11,constrained_factual,2.4776,0.9949951171875,2026-08-09T17:25:32.811079+00:00
constrained_factual_105,google/gemma-2-2b,12,constrained_factual,2.4776,0.99444580078125,2026-08-09T17:25:32.811079+00:00
constrained_factual_105,google/gemma-2-2b,13,constrained_factual,2.4776,0.98785400390625,2026-08-09T17:25:32.811079+00:00
constrained_factual_105,google/gemma-2-2b,14,constrained_factual,2.4776,0.9849853515625,2026-08-09T17:25:32.811079+00:00
constrained_factual_106,google/gemma-2-2b,11,constrained_factual,2.7046,0.9957275390625,2026-08-09T17:25:32.811079+00:00
constrained_factual_106,google/gemma-2-2b,12,constrained_factual,2.7046,0.99493408203125,2026-08-09T17:25:32.811079+00:00
constrained_factual_106,google/gemma-2-2b,13,constrained_factual,2.7046,0.9873046875,2026-08-09T17:25:32.811079+00:00
constrained_factual_106,google/gemma-2-2b,14,constrained_factual,2.7046,0.9822998046875,2026-08-09T17:25:32.811079+00:00
constrained_factual_107,google/gemma-2-2b,11,constrained_factual,0.1546,0.99530029296875,2026-08-09T17:25:32.811079+00:00
constrained_factual_107,google/gemma-2-2b,12,constrained_factual,0.1546,0.995361328125,2026-08-09T17:25:32.811079+00:00
constrained_factual_107,google/gemma-2-2b,13,constrained_factual,0.1546,0.9932861328125,2026-08-09T17:25:32.811079+00:00
constrained_factual_107,google/gemma-2-2b,14,constrained_factual,0.1546,0.9923095703125,2026-08-09T17:25:32.811079+00:00
constrained_factual_108,google/gemma-2-2b,11,constrained_factual,1.6315,0.9967041015625,2026-08-09T17:25:32.811079+00:00
constrained_factual_108,google/gemma-2-2b,12,constrained_factual,1.6315,0.9962158203125,2026-08-09T17:25:32.811079+00:00
constrained_factual_108,google/gemma-2-2b,13,constrained_factual,1.6315,0.99029541015625,2026-08-09T17:25:32.811079+00:00
constrained_factual_108,google/gemma-2-2b,14,constrained_factual,1.6315,0.98724365234375,2026-08-09T17:25:32.811079+00:00
constrained_factual_109,google/gemma-2-2b,11,constrained_factual,1.3855,0.99676513671875,2026-08-09T17:25:32.811079+00:00
constrained_factual_109,google/gemma-2-2b,12,constrained_factual,1.3855,0.99591064453125,2026-08-09T17:25:32.811079+00:00
constrained_factual_109,google/gemma-2-2b,13,constrained_factual,1.3855,0.9903564453125,2026-08-09T17:25:32.811079+00:00
constrained_factual_109,google/gemma-2-2b,14,constrained_factual,1.3855,0.98968505859375,2026-08-09T17:25:32.811079+00:00
constrained_factual_110,google/gemma-2-2b,11,constrained_factual,1.158,0.994873046875,2026-08-09T17:25:32.811079+00:00
constrained_factual_110,google/gemma-2-2b,12,constrained_factual,1.158,0.99505615234375,2026-08-09T17:25:32.811079+00:00
constrained_factual_110,google/gemma-2-2b,13,constrained_factual,1.158,0.98486328125,2026-08-09T17:25:32.811079+00:00
constrained_factual_110,google/gemma-2-2b,14,constrained_factual,1.158,0.98394775390625,2026-08-09T17:25:32.811079+00:00
constrained_factual_111,google/gemma-2-2b,11,constrained_factual,3.6667,0.9947509765625,2026-08-09T17:25:32.811079+00:00
constrained_factual_111,google/gemma-2-2b,12,constrained_factual,3.6667,0.99481201171875,2026-08-09T17:25:32.811079+00:00
constrained_factual_111,google/gemma-2-2b,13,constrained_factual,3.6667,0.986572265625,2026-08-09T17:25:32.811079+00:00
constrained_factual_111,google/gemma-2-2b,14,constrained_factual,3.6667,0.9859619140625,2026-08-09T17:25:32.811079+00:00
constrained_factual_112,google/gemma-2-2b,11,constrained_factual,1.4802,0.9951171875,2026-08-09T17:25:32.811079+00:00
constrained_factual_112,google/gemma-2-2b,12,constrained_factual,1.4802,0.9949951171875,2026-08-09T17:25:32.811079+00:00
constrained_factual_112,google/gemma-2-2b,13,constrained_factual,1.4802,0.99029541015625,2026-08-09T17:25:32.811079+00:00
constrained_factual_112,google/gemma-2-2b,14,constrained_factual,1.4802,0.98602294921875,2026-08-09T17:25:32.811079+00:00
constrained_factual_113,google/gemma-2-2b,11,constrained_factual,3.6445,0.9957275390625,2026-08-09T17:25:32.811079+00:00
constrained_factual_113,google/gemma-2-2b,12,constrained_factual,3.6445,0.99566650390625,2026-08-09T17:25:32.811079+00:00
constrained_factual_113,google/gemma-2-2b,13,constrained_factual,3.6445,0.990966796875,2026-08-09T17:25:32.811079+00:00
constrained_factual_113,google/gemma-2-2b,14,constrained_factual,3.6445,0.989501953125,2026-08-09T17:25:32.811079+00:00
constrained_factual_114,google/gemma-2-2b,11,constrained_factual,1.7527,0.99407958984375,2026-08-09T17:25:32.811079+00:00
constrained_factual_114,google/gemma-2-2b,12,constrained_factual,1.7527,0.9940185546875,2026-08-09T17:25:32.811079+00:00
constrained_factual_114,google/gemma-2-2b,13,constrained_factual,1.7527,0.9891357421875,2026-08-09T17:25:32.811079+00:00
constrained_factual_114,google/gemma-2-2b,14,constrained_factual,1.7527,0.985595703125,2026-08-09T17:25:32.811079+00:00
constrained_factual_115,google/gemma-2-2b,11,constrained_factual,2.3038,0.9945068359375,2026-08-09T17:25:32.811079+00:00
constrained_factual_115,google/gemma-2-2b,12,constrained_factual,2.3038,0.99334716796875,2026-08-09T17:25:32.811079+00:00
constrained_factual_115,google/gemma-2-2b,13,constrained_factual,2.3038,0.98614501953125,2026-08-09T17:25:32.811079+00:00
constrained_factual_115,google/gemma-2-2b,14,constrained_factual,2.3038,0.9796142578125,2026-08-09T17:25:32.811079+00:00
constrained_factual_116,google/gemma-2-2b,11,constrained_factual,1.9393,0.99365234375,2026-08-09T17:25:32.811079+00:00
constrained_factual_116,google/gemma-2-2b,12,constrained_factual,1.9393,0.9932861328125,2026-08-09T17:25:32.811079+00:00
constrained_factual_116,google/gemma-2-2b,13,constrained_factual,1.9393,0.987548828125,2026-08-09T17:25:32.811079+00:00
constrained_factual_116,google/gemma-2-2b,14,constrained_factual,1.9393,0.9857177734375,2026-08-09T17:25:32.811079+00:00
constrained_factual_117,google/gemma-2-2b,11,constrained_factual,3.9007,0.9949951171875,2026-08-09T17:25:32.811079+00:00
constrained_factual_117,google/gemma-2-2b,12,constrained_factual,3.9007,0.99462890625,2026-08-09T17:25:32.811079+00:00
constrained_factual_117,google/gemma-2-2b,13,constrained_factual,3.9007,0.98883056640625,2026-08-09T17:25:32.811079+00:00
constrained_factual_117,google/gemma-2-2b,14,constrained_factual,3.9007,0.98370361328125,2026-08-09T17:25:32.811079+00:00
constrained_factual_118,google/gemma-2-2b,11,constrained_factual,0.1294,0.9940185546875,2026-08-09T17:25:32.811079+00:00
constrained_factual_118,google/gemma-2-2b,12,constrained_factual,0.1294,0.9945068359375,2026-08-09T17:25:32.811079+00:00
constrained_factual_118,google/gemma-2-2b,13,constrained_factual,0.1294,0.98828125,2026-08-09T17:25:32.811079+00:00
constrained_factual_118,google/gemma-2-2b,14,constrained_factual,0.1294,0.98095703125,2026-08-09T17:25:32.811079+00:00
constrained_factual_119,google/gemma-2-2b,11,constrained_factual,3.3607,0.99432373046875,2026-08-09T17:25:32.811079+00:00
constrained_factual_119,google/gemma-2-2b,12,constrained_factual,3.3607,0.9951171875,2026-08-09T17:25:32.811079+00:00
constrained_factual_119,google/gemma-2-2b,13,constrained_factual,3.3607,0.9898681640625,2026-08-09T17:25:32.811079+00:00
constrained_factual_119,google/gemma-2-2b,14,constrained_factual,3.3607,0.9884033203125,2026-08-09T17:25:32.811079+00:00
constrained_factual_120,google/gemma-2-2b,11,constrained_factual,4.0065,0.9940185546875,2026-08-09T17:25:32.811079+00:00
constrained_factual_120,google/gemma-2-2b,12,constrained_factual,4.0065,0.992919921875,2026-08-09T17:25:32.811079+00:00
constrained_factual_120,google/gemma-2-2b,13,constrained_factual,4.0065,0.986572265625,2026-08-09T17:25:32.811079+00:00
constrained_factual_120,google/gemma-2-2b,14,constrained_factual,4.0065,0.97900390625,2026-08-09T17:25:32.811079+00:00
constrained_factual_121,google/gemma-2-2b,11,constrained_factual,0.4891,0.9964599609375,2026-08-09T17:25:32.811079+00:00
constrained_factual_121,google/gemma-2-2b,12,constrained_factual,0.4891,0.99530029296875,2026-08-09T17:25:32.811079+00:00
constrained_factual_121,google/gemma-2-2b,13,constrained_factual,0.4891,0.98974609375,2026-08-09T17:25:32.811079+00:00
constrained_factual_121,google/gemma-2-2b,14,constrained_factual,0.4891,0.98712158203125,2026-08-09T17:25:32.811079+00:00
constrained_factual_122,google/gemma-2-2b,11,constrained_factual,3.8315,0.99517822265625,2026-08-09T17:25:32.811079+00:00
constrained_factual_122,google/gemma-2-2b,12,constrained_factual,3.8315,0.9951171875,2026-08-09T17:25:32.811079+00:00
constrained_factual_122,google/gemma-2-2b,13,constrained_factual,3.8315,0.98907470703125,2026-08-09T17:25:32.811079+00:00
constrained_factual_122,google/gemma-2-2b,14,constrained_factual,3.8315,0.98699951171875,2026-08-09T17:25:32.811079+00:00
constrained_factual_123,google/gemma-2-2b,11,constrained_factual,3.2373,0.99725341796875,2026-08-09T17:25:32.811079+00:00
constrained_factual_123,google/gemma-2-2b,12,constrained_factual,3.2373,0.9964599609375,2026-08-09T17:25:32.811079+00:00
constrained_factual_123,google/gemma-2-2b,13,constrained_factual,3.2373,0.9918212890625,2026-08-09T17:25:32.811079+00:00
constrained_factual_123,google/gemma-2-2b,14,constrained_factual,3.2373,0.98486328125,2026-08-09T17:25:32.811079+00:00
constrained_factual_124,google/gemma-2-2b,11,constrained_factual,3.5837,0.99444580078125,2026-08-09T17:25:32.811079+00:00
constrained_factual_124,google/gemma-2-2b,12,constrained_factual,3.5837,0.99481201171875,2026-08-09T17:25:32.811079+00:00
constrained_factual_124,google/gemma-2-2b,13,constrained_factual,3.5837,0.99029541015625,2026-08-09T17:25:32.811079+00:00
constrained_factual_124,google/gemma-2-2b,14,constrained_factual,3.5837,0.98779296875,2026-08-09T17:25:32.811079+00:00
constrained_factual_125,google/gemma-2-2b,11,constrained_factual,2.0405,0.99578857421875,2026-08-09T17:25:32.811079+00:00
constrained_factual_125,google/gemma-2-2b,12,constrained_factual,2.0405,0.99530029296875,2026-08-09T17:25:32.811079+00:00
constrained_factual_125,google/gemma-2-2b,13,constrained_factual,2.0405,0.98919677734375,2026-08-09T17:25:32.811079+00:00
constrained_factual_125,google/gemma-2-2b,14,constrained_factual,2.0405,0.9876708984375,2026-08-09T17:25:32.811079+00:00
constrained_factual_126,google/gemma-2-2b,11,constrained_factual,2.5846,0.99578857421875,2026-08-09T17:25:32.811079+00:00
constrained_factual_126,google/gemma-2-2b,12,constrained_factual,2.5846,0.99530029296875,2026-08-09T17:25:32.811079+00:00
constrained_factual_126,google/gemma-2-2b,13,constrained_factual,2.5846,0.98870849609375,2026-08-09T17:25:32.811079+00:00
constrained_factual_126,google/gemma-2-2b,14,constrained_factual,2.5846,0.98834228515625,2026-08-09T17:25:32.811079+00:00
constrained_factual_127,google/gemma-2-2b,11,constrained_factual,1.9181,0.99658203125,2026-08-09T17:25:32.811079+00:00
constrained_factual_127,google/gemma-2-2b,12,constrained_factual,1.9181,0.996337890625,2026-08-09T17:25:32.811079+00:00
constrained_factual_127,google/gemma-2-2b,13,constrained_factual,1.9181,0.9892578125,2026-08-09T17:25:32.811079+00:00
constrained_factual_127,google/gemma-2-2b,14,constrained_factual,1.9181,0.9881591796875,2026-08-09T17:25:32.811079+00:00
constrained_factual_128,google/gemma-2-2b,11,constrained_factual,2.1808,0.99462890625,2026-08-09T17:25:32.811079+00:00
constrained_factual_128,google/gemma-2-2b,12,constrained_factual,2.1808,0.9947509765625,2026-08-09T17:25:32.811079+00:00
constrained_factual_128,google/gemma-2-2b,13,constrained_factual,2.1808,0.9896240234375,2026-08-09T17:25:32.811079+00:00
constrained_factual_128,google/gemma-2-2b,14,constrained_factual,2.1808,0.989501953125,2026-08-09T17:25:32.811079+00:00
constrained_factual_129,google/gemma-2-2b,11,constrained_factual,0.5352,0.9952392578125,2026-08-09T17:25:32.811079+00:00
constrained_factual_129,google/gemma-2-2b,12,constrained_factual,0.5352,0.9957275390625,2026-08-09T17:25:32.811079+00:00
constrained_factual_129,google/gemma-2-2b,13,constrained_factual,0.5352,0.98931884765625,2026-08-09T17:25:32.811079+00:00
constrained_factual_129,google/gemma-2-2b,14,constrained_factual,0.5352,0.985595703125,2026-08-09T17:25:32.811079+00:00
constrained_factual_130,google/gemma-2-2b,11,constrained_factual,1.1337,0.99664306640625,2026-08-09T17:25:32.811079+00:00
constrained_factual_130,google/gemma-2-2b,12,constrained_factual,1.1337,0.9957275390625,2026-08-09T17:25:32.811079+00:00
constrained_factual_130,google/gemma-2-2b,13,constrained_factual,1.1337,0.98822021484375,2026-08-09T17:25:32.811079+00:00
constrained_factual_130,google/gemma-2-2b,14,constrained_factual,1.1337,0.98162841796875,2026-08-09T17:25:32.811079+00:00
constrained_factual_131,google/gemma-2-2b,11,constrained_factual,3.3136,0.99395751953125,2026-08-09T17:25:32.811079+00:00
constrained_factual_131,google/gemma-2-2b,12,constrained_factual,3.3136,0.9945068359375,2026-08-09T17:25:32.811079+00:00
constrained_factual_131,google/gemma-2-2b,13,constrained_factual,3.3136,0.98956298828125,2026-08-09T17:25:32.811079+00:00
constrained_factual_131,google/gemma-2-2b,14,constrained_factual,3.3136,0.98846435546875,2026-08-09T17:25:32.811079+00:00
constrained_factual_132,google/gemma-2-2b,11,constrained_factual,2.2278,0.99566650390625,2026-08-09T17:25:32.811079+00:00
constrained_factual_132,google/gemma-2-2b,12,constrained_factual,2.2278,0.994873046875,2026-08-09T17:25:32.811079+00:00
constrained_factual_132,google/gemma-2-2b,13,constrained_factual,2.2278,0.986572265625,2026-08-09T17:25:32.811079+00:00
constrained_factual_132,google/gemma-2-2b,14,constrained_factual,2.2278,0.98388671875,2026-08-09T17:25:32.811079+00:00
constrained_factual_133,google/gemma-2-2b,11,constrained_factual,0.474,0.9962158203125,2026-08-09T17:25:32.811079+00:00
constrained_factual_133,google/gemma-2-2b,12,constrained_factual,0.474,0.9959716796875,2026-08-09T17:25:32.811079+00:00
constrained_factual_133,google/gemma-2-2b,13,constrained_factual,0.474,0.99139404296875,2026-08-09T17:25:32.811079+00:00
constrained_factual_133,google/gemma-2-2b,14,constrained_factual,0.474,0.9891357421875,2026-08-09T17:25:32.811079+00:00
constrained_factual_134,google/gemma-2-2b,11,constrained_factual,3.6443,0.9964599609375,2026-08-09T17:25:32.811079+00:00
constrained_factual_134,google/gemma-2-2b,12,constrained_factual,3.6443,0.9959716796875,2026-08-09T17:25:32.811079+00:00
constrained_factual_134,google/gemma-2-2b,13,constrained_factual,3.6443,0.9910888671875,2026-08-09T17:25:32.811079+00:00
constrained_factual_134,google/gemma-2-2b,14,constrained_factual,3.6443,0.9873046875,2026-08-09T17:25:32.811079+00:00
constrained_factual_135,google/gemma-2-2b,11,constrained_factual,3.7968,0.9964599609375,2026-08-09T17:25:32.811079+00:00
constrained_factual_135,google/gemma-2-2b,12,constrained_factual,3.7968,0.99609375,2026-08-09T17:25:32.811079+00:00
constrained_factual_135,google/gemma-2-2b,13,constrained_factual,3.7968,0.990234375,2026-08-09T17:25:32.811079+00:00
constrained_factual_135,google/gemma-2-2b,14,constrained_factual,3.7968,0.98968505859375,2026-08-09T17:25:32.811079+00:00
constrained_factual_136,google/gemma-2-2b,11,constrained_factual,3.3803,0.994384765625,2026-08-09T17:25:32.811079+00:00
constrained_factual_136,google/gemma-2-2b,12,constrained_factual,3.3803,0.99462890625,2026-08-09T17:25:32.811079+00:00
constrained_factual_136,google/gemma-2-2b,13,constrained_factual,3.3803,0.99041748046875,2026-08-09T17:25:32.811079+00:00
constrained_factual_136,google/gemma-2-2b,14,constrained_factual,3.3803,0.987060546875,2026-08-09T17:25:32.811079+00:00
constrained_factual_137,google/gemma-2-2b,11,constrained_factual,1.3666,0.9951171875,2026-08-09T17:25:32.811079+00:00
constrained_factual_137,google/gemma-2-2b,12,constrained_factual,1.3666,0.9945068359375,2026-08-09T17:25:32.811079+00:00
constrained_factual_137,google/gemma-2-2b,13,constrained_factual,1.3666,0.98834228515625,2026-08-09T17:25:32.811079+00:00
constrained_factual_137,google/gemma-2-2b,14,constrained_factual,1.3666,0.98382568359375,2026-08-09T17:25:32.811079+00:00
constrained_factual_138,google/gemma-2-2b,11,constrained_factual,3.3587,0.9942626953125,2026-08-09T17:25:32.811079+00:00
constrained_factual_138,google/gemma-2-2b,12,constrained_factual,3.3587,0.9951171875,2026-08-09T17:25:32.811079+00:00
constrained_factual_138,google/gemma-2-2b,13,constrained_factual,3.3587,0.99041748046875,2026-08-09T17:25:32.811079+00:00
constrained_factual_138,google/gemma-2-2b,14,constrained_factual,3.3587,0.98834228515625,2026-08-09T17:25:32.811079+00:00
constrained_factual_139,google/gemma-2-2b,11,constrained_factual,0.4393,0.9921875,2026-08-09T17:25:32.811079+00:00
constrained_factual_139,google/gemma-2-2b,12,constrained_factual,0.4393,0.99298095703125,2026-08-09T17:25:32.811079+00:00
constrained_factual_139,google/gemma-2-2b,13,constrained_factual,0.4393,0.9903564453125,2026-08-09T17:25:32.811079+00:00
constrained_factual_139,google/gemma-2-2b,14,constrained_factual,0.4393,0.98992919921875,2026-08-09T17:25:32.811079+00:00
constrained_factual_140,google/gemma-2-2b,11,constrained_factual,3.3937,0.99468994140625,2026-08-09T17:25:32.811079+00:00
constrained_factual_140,google/gemma-2-2b,12,constrained_factual,3.3937,0.99542236328125,2026-08-09T17:25:32.811079+00:00
constrained_factual_140,google/gemma-2-2b,13,constrained_factual,3.3937,0.99072265625,2026-08-09T17:25:32.811079+00:00
constrained_factual_140,google/gemma-2-2b,14,constrained_factual,3.3937,0.98919677734375,2026-08-09T17:25:32.811079+00:00
constrained_factual_141,google/gemma-2-2b,11,constrained_factual,1.0788,0.994873046875,2026-08-09T17:25:32.811079+00:00
constrained_factual_141,google/gemma-2-2b,12,constrained_factual,1.0788,0.99456787109375,2026-08-09T17:25:32.811079+00:00
constrained_factual_141,google/gemma-2-2b,13,constrained_factual,1.0788,0.98956298828125,2026-08-09T17:25:32.811079+00:00
constrained_factual_141,google/gemma-2-2b,14,constrained_factual,1.0788,0.98602294921875,2026-08-09T17:25:32.811079+00:00
constrained_factual_142,google/gemma-2-2b,11,constrained_factual,2.3143,0.99493408203125,2026-08-09T17:25:32.811079+00:00
constrained_factual_142,google/gemma-2-2b,12,constrained_factual,2.3143,0.99444580078125,2026-08-09T17:25:32.811079+00:00
constrained_factual_142,google/gemma-2-2b,13,constrained_factual,2.3143,0.98797607421875,2026-08-09T17:25:32.811079+00:00
constrained_factual_142,google/gemma-2-2b,14,constrained_factual,2.3143,0.98675537109375,2026-08-09T17:25:32.811079+00:00
constrained_factual_143,google/gemma-2-2b,11,constrained_factual,3.3687,0.994384765625,2026-08-09T17:25:32.811079+00:00
constrained_factual_143,google/gemma-2-2b,12,constrained_factual,3.3687,0.99456787109375,2026-08-09T17:25:32.811079+00:00
constrained_factual_143,google/gemma-2-2b,13,constrained_factual,3.3687,0.98980712890625,2026-08-09T17:25:32.811079+00:00
constrained_factual_143,google/gemma-2-2b,14,constrained_factual,3.3687,0.9881591796875,2026-08-09T17:25:32.811079+00:00
constrained_factual_144,google/gemma-2-2b,11,constrained_factual,0.4595,0.99627685546875,2026-08-09T17:25:32.811079+00:00
constrained_factual_144,google/gemma-2-2b,12,constrained_factual,0.4595,0.9957275390625,2026-08-09T17:25:32.811079+00:00
constrained_factual_144,google/gemma-2-2b,13,constrained_factual,0.4595,0.9892578125,2026-08-09T17:25:32.811079+00:00
constrained_factual_144,google/gemma-2-2b,14,constrained_factual,0.4595,0.98699951171875,2026-08-09T17:25:32.811079+00:00
constrained_factual_145,google/gemma-2-2b,11,constrained_factual,3.7844,0.99456787109375,2026-08-09T17:25:32.811079+00:00
constrained_factual_145,google/gemma-2-2b,12,constrained_factual,3.7844,0.99481201171875,2026-08-09T17:25:32.811079+00:00
constrained_factual_145,google/gemma-2-2b,13,constrained_factual,3.7844,0.9893798828125,2026-08-09T17:25:32.811079+00:00
constrained_factual_145,google/gemma-2-2b,14,constrained_factual,3.7844,0.9859619140625,2026-08-09T17:25:32.811079+00:00
constrained_factual_146,google/gemma-2-2b,11,constrained_factual,3.0641,0.9942626953125,2026-08-09T17:25:32.811079+00:00
constrained_factual_146,google/gemma-2-2b,12,constrained_factual,3.0641,0.99395751953125,2026-08-09T17:25:32.811079+00:00
constrained_factual_146,google/gemma-2-2b,13,constrained_factual,3.0641,0.98779296875,2026-08-09T17:25:32.811079+00:00
constrained_factual_146,google/gemma-2-2b,14,constrained_factual,3.0641,0.98492431640625,2026-08-09T17:25:32.811079+00:00
constrained_factual_147,google/gemma-2-2b,11,constrained_factual,2.1314,0.994140625,2026-08-09T17:25:32.811079+00:00
constrained_factual_147,google/gemma-2-2b,12,constrained_factual,2.1314,0.994140625,2026-08-09T17:25:32.811079+00:00
constrained_factual_147,google/gemma-2-2b,13,constrained_factual,2.1314,0.986572265625,2026-08-09T17:25:32.811079+00:00
constrained_factual_147,google/gemma-2-2b,14,constrained_factual,2.1314,0.98675537109375,2026-08-09T17:25:32.811079+00:00
constrained_factual_148,google/gemma-2-2b,11,constrained_factual,3.2886,0.99432373046875,2026-08-09T17:25:32.811079+00:00
constrained_factual_148,google/gemma-2-2b,12,constrained_factual,3.2886,0.9951171875,2026-08-09T17:25:32.811079+00:00
constrained_factual_148,google/gemma-2-2b,13,constrained_factual,3.2886,0.990966796875,2026-08-09T17:25:32.811079+00:00
constrained_factual_148,google/gemma-2-2b,14,constrained_factual,3.2886,0.9893798828125,2026-08-09T17:25:32.811079+00:00
constrained_factual_149,google/gemma-2-2b,11,constrained_factual,2.4521,0.99517822265625,2026-08-09T17:25:32.811079+00:00
constrained_factual_149,google/gemma-2-2b,12,constrained_factual,2.4521,0.99560546875,2026-08-09T17:25:32.811079+00:00
constrained_factual_149,google/gemma-2-2b,13,constrained_factual,2.4521,0.98858642578125,2026-08-09T17:25:32.811079+00:00
constrained_factual_149,google/gemma-2-2b,14,constrained_factual,2.4521,0.9854736328125,2026-08-09T17:25:32.811079+00:00
constrained_factual_150,google/gemma-2-2b,11,constrained_factual,2.8883,0.99468994140625,2026-08-09T17:25:32.811079+00:00
constrained_factual_150,google/gemma-2-2b,12,constrained_factual,2.8883,0.99493408203125,2026-08-09T17:25:32.811079+00:00
constrained_factual_150,google/gemma-2-2b,13,constrained_factual,2.8883,0.989990234375,2026-08-09T17:25:32.811079+00:00
constrained_factual_150,google/gemma-2-2b,14,constrained_factual,2.8883,0.989013671875,2026-08-09T17:25:32.811079+00:00
constrained_factual_151,google/gemma-2-2b,11,constrained_factual,1.9966,0.99395751953125,2026-08-09T17:25:32.811079+00:00
constrained_factual_151,google/gemma-2-2b,12,constrained_factual,1.9966,0.99395751953125,2026-08-09T17:25:32.811079+00:00
constrained_factual_151,google/gemma-2-2b,13,constrained_factual,1.9966,0.98779296875,2026-08-09T17:25:32.811079+00:00
constrained_factual_151,google/gemma-2-2b,14,constrained_factual,1.9966,0.98736572265625,2026-08-09T17:25:32.811079+00:00
constrained_factual_152,google/gemma-2-2b,11,constrained_factual,1.7544,0.99359130859375,2026-08-09T17:25:32.811079+00:00
constrained_factual_152,google/gemma-2-2b,12,constrained_factual,1.7544,0.99359130859375,2026-08-09T17:25:32.811079+00:00
constrained_factual_152,google/gemma-2-2b,13,constrained_factual,1.7544,0.9893798828125,2026-08-09T17:25:32.811079+00:00
constrained_factual_152,google/gemma-2-2b,14,constrained_factual,1.7544,0.9854736328125,2026-08-09T17:25:32.811079+00:00
constrained_factual_153,google/gemma-2-2b,11,constrained_factual,1.4087,0.993896484375,2026-08-09T17:25:32.811079+00:00
constrained_factual_153,google/gemma-2-2b,12,constrained_factual,1.4087,0.993408203125,2026-08-09T17:25:32.811079+00:00
constrained_factual_153,google/gemma-2-2b,13,constrained_factual,1.4087,0.98919677734375,2026-08-09T17:25:32.811079+00:00
constrained_factual_153,google/gemma-2-2b,14,constrained_factual,1.4087,0.98602294921875,2026-08-09T17:25:32.811079+00:00
constrained_factual_154,google/gemma-2-2b,11,constrained_factual,1.6405,0.99456787109375,2026-08-09T17:25:32.811079+00:00
constrained_factual_154,google/gemma-2-2b,12,constrained_factual,1.6405,0.99334716796875,2026-08-09T17:25:32.811079+00:00
constrained_factual_154,google/gemma-2-2b,13,constrained_factual,1.6405,0.98724365234375,2026-08-09T17:25:32.811079+00:00
constrained_factual_154,google/gemma-2-2b,14,constrained_factual,1.6405,0.982421875,2026-08-09T17:25:32.811079+00:00
constrained_factual_155,google/gemma-2-2b,11,constrained_factual,1.5698,0.993408203125,2026-08-09T17:25:32.811079+00:00
constrained_factual_155,google/gemma-2-2b,12,constrained_factual,1.5698,0.9940185546875,2026-08-09T17:25:32.811079+00:00
constrained_factual_155,google/gemma-2-2b,13,constrained_factual,1.5698,0.98883056640625,2026-08-09T17:25:32.811079+00:00
constrained_factual_155,google/gemma-2-2b,14,constrained_factual,1.5698,0.98687744140625,2026-08-09T17:25:32.811079+00:00
constrained_factual_156,google/gemma-2-2b,11,constrained_factual,1.9737,0.99578857421875,2026-08-09T17:25:32.811079+00:00
constrained_factual_156,google/gemma-2-2b,12,constrained_factual,1.9737,0.99505615234375,2026-08-09T17:25:32.811079+00:00
constrained_factual_156,google/gemma-2-2b,13,constrained_factual,1.9737,0.990234375,2026-08-09T17:25:32.811079+00:00
constrained_factual_156,google/gemma-2-2b,14,constrained_factual,1.9737,0.98602294921875,2026-08-09T17:25:32.811079+00:00
constrained_factual_157,google/gemma-2-2b,11,constrained_factual,0.2742,0.99383544921875,2026-08-09T17:25:32.811079+00:00
constrained_factual_157,google/gemma-2-2b,12,constrained_factual,0.2742,0.9942626953125,2026-08-09T17:25:32.811079+00:00
constrained_factual_157,google/gemma-2-2b,13,constrained_factual,0.2742,0.99072265625,2026-08-09T17:25:32.811079+00:00
constrained_factual_157,google/gemma-2-2b,14,constrained_factual,0.2742,0.990478515625,2026-08-09T17:25:32.811079+00:00
constrained_factual_158,google/gemma-2-2b,11,constrained_factual,1.291,0.99578857421875,2026-08-09T17:25:32.811079+00:00
constrained_factual_158,google/gemma-2-2b,12,constrained_factual,1.291,0.9954833984375,2026-08-09T17:25:32.811079+00:00
constrained_factual_158,google/gemma-2-2b,13,constrained_factual,1.291,0.9906005859375,2026-08-09T17:25:32.811079+00:00
constrained_factual_158,google/gemma-2-2b,14,constrained_factual,1.291,0.9881591796875,2026-08-09T17:25:32.811079+00:00
constrained_factual_159,google/gemma-2-2b,11,constrained_factual,1.601,0.99676513671875,2026-08-09T17:25:32.811079+00:00
constrained_factual_159,google/gemma-2-2b,12,constrained_factual,1.601,0.99530029296875,2026-08-09T17:25:32.811079+00:00
constrained_factual_159,google/gemma-2-2b,13,constrained_factual,1.601,0.99114990234375,2026-08-09T17:25:32.811079+00:00
constrained_factual_159,google/gemma-2-2b,14,constrained_factual,1.601,0.98785400390625,2026-08-09T17:25:32.811079+00:00
constrained_factual_160,google/gemma-2-2b,11,constrained_factual,1.7845,0.99468994140625,2026-08-09T17:25:32.811079+00:00
constrained_factual_160,google/gemma-2-2b,12,constrained_factual,1.7845,0.9949951171875,2026-08-09T17:25:32.811079+00:00
constrained_factual_160,google/gemma-2-2b,13,constrained_factual,1.7845,0.98895263671875,2026-08-09T17:25:32.811079+00:00
constrained_factual_160,google/gemma-2-2b,14,constrained_factual,1.7845,0.98626708984375,2026-08-09T17:25:32.811079+00:00
constrained_factual_161,google/gemma-2-2b,11,constrained_factual,2.7503,0.99554443359375,2026-08-09T17:25:32.811079+00:00
constrained_factual_161,google/gemma-2-2b,12,constrained_factual,2.7503,0.99505615234375,2026-08-09T17:25:32.811079+00:00
constrained_factual_161,google/gemma-2-2b,13,constrained_factual,2.7503,0.98858642578125,2026-08-09T17:25:32.811079+00:00
constrained_factual_161,google/gemma-2-2b,14,constrained_factual,2.7503,0.984375,2026-08-09T17:25:32.811079+00:00
constrained_factual_162,google/gemma-2-2b,11,constrained_factual,1.3367,0.994384765625,2026-08-09T17:25:32.811079+00:00
constrained_factual_162,google/gemma-2-2b,12,constrained_factual,1.3367,0.99456787109375,2026-08-09T17:25:32.811079+00:00
constrained_factual_162,google/gemma-2-2b,13,constrained_factual,1.3367,0.9910888671875,2026-08-09T17:25:32.811079+00:00
constrained_factual_162,google/gemma-2-2b,14,constrained_factual,1.3367,0.986083984375,2026-08-09T17:25:32.811079+00:00
constrained_factual_163,google/gemma-2-2b,11,constrained_factual,1.7647,0.99237060546875,2026-08-09T17:25:32.811079+00:00
constrained_factual_163,google/gemma-2-2b,12,constrained_factual,1.7647,0.99322509765625,2026-08-09T17:25:32.811079+00:00
constrained_factual_163,google/gemma-2-2b,13,constrained_factual,1.7647,0.98858642578125,2026-08-09T17:25:32.811079+00:00
constrained_factual_163,google/gemma-2-2b,14,constrained_factual,1.7647,0.986328125,2026-08-09T17:25:32.811079+00:00
constrained_factual_164,google/gemma-2-2b,11,constrained_factual,3.601,0.99334716796875,2026-08-09T17:25:32.811079+00:00
constrained_factual_164,google/gemma-2-2b,12,constrained_factual,3.601,0.9945068359375,2026-08-09T17:25:32.811079+00:00
constrained_factual_164,google/gemma-2-2b,13,constrained_factual,3.601,0.9901123046875,2026-08-09T17:25:32.811079+00:00
constrained_factual_164,google/gemma-2-2b,14,constrained_factual,3.601,0.9854736328125,2026-08-09T17:25:32.811079+00:00
constrained_factual_165,google/gemma-2-2b,11,constrained_factual,3.3732,0.9951171875,2026-08-09T17:25:32.811079+00:00
constrained_factual_165,google/gemma-2-2b,12,constrained_factual,3.3732,0.9940185546875,2026-08-09T17:25:32.811079+00:00
constrained_factual_165,google/gemma-2-2b,13,constrained_factual,3.3732,0.98785400390625,2026-08-09T17:25:32.811079+00:00
constrained_factual_165,google/gemma-2-2b,14,constrained_factual,3.3732,0.984375,2026-08-09T17:25:32.811079+00:00
constrained_factual_166,google/gemma-2-2b,11,constrained_factual,1.821,0.9945068359375,2026-08-09T17:25:32.811079+00:00
constrained_factual_166,google/gemma-2-2b,12,constrained_factual,1.821,0.99310302734375,2026-08-09T17:25:32.811079+00:00
constrained_factual_166,google/gemma-2-2b,13,constrained_factual,1.821,0.98846435546875,2026-08-09T17:25:32.811079+00:00
constrained_factual_166,google/gemma-2-2b,14,constrained_factual,1.821,0.9847412109375,2026-08-09T17:25:32.811079+00:00
constrained_factual_167,google/gemma-2-2b,11,constrained_factual,2.4894,0.99395751953125,2026-08-09T17:25:32.811079+00:00
constrained_factual_167,google/gemma-2-2b,12,constrained_factual,2.4894,0.99359130859375,2026-08-09T17:25:32.811079+00:00
constrained_factual_167,google/gemma-2-2b,13,constrained_factual,2.4894,0.98773193359375,2026-08-09T17:25:32.811079+00:00
constrained_factual_167,google/gemma-2-2b,14,constrained_factual,2.4894,0.98370361328125,2026-08-09T17:25:32.811079+00:00
constrained_factual_168,google/gemma-2-2b,11,constrained_factual,0.1623,0.9940185546875,2026-08-09T17:25:32.811079+00:00
constrained_factual_168,google/gemma-2-2b,12,constrained_factual,0.1623,0.99456787109375,2026-08-09T17:25:32.811079+00:00
constrained_factual_168,google/gemma-2-2b,13,constrained_factual,0.1623,0.98980712890625,2026-08-09T17:25:32.811079+00:00
constrained_factual_168,google/gemma-2-2b,14,constrained_factual,0.1623,0.9810791015625,2026-08-09T17:25:32.811079+00:00
constrained_factual_169,google/gemma-2-2b,11,constrained_factual,1.8523,0.9940185546875,2026-08-09T17:25:32.811079+00:00
constrained_factual_169,google/gemma-2-2b,12,constrained_factual,1.8523,0.9937744140625,2026-08-09T17:25:32.811079+00:00
constrained_factual_169,google/gemma-2-2b,13,constrained_factual,1.8523,0.98828125,2026-08-09T17:25:32.811079+00:00
constrained_factual_169,google/gemma-2-2b,14,constrained_factual,1.8523,0.987060546875,2026-08-09T17:25:32.811079+00:00
constrained_factual_170,google/gemma-2-2b,11,constrained_factual,2.6872,0.9942626953125,2026-08-09T17:25:32.811079+00:00
constrained_factual_170,google/gemma-2-2b,12,constrained_factual,2.6872,0.99346923828125,2026-08-09T17:25:32.811079+00:00
constrained_factual_170,google/gemma-2-2b,13,constrained_factual,2.6872,0.988037109375,2026-08-09T17:25:32.811079+00:00
constrained_factual_170,google/gemma-2-2b,14,constrained_factual,2.6872,0.9803466796875,2026-08-09T17:25:32.811079+00:00
constrained_factual_171,google/gemma-2-2b,11,constrained_factual,0.6138,0.99591064453125,2026-08-09T17:25:32.811079+00:00
constrained_factual_171,google/gemma-2-2b,12,constrained_factual,0.6138,0.99554443359375,2026-08-09T17:25:32.811079+00:00
constrained_factual_171,google/gemma-2-2b,13,constrained_factual,0.6138,0.990234375,2026-08-09T17:25:32.811079+00:00
constrained_factual_171,google/gemma-2-2b,14,constrained_factual,0.6138,0.98602294921875,2026-08-09T17:25:32.811079+00:00
constrained_factual_172,google/gemma-2-2b,11,constrained_factual,2.5871,0.993408203125,2026-08-09T17:25:32.811079+00:00
constrained_factual_172,google/gemma-2-2b,12,constrained_factual,2.5871,0.9932861328125,2026-08-09T17:25:32.811079+00:00
constrained_factual_172,google/gemma-2-2b,13,constrained_factual,2.5871,0.98773193359375,2026-08-09T17:25:32.811079+00:00
constrained_factual_172,google/gemma-2-2b,14,constrained_factual,2.5871,0.9874267578125,2026-08-09T17:25:32.811079+00:00
constrained_factual_173,google/gemma-2-2b,11,constrained_factual,4.1027,0.99627685546875,2026-08-09T17:25:32.811079+00:00
constrained_factual_173,google/gemma-2-2b,12,constrained_factual,4.1027,0.99627685546875,2026-08-09T17:25:32.811079+00:00
constrained_factual_173,google/gemma-2-2b,13,constrained_factual,4.1027,0.99200439453125,2026-08-09T17:25:32.811079+00:00
constrained_factual_173,google/gemma-2-2b,14,constrained_factual,4.1027,0.99017333984375,2026-08-09T17:25:32.811079+00:00
constrained_factual_174,google/gemma-2-2b,11,constrained_factual,2.1401,0.9940185546875,2026-08-09T17:25:32.811079+00:00
constrained_factual_174,google/gemma-2-2b,12,constrained_factual,2.1401,0.99407958984375,2026-08-09T17:25:32.811079+00:00
constrained_factual_174,google/gemma-2-2b,13,constrained_factual,2.1401,0.98834228515625,2026-08-09T17:25:32.811079+00:00
constrained_factual_174,google/gemma-2-2b,14,constrained_factual,2.1401,0.98602294921875,2026-08-09T17:25:32.811079+00:00
constrained_factual_175,google/gemma-2-2b,11,constrained_factual,2.4815,0.994384765625,2026-08-09T17:25:32.811079+00:00
constrained_factual_175,google/gemma-2-2b,12,constrained_factual,2.4815,0.99395751953125,2026-08-09T17:25:32.811079+00:00
constrained_factual_175,google/gemma-2-2b,13,constrained_factual,2.4815,0.98828125,2026-08-09T17:25:32.811079+00:00
constrained_factual_175,google/gemma-2-2b,14,constrained_factual,2.4815,0.98577880859375,2026-08-09T17:25:32.811079+00:00
constrained_factual_176,google/gemma-2-2b,11,constrained_factual,2.7041,0.99407958984375,2026-08-09T17:25:32.811079+00:00
constrained_factual_176,google/gemma-2-2b,12,constrained_factual,2.7041,0.9935302734375,2026-08-09T17:25:32.811079+00:00
constrained_factual_176,google/gemma-2-2b,13,constrained_factual,2.7041,0.9881591796875,2026-08-09T17:25:32.811079+00:00
constrained_factual_176,google/gemma-2-2b,14,constrained_factual,2.7041,0.984619140625,2026-08-09T17:25:32.811079+00:00
constrained_factual_177,google/gemma-2-2b,11,constrained_factual,1.3339,0.9962158203125,2026-08-09T17:25:32.811079+00:00
constrained_factual_177,google/gemma-2-2b,12,constrained_factual,1.3339,0.99591064453125,2026-08-09T17:25:32.811079+00:00
constrained_factual_177,google/gemma-2-2b,13,constrained_factual,1.3339,0.99176025390625,2026-08-09T17:25:32.811079+00:00
constrained_factual_177,google/gemma-2-2b,14,constrained_factual,1.3339,0.990966796875,2026-08-09T17:25:32.811079+00:00
constrained_factual_178,google/gemma-2-2b,11,constrained_factual,2.4069,0.993896484375,2026-08-09T17:25:32.811079+00:00
constrained_factual_178,google/gemma-2-2b,12,constrained_factual,2.4069,0.99432373046875,2026-08-09T17:25:32.811079+00:00
constrained_factual_178,google/gemma-2-2b,13,constrained_factual,2.4069,0.98895263671875,2026-08-09T17:25:32.811079+00:00
constrained_factual_178,google/gemma-2-2b,14,constrained_factual,2.4069,0.9879150390625,2026-08-09T17:25:32.811079+00:00
constrained_factual_179,google/gemma-2-2b,11,constrained_factual,1.0458,0.995361328125,2026-08-09T17:25:32.811079+00:00
constrained_factual_179,google/gemma-2-2b,12,constrained_factual,1.0458,0.99566650390625,2026-08-09T17:25:32.811079+00:00
constrained_factual_179,google/gemma-2-2b,13,constrained_factual,1.0458,0.9908447265625,2026-08-09T17:25:32.811079+00:00
constrained_factual_179,google/gemma-2-2b,14,constrained_factual,1.0458,0.98638916015625,2026-08-09T17:25:32.811079+00:00
constrained_factual_180,google/gemma-2-2b,11,constrained_factual,1.6202,0.9964599609375,2026-08-09T17:25:32.811079+00:00
constrained_factual_180,google/gemma-2-2b,12,constrained_factual,1.6202,0.99578857421875,2026-08-09T17:25:32.811079+00:00
constrained_factual_180,google/gemma-2-2b,13,constrained_factual,1.6202,0.99072265625,2026-08-09T17:25:32.811079+00:00
constrained_factual_180,google/gemma-2-2b,14,constrained_factual,1.6202,0.9866943359375,2026-08-09T17:25:32.811079+00:00
constrained_factual_181,google/gemma-2-2b,11,constrained_factual,2.2374,0.994140625,2026-08-09T17:25:32.811079+00:00
constrained_factual_181,google/gemma-2-2b,12,constrained_factual,2.2374,0.99420166015625,2026-08-09T17:25:32.811079+00:00
constrained_factual_181,google/gemma-2-2b,13,constrained_factual,2.2374,0.989013671875,2026-08-09T17:25:32.811079+00:00
constrained_factual_181,google/gemma-2-2b,14,constrained_factual,2.2374,0.98748779296875,2026-08-09T17:25:32.811079+00:00
constrained_factual_182,google/gemma-2-2b,11,constrained_factual,2.4338,0.995361328125,2026-08-09T17:25:32.811079+00:00
constrained_factual_182,google/gemma-2-2b,12,constrained_factual,2.4338,0.99493408203125,2026-08-09T17:25:32.811079+00:00
constrained_factual_182,google/gemma-2-2b,13,constrained_factual,2.4338,0.988037109375,2026-08-09T17:25:32.811079+00:00
constrained_factual_182,google/gemma-2-2b,14,constrained_factual,2.4338,0.9864501953125,2026-08-09T17:25:32.811079+00:00
constrained_factual_183,google/gemma-2-2b,11,constrained_factual,1.0817,0.99420166015625,2026-08-09T17:25:32.811079+00:00
constrained_factual_183,google/gemma-2-2b,12,constrained_factual,1.0817,0.99407958984375,2026-08-09T17:25:32.811079+00:00
constrained_factual_183,google/gemma-2-2b,13,constrained_factual,1.0817,0.98968505859375,2026-08-09T17:25:32.811079+00:00
constrained_factual_183,google/gemma-2-2b,14,constrained_factual,1.0817,0.98638916015625,2026-08-09T17:25:32.811079+00:00
constrained_factual_184,google/gemma-2-2b,11,constrained_factual,3.7935,0.99615478515625,2026-08-09T17:25:32.811079+00:00
constrained_factual_184,google/gemma-2-2b,12,constrained_factual,3.7935,0.9952392578125,2026-08-09T17:25:32.811079+00:00
constrained_factual_184,google/gemma-2-2b,13,constrained_factual,3.7935,0.989990234375,2026-08-09T17:25:32.811079+00:00
constrained_factual_184,google/gemma-2-2b,14,constrained_factual,3.7935,0.98681640625,2026-08-09T17:25:32.811079+00:00
constrained_factual_185,google/gemma-2-2b,11,constrained_factual,2.0515,0.9947509765625,2026-08-09T17:25:32.811079+00:00
constrained_factual_185,google/gemma-2-2b,12,constrained_factual,2.0515,0.99517822265625,2026-08-09T17:25:32.811079+00:00
constrained_factual_185,google/gemma-2-2b,13,constrained_factual,2.0515,0.98919677734375,2026-08-09T17:25:32.811079+00:00
constrained_factual_185,google/gemma-2-2b,14,constrained_factual,2.0515,0.98797607421875,2026-08-09T17:25:32.811079+00:00
constrained_factual_186,google/gemma-2-2b,11,constrained_factual,2.0386,0.9932861328125,2026-08-09T17:25:32.811079+00:00
constrained_factual_186,google/gemma-2-2b,12,constrained_factual,2.0386,0.9937744140625,2026-08-09T17:25:32.811079+00:00
constrained_factual_186,google/gemma-2-2b,13,constrained_factual,2.0386,0.98858642578125,2026-08-09T17:25:32.811079+00:00
constrained_factual_186,google/gemma-2-2b,14,constrained_factual,2.0386,0.98675537109375,2026-08-09T17:25:32.811079+00:00
constrained_factual_187,google/gemma-2-2b,11,constrained_factual,2.3256,0.99517822265625,2026-08-09T17:25:32.811079+00:00
constrained_factual_187,google/gemma-2-2b,12,constrained_factual,2.3256,0.99444580078125,2026-08-09T17:25:32.811079+00:00
constrained_factual_187,google/gemma-2-2b,13,constrained_factual,2.3256,0.99102783203125,2026-08-09T17:25:32.811079+00:00
constrained_factual_187,google/gemma-2-2b,14,constrained_factual,2.3256,0.9847412109375,2026-08-09T17:25:32.811079+00:00
constrained_factual_188,google/gemma-2-2b,11,constrained_factual,2.2183,0.99359130859375,2026-08-09T17:25:32.811079+00:00
constrained_factual_188,google/gemma-2-2b,12,constrained_factual,2.2183,0.9940185546875,2026-08-09T17:25:32.811079+00:00
constrained_factual_188,google/gemma-2-2b,13,constrained_factual,2.2183,0.98895263671875,2026-08-09T17:25:32.811079+00:00
constrained_factual_188,google/gemma-2-2b,14,constrained_factual,2.2183,0.98797607421875,2026-08-09T17:25:32.811079+00:00
constrained_factual_189,google/gemma-2-2b,11,constrained_factual,0.5962,0.99169921875,2026-08-09T17:25:32.811079+00:00
constrained_factual_189,google/gemma-2-2b,12,constrained_factual,0.5962,0.9921875,2026-08-09T17:25:32.811079+00:00
constrained_factual_189,google/gemma-2-2b,13,constrained_factual,0.5962,0.98748779296875,2026-08-09T17:25:32.811079+00:00
constrained_factual_189,google/gemma-2-2b,14,constrained_factual,0.5962,0.98565673828125,2026-08-09T17:25:32.811079+00:00
constrained_factual_190,google/gemma-2-2b,11,constrained_factual,1.7213,0.99371337890625,2026-08-09T17:25:32.811079+00:00
constrained_factual_190,google/gemma-2-2b,12,constrained_factual,1.7213,0.993896484375,2026-08-09T17:25:32.811079+00:00
constrained_factual_190,google/gemma-2-2b,13,constrained_factual,1.7213,0.98895263671875,2026-08-09T17:25:32.811079+00:00
constrained_factual_190,google/gemma-2-2b,14,constrained_factual,1.7213,0.9881591796875,2026-08-09T17:25:32.811079+00:00
constrained_factual_191,google/gemma-2-2b,11,constrained_factual,0.8109,0.994140625,2026-08-09T17:25:32.811079+00:00
constrained_factual_191,google/gemma-2-2b,12,constrained_factual,0.8109,0.9931640625,2026-08-09T17:25:32.811079+00:00
constrained_factual_191,google/gemma-2-2b,13,constrained_factual,0.8109,0.989013671875,2026-08-09T17:25:32.811079+00:00
constrained_factual_191,google/gemma-2-2b,14,constrained_factual,0.8109,0.9852294921875,2026-08-09T17:25:32.811079+00:00
constrained_factual_192,google/gemma-2-2b,11,constrained_factual,2.8758,0.99468994140625,2026-08-09T17:25:32.811079+00:00
constrained_factual_192,google/gemma-2-2b,12,constrained_factual,2.8758,0.99444580078125,2026-08-09T17:25:32.811079+00:00
constrained_factual_192,google/gemma-2-2b,13,constrained_factual,2.8758,0.98699951171875,2026-08-09T17:25:32.811079+00:00
constrained_factual_192,google/gemma-2-2b,14,constrained_factual,2.8758,0.9857177734375,2026-08-09T17:25:32.811079+00:00
constrained_factual_193,google/gemma-2-2b,11,constrained_factual,2.1245,0.99395751953125,2026-08-09T17:25:32.811079+00:00
constrained_factual_193,google/gemma-2-2b,12,constrained_factual,2.1245,0.9942626953125,2026-08-09T17:25:32.811079+00:00
constrained_factual_193,google/gemma-2-2b,13,constrained_factual,2.1245,0.98974609375,2026-08-09T17:25:32.811079+00:00
constrained_factual_193,google/gemma-2-2b,14,constrained_factual,2.1245,0.98760986328125,2026-08-09T17:25:32.811079+00:00
constrained_factual_194,google/gemma-2-2b,11,constrained_factual,0.4628,0.99603271484375,2026-08-09T17:25:32.811079+00:00
constrained_factual_194,google/gemma-2-2b,12,constrained_factual,0.4628,0.9949951171875,2026-08-09T17:25:32.811079+00:00
constrained_factual_194,google/gemma-2-2b,13,constrained_factual,0.4628,0.988037109375,2026-08-09T17:25:32.811079+00:00
constrained_factual_194,google/gemma-2-2b,14,constrained_factual,0.4628,0.98602294921875,2026-08-09T17:25:32.811079+00:00
constrained_factual_195,google/gemma-2-2b,11,constrained_factual,2.3276,0.9937744140625,2026-08-09T17:25:32.811079+00:00
constrained_factual_195,google/gemma-2-2b,12,constrained_factual,2.3276,0.9937744140625,2026-08-09T17:25:32.811079+00:00
constrained_factual_195,google/gemma-2-2b,13,constrained_factual,2.3276,0.98846435546875,2026-08-09T17:25:32.811079+00:00
constrained_factual_195,google/gemma-2-2b,14,constrained_factual,2.3276,0.986572265625,2026-08-09T17:25:32.811079+00:00
constrained_factual_196,google/gemma-2-2b,11,constrained_factual,3.5308,0.99346923828125,2026-08-09T17:25:32.811079+00:00
constrained_factual_196,google/gemma-2-2b,12,constrained_factual,3.5308,0.99383544921875,2026-08-09T17:25:32.811079+00:00
constrained_factual_196,google/gemma-2-2b,13,constrained_factual,3.5308,0.98968505859375,2026-08-09T17:25:32.811079+00:00
constrained_factual_196,google/gemma-2-2b,14,constrained_factual,3.5308,0.9874267578125,2026-08-09T17:25:32.811079+00:00
constrained_factual_197,google/gemma-2-2b,11,constrained_factual,2.2491,0.9947509765625,2026-08-09T17:25:32.811079+00:00
constrained_factual_197,google/gemma-2-2b,12,constrained_factual,2.2491,0.99420166015625,2026-08-09T17:25:32.811079+00:00
constrained_factual_197,google/gemma-2-2b,13,constrained_factual,2.2491,0.98834228515625,2026-08-09T17:25:32.811079+00:00
constrained_factual_197,google/gemma-2-2b,14,constrained_factual,2.2491,0.9866943359375,2026-08-09T17:25:32.811079+00:00
constrained_factual_198,google/gemma-2-2b,11,constrained_factual,2.7779,0.994873046875,2026-08-09T17:25:32.811079+00:00
constrained_factual_198,google/gemma-2-2b,12,constrained_factual,2.7779,0.99395751953125,2026-08-09T17:25:32.811079+00:00
constrained_factual_198,google/gemma-2-2b,13,constrained_factual,2.7779,0.98956298828125,2026-08-09T17:25:32.811079+00:00
constrained_factual_198,google/gemma-2-2b,14,constrained_factual,2.7779,0.98809814453125,2026-08-09T17:25:32.811079+00:00
constrained_factual_199,google/gemma-2-2b,11,constrained_factual,2.1291,0.9942626953125,2026-08-09T17:25:32.811079+00:00
constrained_factual_199,google/gemma-2-2b,12,constrained_factual,2.1291,0.99542236328125,2026-08-09T17:25:32.811079+00:00
constrained_factual_199,google/gemma-2-2b,13,constrained_factual,2.1291,0.989501953125,2026-08-09T17:25:32.811079+00:00
constrained_factual_199,google/gemma-2-2b,14,constrained_factual,2.1291,0.98565673828125,2026-08-09T17:25:32.811079+00:00
constrained_factual_200,google/gemma-2-2b,11,constrained_factual,1.738,0.9940185546875,2026-08-09T17:25:32.811079+00:00
constrained_factual_200,google/gemma-2-2b,12,constrained_factual,1.738,0.994384765625,2026-08-09T17:25:32.811079+00:00
constrained_factual_200,google/gemma-2-2b,13,constrained_factual,1.738,0.98968505859375,2026-08-09T17:25:32.811079+00:00
constrained_factual_200,google/gemma-2-2b,14,constrained_factual,1.738,0.98797607421875,2026-08-09T17:25:32.811079+00:00
constrained_factual_201,google/gemma-2-2b,11,constrained_factual,1.6683,0.99432373046875,2026-08-09T17:25:32.811079+00:00
constrained_factual_201,google/gemma-2-2b,12,constrained_factual,1.6683,0.994140625,2026-08-09T17:25:32.811079+00:00
constrained_factual_201,google/gemma-2-2b,13,constrained_factual,1.6683,0.98858642578125,2026-08-09T17:25:32.811079+00:00
constrained_factual_201,google/gemma-2-2b,14,constrained_factual,1.6683,0.98651123046875,2026-08-09T17:25:32.811079+00:00
constrained_factual_202,google/gemma-2-2b,11,constrained_factual,1.3839,0.9947509765625,2026-08-09T17:25:32.811079+00:00
constrained_factual_202,google/gemma-2-2b,12,constrained_factual,1.3839,0.9945068359375,2026-08-09T17:25:32.811079+00:00
constrained_factual_202,google/gemma-2-2b,13,constrained_factual,1.3839,0.9886474609375,2026-08-09T17:25:32.811079+00:00
constrained_factual_202,google/gemma-2-2b,14,constrained_factual,1.3839,0.98834228515625,2026-08-09T17:25:32.811079+00:00
constrained_factual_203,google/gemma-2-2b,11,constrained_factual,1.6698,0.9945068359375,2026-08-09T17:25:32.811079+00:00
constrained_factual_203,google/gemma-2-2b,12,constrained_factual,1.6698,0.994873046875,2026-08-09T17:25:32.811079+00:00
constrained_factual_203,google/gemma-2-2b,13,constrained_factual,1.6698,0.990234375,2026-08-09T17:25:32.811079+00:00
constrained_factual_203,google/gemma-2-2b,14,constrained_factual,1.6698,0.98748779296875,2026-08-09T17:25:32.811079+00:00
constrained_factual_204,google/gemma-2-2b,11,constrained_factual,1.5391,0.9947509765625,2026-08-09T17:25:32.811079+00:00
constrained_factual_204,google/gemma-2-2b,12,constrained_factual,1.5391,0.994140625,2026-08-09T17:25:32.811079+00:00
constrained_factual_204,google/gemma-2-2b,13,constrained_factual,1.5391,0.98822021484375,2026-08-09T17:25:32.811079+00:00
constrained_factual_204,google/gemma-2-2b,14,constrained_factual,1.5391,0.983154296875,2026-08-09T17:25:32.811079+00:00
constrained_factual_205,google/gemma-2-2b,11,constrained_factual,2.6589,0.9940185546875,2026-08-09T17:25:32.811079+00:00
constrained_factual_205,google/gemma-2-2b,12,constrained_factual,2.6589,0.99371337890625,2026-08-09T17:25:32.811079+00:00
constrained_factual_205,google/gemma-2-2b,13,constrained_factual,2.6589,0.984130859375,2026-08-09T17:25:32.811079+00:00
constrained_factual_205,google/gemma-2-2b,14,constrained_factual,2.6589,0.977783203125,2026-08-09T17:25:32.811079+00:00
constrained_factual_206,google/gemma-2-2b,11,constrained_factual,2.4278,0.99603271484375,2026-08-09T17:25:32.811079+00:00
constrained_factual_206,google/gemma-2-2b,12,constrained_factual,2.4278,0.99456787109375,2026-08-09T17:25:32.811079+00:00
constrained_factual_206,google/gemma-2-2b,13,constrained_factual,2.4278,0.98516845703125,2026-08-09T17:25:32.811079+00:00
constrained_factual_206,google/gemma-2-2b,14,constrained_factual,2.4278,0.9842529296875,2026-08-09T17:25:32.811079+00:00
constrained_factual_207,google/gemma-2-2b,11,constrained_factual,0.2502,0.9962158203125,2026-08-09T17:25:32.811079+00:00
constrained_factual_207,google/gemma-2-2b,12,constrained_factual,0.2502,0.99554443359375,2026-08-09T17:25:32.811079+00:00
constrained_factual_207,google/gemma-2-2b,13,constrained_factual,0.2502,0.9947509765625,2026-08-09T17:25:32.811079+00:00
constrained_factual_207,google/gemma-2-2b,14,constrained_factual,0.2502,0.99371337890625,2026-08-09T17:25:32.811079+00:00
constrained_factual_208,google/gemma-2-2b,11,constrained_factual,1.8471,0.99664306640625,2026-08-09T17:25:32.811079+00:00
constrained_factual_208,google/gemma-2-2b,12,constrained_factual,1.8471,0.9959716796875,2026-08-09T17:25:32.811079+00:00
constrained_factual_208,google/gemma-2-2b,13,constrained_factual,1.8471,0.9910888671875,2026-08-09T17:25:32.811079+00:00
constrained_factual_208,google/gemma-2-2b,14,constrained_factual,1.8471,0.98712158203125,2026-08-09T17:25:32.811079+00:00
constrained_factual_209,google/gemma-2-2b,11,constrained_factual,1.624,0.99688720703125,2026-08-09T17:25:32.811079+00:00
constrained_factual_209,google/gemma-2-2b,12,constrained_factual,1.624,0.9964599609375,2026-08-09T17:25:32.811079+00:00
constrained_factual_209,google/gemma-2-2b,13,constrained_factual,1.624,0.99176025390625,2026-08-09T17:25:32.811079+00:00
constrained_factual_209,google/gemma-2-2b,14,constrained_factual,1.624,0.9879150390625,2026-08-09T17:25:32.811079+00:00
constrained_factual_210,google/gemma-2-2b,11,constrained_factual,1.5989,0.99420166015625,2026-08-09T17:25:32.811079+00:00
constrained_factual_210,google/gemma-2-2b,12,constrained_factual,1.5989,0.99365234375,2026-08-09T17:25:32.811079+00:00
constrained_factual_210,google/gemma-2-2b,13,constrained_factual,1.5989,0.98223876953125,2026-08-09T17:25:32.811079+00:00
constrained_factual_210,google/gemma-2-2b,14,constrained_factual,1.5989,0.9798583984375,2026-08-09T17:25:32.811079+00:00
constrained_factual_211,google/gemma-2-2b,11,constrained_factual,3.065,0.9949951171875,2026-08-09T17:25:32.811079+00:00
constrained_factual_211,google/gemma-2-2b,12,constrained_factual,3.065,0.9942626953125,2026-08-09T17:25:32.811079+00:00
constrained_factual_211,google/gemma-2-2b,13,constrained_factual,3.065,0.98577880859375,2026-08-09T17:25:32.811079+00:00
constrained_factual_211,google/gemma-2-2b,14,constrained_factual,3.065,0.9842529296875,2026-08-09T17:25:32.811079+00:00
constrained_factual_212,google/gemma-2-2b,11,constrained_factual,1.6986,0.99609375,2026-08-09T17:25:32.811079+00:00
constrained_factual_212,google/gemma-2-2b,12,constrained_factual,1.6986,0.99615478515625,2026-08-09T17:25:32.811079+00:00
constrained_factual_212,google/gemma-2-2b,13,constrained_factual,1.6986,0.990966796875,2026-08-09T17:25:32.811079+00:00
constrained_factual_212,google/gemma-2-2b,14,constrained_factual,1.6986,0.98638916015625,2026-08-09T17:25:32.811079+00:00
constrained_factual_213,google/gemma-2-2b,11,constrained_factual,1.4959,0.9942626953125,2026-08-09T17:25:32.811079+00:00
constrained_factual_213,google/gemma-2-2b,12,constrained_factual,1.4959,0.99517822265625,2026-08-09T17:25:32.811079+00:00
constrained_factual_213,google/gemma-2-2b,13,constrained_factual,1.4959,0.98687744140625,2026-08-09T17:25:32.811079+00:00
constrained_factual_213,google/gemma-2-2b,14,constrained_factual,1.4959,0.986572265625,2026-08-09T17:25:32.811079+00:00
constrained_factual_214,google/gemma-2-2b,11,constrained_factual,3.7191,0.99481201171875,2026-08-09T17:25:32.811079+00:00
constrained_factual_214,google/gemma-2-2b,12,constrained_factual,3.7191,0.9945068359375,2026-08-09T17:25:32.811079+00:00
constrained_factual_214,google/gemma-2-2b,13,constrained_factual,3.7191,0.98626708984375,2026-08-09T17:25:32.811079+00:00
constrained_factual_214,google/gemma-2-2b,14,constrained_factual,3.7191,0.9833984375,2026-08-09T17:25:32.811079+00:00
constrained_factual_215,google/gemma-2-2b,11,constrained_factual,2.3229,0.99371337890625,2026-08-09T17:25:32.811079+00:00
constrained_factual_215,google/gemma-2-2b,12,constrained_factual,2.3229,0.99249267578125,2026-08-09T17:25:32.811079+00:00
constrained_factual_215,google/gemma-2-2b,13,constrained_factual,2.3229,0.985107421875,2026-08-09T17:25:32.811079+00:00
constrained_factual_215,google/gemma-2-2b,14,constrained_factual,2.3229,0.97613525390625,2026-08-09T17:25:32.811079+00:00
constrained_factual_216,google/gemma-2-2b,11,constrained_factual,2.2475,0.99334716796875,2026-08-09T17:25:32.811079+00:00
constrained_factual_216,google/gemma-2-2b,12,constrained_factual,2.2475,0.99322509765625,2026-08-09T17:25:32.811079+00:00
constrained_factual_216,google/gemma-2-2b,13,constrained_factual,2.2475,0.98492431640625,2026-08-09T17:25:32.811079+00:00
constrained_factual_216,google/gemma-2-2b,14,constrained_factual,2.2475,0.97906494140625,2026-08-09T17:25:32.811079+00:00
constrained_factual_217,google/gemma-2-2b,11,constrained_factual,1.8516,0.99493408203125,2026-08-09T17:25:32.811079+00:00
constrained_factual_217,google/gemma-2-2b,12,constrained_factual,1.8516,0.9945068359375,2026-08-09T17:25:32.811079+00:00
constrained_factual_217,google/gemma-2-2b,13,constrained_factual,1.8516,0.9876708984375,2026-08-09T17:25:32.811079+00:00
constrained_factual_217,google/gemma-2-2b,14,constrained_factual,1.8516,0.98504638671875,2026-08-09T17:25:32.811079+00:00
constrained_factual_218,google/gemma-2-2b,11,constrained_factual,0.152,0.99407958984375,2026-08-09T17:25:32.811079+00:00
constrained_factual_218,google/gemma-2-2b,12,constrained_factual,0.152,0.99462890625,2026-08-09T17:25:32.811079+00:00
constrained_factual_218,google/gemma-2-2b,13,constrained_factual,0.152,0.98834228515625,2026-08-09T17:25:32.811079+00:00
constrained_factual_218,google/gemma-2-2b,14,constrained_factual,0.152,0.9798583984375,2026-08-09T17:25:32.811079+00:00
constrained_factual_219,google/gemma-2-2b,11,constrained_factual,1.5874,0.99420166015625,2026-08-09T17:25:32.811079+00:00
constrained_factual_219,google/gemma-2-2b,12,constrained_factual,1.5874,0.99444580078125,2026-08-09T17:25:32.811079+00:00
constrained_factual_219,google/gemma-2-2b,13,constrained_factual,1.5874,0.98828125,2026-08-09T17:25:32.811079+00:00
constrained_factual_219,google/gemma-2-2b,14,constrained_factual,1.5874,0.98651123046875,2026-08-09T17:25:32.811079+00:00
constrained_factual_220,google/gemma-2-2b,11,constrained_factual,2.7,0.9918212890625,2026-08-09T17:25:32.811079+00:00
constrained_factual_220,google/gemma-2-2b,12,constrained_factual,2.7,0.9910888671875,2026-08-09T17:25:32.811079+00:00
constrained_factual_220,google/gemma-2-2b,13,constrained_factual,2.7,0.9840087890625,2026-08-09T17:25:32.811079+00:00
constrained_factual_220,google/gemma-2-2b,14,constrained_factual,2.7,0.97454833984375,2026-08-09T17:25:32.811079+00:00
constrained_factual_221,google/gemma-2-2b,11,constrained_factual,2.271,0.99688720703125,2026-08-09T17:25:32.811079+00:00
constrained_factual_221,google/gemma-2-2b,12,constrained_factual,2.271,0.995361328125,2026-08-09T17:25:32.811079+00:00
constrained_factual_221,google/gemma-2-2b,13,constrained_factual,2.271,0.98907470703125,2026-08-09T17:25:32.811079+00:00
constrained_factual_221,google/gemma-2-2b,14,constrained_factual,2.271,0.986572265625,2026-08-09T17:25:32.811079+00:00
constrained_factual_222,google/gemma-2-2b,11,constrained_factual,3.2486,0.99530029296875,2026-08-09T17:25:32.811079+00:00
constrained_factual_222,google/gemma-2-2b,12,constrained_factual,3.2486,0.9947509765625,2026-08-09T17:25:32.811079+00:00
constrained_factual_222,google/gemma-2-2b,13,constrained_factual,3.2486,0.98870849609375,2026-08-09T17:25:32.811079+00:00
constrained_factual_222,google/gemma-2-2b,14,constrained_factual,3.2486,0.9874267578125,2026-08-09T17:25:32.811079+00:00
constrained_factual_223,google/gemma-2-2b,11,constrained_factual,4.0545,0.9974365234375,2026-08-09T17:25:32.811079+00:00
constrained_factual_223,google/gemma-2-2b,12,constrained_factual,4.0545,0.99688720703125,2026-08-09T17:25:32.811079+00:00
constrained_factual_223,google/gemma-2-2b,13,constrained_factual,4.0545,0.990478515625,2026-08-09T17:25:32.811079+00:00
constrained_factual_223,google/gemma-2-2b,14,constrained_factual,4.0545,0.985107421875,2026-08-09T17:25:32.811079+00:00
constrained_factual_224,google/gemma-2-2b,11,constrained_factual,1.6666,0.99444580078125,2026-08-09T17:25:32.811079+00:00
constrained_factual_224,google/gemma-2-2b,12,constrained_factual,1.6666,0.99432373046875,2026-08-09T17:25:32.811079+00:00
constrained_factual_224,google/gemma-2-2b,13,constrained_factual,1.6666,0.98822021484375,2026-08-09T17:25:32.811079+00:00
constrained_factual_224,google/gemma-2-2b,14,constrained_factual,1.6666,0.9871826171875,2026-08-09T17:25:32.811079+00:00
constrained_factual_225,google/gemma-2-2b,11,constrained_factual,2.7369,0.99615478515625,2026-08-09T17:25:32.811079+00:00
constrained_factual_225,google/gemma-2-2b,12,constrained_factual,2.7369,0.99530029296875,2026-08-09T17:25:32.811079+00:00
constrained_factual_225,google/gemma-2-2b,13,constrained_factual,2.7369,0.98785400390625,2026-08-09T17:25:32.811079+00:00
constrained_factual_225,google/gemma-2-2b,14,constrained_factual,2.7369,0.98577880859375,2026-08-09T17:25:32.811079+00:00
constrained_factual_226,google/gemma-2-2b,11,constrained_factual,1.142,0.99481201171875,2026-08-09T17:25:32.811079+00:00
constrained_factual_226,google/gemma-2-2b,12,constrained_factual,1.142,0.9931640625,2026-08-09T17:25:32.811079+00:00
constrained_factual_226,google/gemma-2-2b,13,constrained_factual,1.142,0.98187255859375,2026-08-09T17:25:32.811079+00:00
constrained_factual_226,google/gemma-2-2b,14,constrained_factual,1.142,0.9803466796875,2026-08-09T17:25:32.811079+00:00
constrained_factual_227,google/gemma-2-2b,11,constrained_factual,1.751,0.9974365234375,2026-08-09T17:25:32.811079+00:00
constrained_factual_227,google/gemma-2-2b,12,constrained_factual,1.751,0.99603271484375,2026-08-09T17:25:32.811079+00:00
constrained_factual_227,google/gemma-2-2b,13,constrained_factual,1.751,0.99029541015625,2026-08-09T17:25:32.811079+00:00
constrained_factual_227,google/gemma-2-2b,14,constrained_factual,1.751,0.98846435546875,2026-08-09T17:25:32.811079+00:00
constrained_factual_228,google/gemma-2-2b,11,constrained_factual,2.3832,0.99420166015625,2026-08-09T17:25:32.811079+00:00
constrained_factual_228,google/gemma-2-2b,12,constrained_factual,2.3832,0.994140625,2026-08-09T17:25:32.811079+00:00
constrained_factual_228,google/gemma-2-2b,13,constrained_factual,2.3832,0.98760986328125,2026-08-09T17:25:32.811079+00:00
constrained_factual_228,google/gemma-2-2b,14,constrained_factual,2.3832,0.98626708984375,2026-08-09T17:25:32.811079+00:00
constrained_factual_229,google/gemma-2-2b,11,constrained_factual,2.1818,0.995849609375,2026-08-09T17:25:32.811079+00:00
constrained_factual_229,google/gemma-2-2b,12,constrained_factual,2.1818,0.995361328125,2026-08-09T17:25:32.811079+00:00
constrained_factual_229,google/gemma-2-2b,13,constrained_factual,2.1818,0.98956298828125,2026-08-09T17:25:32.811079+00:00
constrained_factual_229,google/gemma-2-2b,14,constrained_factual,2.1818,0.983154296875,2026-08-09T17:25:32.811079+00:00
constrained_factual_230,google/gemma-2-2b,11,constrained_factual,3.5692,0.99591064453125,2026-08-09T17:25:32.811079+00:00
constrained_factual_230,google/gemma-2-2b,12,constrained_factual,3.5692,0.9951171875,2026-08-09T17:25:32.811079+00:00
constrained_factual_230,google/gemma-2-2b,13,constrained_factual,3.5692,0.9871826171875,2026-08-09T17:25:32.811079+00:00
constrained_factual_230,google/gemma-2-2b,14,constrained_factual,3.5692,0.98150634765625,2026-08-09T17:25:32.811079+00:00
constrained_factual_231,google/gemma-2-2b,11,constrained_factual,2.4328,0.99432373046875,2026-08-09T17:25:32.811079+00:00
constrained_factual_231,google/gemma-2-2b,12,constrained_factual,2.4328,0.99432373046875,2026-08-09T17:25:32.811079+00:00
constrained_factual_231,google/gemma-2-2b,13,constrained_factual,2.4328,0.98895263671875,2026-08-09T17:25:32.811079+00:00
constrained_factual_231,google/gemma-2-2b,14,constrained_factual,2.4328,0.986572265625,2026-08-09T17:25:32.811079+00:00
constrained_factual_232,google/gemma-2-2b,11,constrained_factual,3.639,0.99603271484375,2026-08-09T17:25:32.811079+00:00
constrained_factual_232,google/gemma-2-2b,12,constrained_factual,3.639,0.99560546875,2026-08-09T17:25:32.811079+00:00
constrained_factual_232,google/gemma-2-2b,13,constrained_factual,3.639,0.989013671875,2026-08-09T17:25:32.811079+00:00
constrained_factual_232,google/gemma-2-2b,14,constrained_factual,3.639,0.98736572265625,2026-08-09T17:25:32.811079+00:00
constrained_factual_233,google/gemma-2-2b,11,constrained_factual,0.6275,0.99505615234375,2026-08-09T17:25:32.811079+00:00
constrained_factual_233,google/gemma-2-2b,12,constrained_factual,0.6275,0.9954833984375,2026-08-09T17:25:32.811079+00:00
constrained_factual_233,google/gemma-2-2b,13,constrained_factual,0.6275,0.9898681640625,2026-08-09T17:25:32.811079+00:00
constrained_factual_233,google/gemma-2-2b,14,constrained_factual,0.6275,0.98736572265625,2026-08-09T17:25:32.811079+00:00
constrained_factual_234,google/gemma-2-2b,11,constrained_factual,3.8111,0.99603271484375,2026-08-09T17:25:32.811079+00:00
constrained_factual_234,google/gemma-2-2b,12,constrained_factual,3.8111,0.9954833984375,2026-08-09T17:25:32.811079+00:00
constrained_factual_234,google/gemma-2-2b,13,constrained_factual,3.8111,0.98907470703125,2026-08-09T17:25:32.811079+00:00
constrained_factual_234,google/gemma-2-2b,14,constrained_factual,3.8111,0.98486328125,2026-08-09T17:25:32.811079+00:00
constrained_factual_235,google/gemma-2-2b,11,constrained_factual,3.1866,0.99639892578125,2026-08-09T17:25:32.811079+00:00
constrained_factual_235,google/gemma-2-2b,12,constrained_factual,3.1866,0.99615478515625,2026-08-09T17:25:32.811079+00:00
constrained_factual_235,google/gemma-2-2b,13,constrained_factual,3.1866,0.98809814453125,2026-08-09T17:25:32.811079+00:00
constrained_factual_235,google/gemma-2-2b,14,constrained_factual,3.1866,0.98760986328125,2026-08-09T17:25:32.811079+00:00
constrained_factual_236,google/gemma-2-2b,11,constrained_factual,1.6855,0.99456787109375,2026-08-09T17:25:32.811079+00:00
constrained_factual_236,google/gemma-2-2b,12,constrained_factual,1.6855,0.994384765625,2026-08-09T17:25:32.811079+00:00
constrained_factual_236,google/gemma-2-2b,13,constrained_factual,1.6855,0.988037109375,2026-08-09T17:25:32.811079+00:00
constrained_factual_236,google/gemma-2-2b,14,constrained_factual,1.6855,0.98583984375,2026-08-09T17:25:32.811079+00:00
constrained_factual_237,google/gemma-2-2b,11,constrained_factual,1.961,0.99468994140625,2026-08-09T17:25:32.811079+00:00
constrained_factual_237,google/gemma-2-2b,12,constrained_factual,1.961,0.9925537109375,2026-08-09T17:25:32.811079+00:00
constrained_factual_237,google/gemma-2-2b,13,constrained_factual,1.961,0.98602294921875,2026-08-09T17:25:32.811079+00:00
constrained_factual_237,google/gemma-2-2b,14,constrained_factual,1.961,0.9794921875,2026-08-09T17:25:32.811079+00:00
constrained_factual_238,google/gemma-2-2b,11,constrained_factual,2.2931,0.99420166015625,2026-08-09T17:25:32.811079+00:00
constrained_factual_238,google/gemma-2-2b,12,constrained_factual,2.2931,0.99444580078125,2026-08-09T17:25:32.811079+00:00
constrained_factual_238,google/gemma-2-2b,13,constrained_factual,2.2931,0.98883056640625,2026-08-09T17:25:32.811079+00:00
constrained_factual_238,google/gemma-2-2b,14,constrained_factual,2.2931,0.9873046875,2026-08-09T17:25:32.811079+00:00
constrained_factual_239,google/gemma-2-2b,11,constrained_factual,0.6715,0.993408203125,2026-08-09T17:25:32.811079+00:00
constrained_factual_239,google/gemma-2-2b,12,constrained_factual,0.6715,0.9935302734375,2026-08-09T17:25:32.811079+00:00
constrained_factual_239,google/gemma-2-2b,13,constrained_factual,0.6715,0.9915771484375,2026-08-09T17:25:32.811079+00:00
constrained_factual_239,google/gemma-2-2b,14,constrained_factual,0.6715,0.9898681640625,2026-08-09T17:25:32.811079+00:00
constrained_factual_240,google/gemma-2-2b,11,constrained_factual,2.1203,0.9945068359375,2026-08-09T17:25:32.811079+00:00
constrained_factual_240,google/gemma-2-2b,12,constrained_factual,2.1203,0.994873046875,2026-08-09T17:25:32.811079+00:00
constrained_factual_240,google/gemma-2-2b,13,constrained_factual,2.1203,0.9893798828125,2026-08-09T17:25:32.811079+00:00
constrained_factual_240,google/gemma-2-2b,14,constrained_factual,2.1203,0.9876708984375,2026-08-09T17:25:32.811079+00:00
constrained_factual_241,google/gemma-2-2b,11,constrained_factual,0.9837,0.99530029296875,2026-08-09T17:25:32.811079+00:00
constrained_factual_241,google/gemma-2-2b,12,constrained_factual,0.9837,0.99505615234375,2026-08-09T17:25:32.811079+00:00
constrained_factual_241,google/gemma-2-2b,13,constrained_factual,0.9837,0.98809814453125,2026-08-09T17:25:32.811079+00:00
constrained_factual_241,google/gemma-2-2b,14,constrained_factual,0.9837,0.98516845703125,2026-08-09T17:25:32.811079+00:00
constrained_factual_242,google/gemma-2-2b,11,constrained_factual,3.0132,0.9951171875,2026-08-09T17:25:32.811079+00:00
constrained_factual_242,google/gemma-2-2b,12,constrained_factual,3.0132,0.99468994140625,2026-08-09T17:25:32.811079+00:00
constrained_factual_242,google/gemma-2-2b,13,constrained_factual,3.0132,0.98614501953125,2026-08-09T17:25:32.811079+00:00
constrained_factual_242,google/gemma-2-2b,14,constrained_factual,3.0132,0.98089599609375,2026-08-09T17:25:32.811079+00:00
constrained_factual_243,google/gemma-2-2b,11,constrained_factual,3.2845,0.993896484375,2026-08-09T17:25:32.811079+00:00
constrained_factual_243,google/gemma-2-2b,12,constrained_factual,3.2845,0.99407958984375,2026-08-09T17:25:32.811079+00:00
constrained_factual_243,google/gemma-2-2b,13,constrained_factual,3.2845,0.98773193359375,2026-08-09T17:25:32.811079+00:00
constrained_factual_243,google/gemma-2-2b,14,constrained_factual,3.2845,0.9873046875,2026-08-09T17:25:32.811079+00:00
constrained_factual_244,google/gemma-2-2b,11,constrained_factual,0.6046,0.99578857421875,2026-08-09T17:25:32.811079+00:00
constrained_factual_244,google/gemma-2-2b,12,constrained_factual,0.6046,0.99554443359375,2026-08-09T17:25:32.811079+00:00
constrained_factual_244,google/gemma-2-2b,13,constrained_factual,0.6046,0.9892578125,2026-08-09T17:25:32.811079+00:00
constrained_factual_244,google/gemma-2-2b,14,constrained_factual,0.6046,0.98675537109375,2026-08-09T17:25:32.811079+00:00
constrained_factual_245,google/gemma-2-2b,11,constrained_factual,2.2683,0.99420166015625,2026-08-09T17:25:32.811079+00:00
constrained_factual_245,google/gemma-2-2b,12,constrained_factual,2.2683,0.99432373046875,2026-08-09T17:25:32.811079+00:00
constrained_factual_245,google/gemma-2-2b,13,constrained_factual,2.2683,0.98736572265625,2026-08-09T17:25:32.811079+00:00
constrained_factual_245,google/gemma-2-2b,14,constrained_factual,2.2683,0.98614501953125,2026-08-09T17:25:32.811079+00:00
constrained_factual_246,google/gemma-2-2b,11,constrained_factual,2.8997,0.9952392578125,2026-08-09T17:25:32.811079+00:00
constrained_factual_246,google/gemma-2-2b,12,constrained_factual,2.8997,0.993896484375,2026-08-09T17:25:32.811079+00:00
constrained_factual_246,google/gemma-2-2b,13,constrained_factual,2.8997,0.98724365234375,2026-08-09T17:25:32.811079+00:00
constrained_factual_246,google/gemma-2-2b,14,constrained_factual,2.8997,0.9830322265625,2026-08-09T17:25:32.811079+00:00
constrained_factual_247,google/gemma-2-2b,11,constrained_factual,2.3806,0.9930419921875,2026-08-09T17:25:32.811079+00:00
constrained_factual_247,google/gemma-2-2b,12,constrained_factual,2.3806,0.9937744140625,2026-08-09T17:25:32.811079+00:00
constrained_factual_247,google/gemma-2-2b,13,constrained_factual,2.3806,0.98394775390625,2026-08-09T17:25:32.811079+00:00
constrained_factual_247,google/gemma-2-2b,14,constrained_factual,2.3806,0.9815673828125,2026-08-09T17:25:32.811079+00:00
constrained_factual_248,google/gemma-2-2b,11,constrained_factual,3.1159,0.994140625,2026-08-09T17:25:32.811079+00:00
constrained_factual_248,google/gemma-2-2b,12,constrained_factual,3.1159,0.99481201171875,2026-08-09T17:25:32.811079+00:00
constrained_factual_248,google/gemma-2-2b,13,constrained_factual,3.1159,0.9892578125,2026-08-09T17:25:32.811079+00:00
constrained_factual_248,google/gemma-2-2b,14,constrained_factual,3.1159,0.9869384765625,2026-08-09T17:25:32.811079+00:00
constrained_factual_249,google/gemma-2-2b,11,constrained_factual,3.1231,0.995361328125,2026-08-09T17:25:32.811079+00:00
constrained_factual_249,google/gemma-2-2b,12,constrained_factual,3.1231,0.99578857421875,2026-08-09T17:25:32.811079+00:00
constrained_factual_249,google/gemma-2-2b,13,constrained_factual,3.1231,0.9874267578125,2026-08-09T17:25:32.811079+00:00
constrained_factual_249,google/gemma-2-2b,14,constrained_factual,3.1231,0.98284912109375,2026-08-09T17:25:32.811079+00:00
constrained_factual_250,google/gemma-2-2b,11,constrained_factual,1.8152,0.99420166015625,2026-08-09T17:25:32.811079+00:00
constrained_factual_250,google/gemma-2-2b,12,constrained_factual,1.8152,0.9940185546875,2026-08-09T17:25:32.811079+00:00
constrained_factual_250,google/gemma-2-2b,13,constrained_factual,1.8152,0.98931884765625,2026-08-09T17:25:32.811079+00:00
constrained_factual_250,google/gemma-2-2b,14,constrained_factual,1.8152,0.98681640625,2026-08-09T17:25:32.811079+00:00
moderate_reasoning_051,google/gemma-2-2b,11,moderate_reasoning,2.675,0.99658203125,2026-08-09T17:25:32.811079+00:00
moderate_reasoning_051,google/gemma-2-2b,12,moderate_reasoning,2.675,0.99505615234375,2026-08-09T17:25:32.811079+00:00
moderate_reasoning_051,google/gemma-2-2b,13,moderate_reasoning,2.675,0.98699951171875,2026-08-09T17:25:32.811079+00:00
moderate_reasoning_051,google/gemma-2-2b,14,moderate_reasoning,2.675,0.98236083984375,2026-08-09T17:25:32.811079+00:00
moderate_reasoning_052,google/gemma-2-2b,11,moderate_reasoning,0.8332,0.9937744140625,2026-08-09T17:25:32.811079+00:00
moderate_reasoning_052,google/gemma-2-2b,12,moderate_reasoning,0.8332,0.99359130859375,2026-08-09T17:25:32.811079+00:00
moderate_reasoning_052,google/gemma-2-2b,13,moderate_reasoning,0.8332,0.98956298828125,2026-08-09T17:25:32.811079+00:00
moderate_reasoning_052,google/gemma-2-2b,14,moderate_reasoning,0.8332,0.98260498046875,2026-08-09T17:25:32.811079+00:00
moderate_reasoning_053,google/gemma-2-2b,11,moderate_reasoning,1.5038,0.99530029296875,2026-08-09T17:25:32.811079+00:00
moderate_reasoning_053,google/gemma-2-2b,12,moderate_reasoning,1.5038,0.99615478515625,2026-08-09T17:25:32.811079+00:00
moderate_reasoning_053,google/gemma-2-2b,13,moderate_reasoning,1.5038,0.98712158203125,2026-08-09T17:25:32.811079+00:00
moderate_reasoning_053,google/gemma-2-2b,14,moderate_reasoning,1.5038,0.9842529296875,2026-08-09T17:25:32.811079+00:00
moderate_reasoning_054,google/gemma-2-2b,11,moderate_reasoning,3.3971,0.99456787109375,2026-08-09T17:25:32.811079+00:00
moderate_reasoning_054,google/gemma-2-2b,12,moderate_reasoning,3.3971,0.99310302734375,2026-08-09T17:25:32.811079+00:00
moderate_reasoning_054,google/gemma-2-2b,13,moderate_reasoning,3.3971,0.979248046875,2026-08-09T17:25:32.811079+00:00
moderate_reasoning_054,google/gemma-2-2b,14,moderate_reasoning,3.3971,0.97088623046875,2026-08-09T17:25:32.811079+00:00
moderate_reasoning_055,google/gemma-2-2b,11,moderate_reasoning,1.7857,0.9969482421875,2026-08-09T17:25:32.811079+00:00
moderate_reasoning_055,google/gemma-2-2b,12,moderate_reasoning,1.7857,0.99603271484375,2026-08-09T17:25:32.811079+00:00
moderate_reasoning_055,google/gemma-2-2b,13,moderate_reasoning,1.7857,0.98876953125,2026-08-09T17:25:32.811079+00:00
moderate_reasoning_055,google/gemma-2-2b,14,moderate_reasoning,1.7857,0.98480224609375,2026-08-09T17:25:32.811079+00:00
moderate_reasoning_056,google/gemma-2-2b,11,moderate_reasoning,1.0977,0.99542236328125,2026-08-09T17:25:32.811079+00:00
moderate_reasoning_056,google/gemma-2-2b,12,moderate_reasoning,1.0977,0.994873046875,2026-08-09T17:25:32.811079+00:00
moderate_reasoning_056,google/gemma-2-2b,13,moderate_reasoning,1.0977,0.985595703125,2026-08-09T17:25:32.811079+00:00
moderate_reasoning_056,google/gemma-2-2b,14,moderate_reasoning,1.0977,0.9803466796875,2026-08-09T17:25:32.811079+00:00
moderate_reasoning_057,google/gemma-2-2b,11,moderate_reasoning,1.1554,0.9959716796875,2026-08-09T17:25:32.811079+00:00
moderate_reasoning_057,google/gemma-2-2b,12,moderate_reasoning,1.1554,0.99560546875,2026-08-09T17:25:32.811079+00:00
moderate_reasoning_057,google/gemma-2-2b,13,moderate_reasoning,1.1554,0.98736572265625,2026-08-09T17:25:32.811079+00:00
moderate_reasoning_057,google/gemma-2-2b,14,moderate_reasoning,1.1554,0.98077392578125,2026-08-09T17:25:32.811079+00:00
moderate_reasoning_058,google/gemma-2-2b,11,moderate_reasoning,2.5695,0.995849609375,2026-08-09T17:25:32.811079+00:00
moderate_reasoning_058,google/gemma-2-2b,12,moderate_reasoning,2.5695,0.99566650390625,2026-08-09T17:25:32.811079+00:00
moderate_reasoning_058,google/gemma-2-2b,13,moderate_reasoning,2.5695,0.990966796875,2026-08-09T17:25:32.811079+00:00
moderate_reasoning_058,google/gemma-2-2b,14,moderate_reasoning,2.5695,0.98736572265625,2026-08-09T17:25:32.811079+00:00
moderate_reasoning_059,google/gemma-2-2b,11,moderate_reasoning,2.4041,0.9957275390625,2026-08-09T17:25:32.811079+00:00
moderate_reasoning_059,google/gemma-2-2b,12,moderate_reasoning,2.4041,0.99462890625,2026-08-09T17:25:32.811079+00:00
moderate_reasoning_059,google/gemma-2-2b,13,moderate_reasoning,2.4041,0.98455810546875,2026-08-09T17:25:32.811079+00:00
moderate_reasoning_059,google/gemma-2-2b,14,moderate_reasoning,2.4041,0.9803466796875,2026-08-09T17:25:32.811079+00:00
moderate_reasoning_060,google/gemma-2-2b,11,moderate_reasoning,3.4146,0.99462890625,2026-08-09T17:25:32.811079+00:00
moderate_reasoning_060,google/gemma-2-2b,12,moderate_reasoning,3.4146,0.99383544921875,2026-08-09T17:25:32.811079+00:00
moderate_reasoning_060,google/gemma-2-2b,13,moderate_reasoning,3.4146,0.98419189453125,2026-08-09T17:25:32.811079+00:00
moderate_reasoning_060,google/gemma-2-2b,14,moderate_reasoning,3.4146,0.9765625,2026-08-09T17:25:32.811079+00:00
moderate_reasoning_061,google/gemma-2-2b,11,moderate_reasoning,0.8827,0.99615478515625,2026-08-09T17:25:32.811079+00:00
moderate_reasoning_061,google/gemma-2-2b,12,moderate_reasoning,0.8827,0.9949951171875,2026-08-09T17:25:32.811079+00:00
moderate_reasoning_061,google/gemma-2-2b,13,moderate_reasoning,0.8827,0.98797607421875,2026-08-09T17:25:32.811079+00:00
moderate_reasoning_061,google/gemma-2-2b,14,moderate_reasoning,0.8827,0.9862060546875,2026-08-09T17:25:32.811079+00:00
moderate_reasoning_062,google/gemma-2-2b,11,moderate_reasoning,1.2534,0.99591064453125,2026-08-09T17:25:32.811079+00:00
moderate_reasoning_062,google/gemma-2-2b,12,moderate_reasoning,1.2534,0.9952392578125,2026-08-09T17:25:32.811079+00:00
moderate_reasoning_062,google/gemma-2-2b,13,moderate_reasoning,1.2534,0.9876708984375,2026-08-09T17:25:32.811079+00:00
moderate_reasoning_062,google/gemma-2-2b,14,moderate_reasoning,1.2534,0.98382568359375,2026-08-09T17:25:32.811079+00:00
moderate_reasoning_063,google/gemma-2-2b,11,moderate_reasoning,2.592,0.9954833984375,2026-08-09T17:25:32.811079+00:00
moderate_reasoning_063,google/gemma-2-2b,12,moderate_reasoning,2.592,0.9951171875,2026-08-09T17:25:32.811079+00:00
moderate_reasoning_063,google/gemma-2-2b,13,moderate_reasoning,2.592,0.9853515625,2026-08-09T17:25:32.811079+00:00
moderate_reasoning_063,google/gemma-2-2b,14,moderate_reasoning,2.592,0.97955322265625,2026-08-09T17:25:32.811079+00:00
moderate_reasoning_064,google/gemma-2-2b,11,moderate_reasoning,1.7822,0.995849609375,2026-08-09T17:25:32.811079+00:00
moderate_reasoning_064,google/gemma-2-2b,12,moderate_reasoning,1.7822,0.995849609375,2026-08-09T17:25:32.811079+00:00
moderate_reasoning_064,google/gemma-2-2b,13,moderate_reasoning,1.7822,0.98931884765625,2026-08-09T17:25:32.811079+00:00
moderate_reasoning_064,google/gemma-2-2b,14,moderate_reasoning,1.7822,0.9854736328125,2026-08-09T17:25:32.811079+00:00
moderate_reasoning_065,google/gemma-2-2b,11,moderate_reasoning,1.7012,0.9954833984375,2026-08-09T17:25:32.811079+00:00
moderate_reasoning_065,google/gemma-2-2b,12,moderate_reasoning,1.7012,0.9952392578125,2026-08-09T17:25:32.811079+00:00
moderate_reasoning_065,google/gemma-2-2b,13,moderate_reasoning,1.7012,0.9871826171875,2026-08-09T17:25:32.811079+00:00
moderate_reasoning_065,google/gemma-2-2b,14,moderate_reasoning,1.7012,0.9835205078125,2026-08-09T17:25:32.811079+00:00
moderate_reasoning_066,google/gemma-2-2b,11,moderate_reasoning,1.7957,0.9954833984375,2026-08-09T17:25:32.811079+00:00
moderate_reasoning_066,google/gemma-2-2b,12,moderate_reasoning,1.7957,0.99530029296875,2026-08-09T17:25:32.811079+00:00
moderate_reasoning_066,google/gemma-2-2b,13,moderate_reasoning,1.7957,0.989501953125,2026-08-09T17:25:32.811079+00:00
moderate_reasoning_066,google/gemma-2-2b,14,moderate_reasoning,1.7957,0.9884033203125,2026-08-09T17:25:32.811079+00:00
moderate_reasoning_067,google/gemma-2-2b,11,moderate_reasoning,2.7717,0.99700927734375,2026-08-09T17:25:32.811079+00:00
moderate_reasoning_067,google/gemma-2-2b,12,moderate_reasoning,2.7717,0.995849609375,2026-08-09T17:25:32.811079+00:00
moderate_reasoning_067,google/gemma-2-2b,13,moderate_reasoning,2.7717,0.9869384765625,2026-08-09T17:25:32.811079+00:00
moderate_reasoning_067,google/gemma-2-2b,14,moderate_reasoning,2.7717,0.9808349609375,2026-08-09T17:25:32.811079+00:00
moderate_reasoning_068,google/gemma-2-2b,11,moderate_reasoning,1.6309,0.99591064453125,2026-08-09T17:25:32.811079+00:00
moderate_reasoning_068,google/gemma-2-2b,12,moderate_reasoning,1.6309,0.99493408203125,2026-08-09T17:25:32.811079+00:00
moderate_reasoning_068,google/gemma-2-2b,13,moderate_reasoning,1.6309,0.98895263671875,2026-08-09T17:25:32.811079+00:00
moderate_reasoning_068,google/gemma-2-2b,14,moderate_reasoning,1.6309,0.98492431640625,2026-08-09T17:25:32.811079+00:00
moderate_reasoning_069,google/gemma-2-2b,11,moderate_reasoning,2.7833,0.996337890625,2026-08-09T17:25:32.811079+00:00
moderate_reasoning_069,google/gemma-2-2b,12,moderate_reasoning,2.7833,0.99566650390625,2026-08-09T17:25:32.811079+00:00
moderate_reasoning_069,google/gemma-2-2b,13,moderate_reasoning,2.7833,0.98626708984375,2026-08-09T17:25:32.811079+00:00
moderate_reasoning_069,google/gemma-2-2b,14,moderate_reasoning,2.7833,0.9803466796875,2026-08-09T17:25:32.811079+00:00
moderate_reasoning_070,google/gemma-2-2b,11,moderate_reasoning,2.4595,0.99652099609375,2026-08-09T17:25:32.811079+00:00
moderate_reasoning_070,google/gemma-2-2b,12,moderate_reasoning,2.4595,0.9947509765625,2026-08-09T17:25:32.811079+00:00
moderate_reasoning_070,google/gemma-2-2b,13,moderate_reasoning,2.4595,0.98956298828125,2026-08-09T17:25:32.811079+00:00
moderate_reasoning_070,google/gemma-2-2b,14,moderate_reasoning,2.4595,0.983642578125,2026-08-09T17:25:32.811079+00:00
moderate_reasoning_071,google/gemma-2-2b,11,moderate_reasoning,2.7518,0.99560546875,2026-08-09T17:25:32.811079+00:00
moderate_reasoning_071,google/gemma-2-2b,12,moderate_reasoning,2.7518,0.9947509765625,2026-08-09T17:25:32.811079+00:00
moderate_reasoning_071,google/gemma-2-2b,13,moderate_reasoning,2.7518,0.986328125,2026-08-09T17:25:32.811079+00:00
moderate_reasoning_071,google/gemma-2-2b,14,moderate_reasoning,2.7518,0.98284912109375,2026-08-09T17:25:32.811079+00:00
moderate_reasoning_072,google/gemma-2-2b,11,moderate_reasoning,2.3834,0.99542236328125,2026-08-09T17:25:32.811079+00:00
moderate_reasoning_072,google/gemma-2-2b,12,moderate_reasoning,2.3834,0.9952392578125,2026-08-09T17:25:32.811079+00:00
moderate_reasoning_072,google/gemma-2-2b,13,moderate_reasoning,2.3834,0.98583984375,2026-08-09T17:25:32.811079+00:00
moderate_reasoning_072,google/gemma-2-2b,14,moderate_reasoning,2.3834,0.9730224609375,2026-08-09T17:25:32.811079+00:00
moderate_reasoning_073,google/gemma-2-2b,11,moderate_reasoning,1.0302,0.993896484375,2026-08-09T17:25:32.811079+00:00
moderate_reasoning_073,google/gemma-2-2b,12,moderate_reasoning,1.0302,0.994140625,2026-08-09T17:25:32.811079+00:00
moderate_reasoning_073,google/gemma-2-2b,13,moderate_reasoning,1.0302,0.98760986328125,2026-08-09T17:25:32.811079+00:00
moderate_reasoning_073,google/gemma-2-2b,14,moderate_reasoning,1.0302,0.97955322265625,2026-08-09T17:25:32.811079+00:00
moderate_reasoning_074,google/gemma-2-2b,11,moderate_reasoning,1.5421,0.9964599609375,2026-08-09T17:25:32.811079+00:00
moderate_reasoning_074,google/gemma-2-2b,12,moderate_reasoning,1.5421,0.99554443359375,2026-08-09T17:25:32.811079+00:00
moderate_reasoning_074,google/gemma-2-2b,13,moderate_reasoning,1.5421,0.99029541015625,2026-08-09T17:25:32.811079+00:00
moderate_reasoning_074,google/gemma-2-2b,14,moderate_reasoning,1.5421,0.98516845703125,2026-08-09T17:25:32.811079+00:00
moderate_reasoning_075,google/gemma-2-2b,11,moderate_reasoning,2.7788,0.99566650390625,2026-08-09T17:25:32.811079+00:00
moderate_reasoning_075,google/gemma-2-2b,12,moderate_reasoning,2.7788,0.995849609375,2026-08-09T17:25:32.811079+00:00
moderate_reasoning_075,google/gemma-2-2b,13,moderate_reasoning,2.7788,0.98638916015625,2026-08-09T17:25:32.811079+00:00
moderate_reasoning_075,google/gemma-2-2b,14,moderate_reasoning,2.7788,0.9776611328125,2026-08-09T17:25:32.811079+00:00
moderate_reasoning_076,google/gemma-2-2b,11,moderate_reasoning,1.2942,0.99615478515625,2026-08-09T17:25:32.811079+00:00
moderate_reasoning_076,google/gemma-2-2b,12,moderate_reasoning,1.2942,0.99554443359375,2026-08-09T17:25:32.811079+00:00
moderate_reasoning_076,google/gemma-2-2b,13,moderate_reasoning,1.2942,0.98583984375,2026-08-09T17:25:32.811079+00:00
moderate_reasoning_076,google/gemma-2-2b,14,moderate_reasoning,1.2942,0.98101806640625,2026-08-09T17:25:32.811079+00:00
moderate_reasoning_077,google/gemma-2-2b,11,moderate_reasoning,1.1471,0.9937744140625,2026-08-09T17:25:32.811079+00:00
moderate_reasoning_077,google/gemma-2-2b,12,moderate_reasoning,1.1471,0.99407958984375,2026-08-09T17:25:32.811079+00:00
moderate_reasoning_077,google/gemma-2-2b,13,moderate_reasoning,1.1471,0.98870849609375,2026-08-09T17:25:32.811079+00:00
moderate_reasoning_077,google/gemma-2-2b,14,moderate_reasoning,1.1471,0.98577880859375,2026-08-09T17:25:32.811079+00:00
moderate_reasoning_078,google/gemma-2-2b,11,moderate_reasoning,2.1169,0.994140625,2026-08-09T17:25:32.811079+00:00
moderate_reasoning_078,google/gemma-2-2b,12,moderate_reasoning,2.1169,0.99481201171875,2026-08-09T17:25:32.811079+00:00
moderate_reasoning_078,google/gemma-2-2b,13,moderate_reasoning,2.1169,0.98760986328125,2026-08-09T17:25:32.811079+00:00
moderate_reasoning_078,google/gemma-2-2b,14,moderate_reasoning,2.1169,0.981689453125,2026-08-09T17:25:32.811079+00:00
moderate_reasoning_079,google/gemma-2-2b,11,moderate_reasoning,1.1494,0.99560546875,2026-08-09T17:25:32.811079+00:00
moderate_reasoning_079,google/gemma-2-2b,12,moderate_reasoning,1.1494,0.99383544921875,2026-08-09T17:25:32.811079+00:00
moderate_reasoning_079,google/gemma-2-2b,13,moderate_reasoning,1.1494,0.98931884765625,2026-08-09T17:25:32.811079+00:00
moderate_reasoning_079,google/gemma-2-2b,14,moderate_reasoning,1.1494,0.98358154296875,2026-08-09T17:25:32.811079+00:00
moderate_reasoning_080,google/gemma-2-2b,11,moderate_reasoning,2.9256,0.9949951171875,2026-08-09T17:25:32.811079+00:00
moderate_reasoning_080,google/gemma-2-2b,12,moderate_reasoning,2.9256,0.99456787109375,2026-08-09T17:25:32.811079+00:00
moderate_reasoning_080,google/gemma-2-2b,13,moderate_reasoning,2.9256,0.9862060546875,2026-08-09T17:25:32.811079+00:00
moderate_reasoning_080,google/gemma-2-2b,14,moderate_reasoning,2.9256,0.98687744140625,2026-08-09T17:25:32.811079+00:00
moderate_reasoning_081,google/gemma-2-2b,11,moderate_reasoning,2.1874,0.99432373046875,2026-08-09T17:25:32.811079+00:00
moderate_reasoning_081,google/gemma-2-2b,12,moderate_reasoning,2.1874,0.9930419921875,2026-08-09T17:25:32.811079+00:00
moderate_reasoning_081,google/gemma-2-2b,13,moderate_reasoning,2.1874,0.98291015625,2026-08-09T17:25:32.811079+00:00
moderate_reasoning_081,google/gemma-2-2b,14,moderate_reasoning,2.1874,0.9747314453125,2026-08-09T17:25:32.811079+00:00
moderate_reasoning_082,google/gemma-2-2b,11,moderate_reasoning,0.5811,0.99505615234375,2026-08-09T17:25:32.811079+00:00
moderate_reasoning_082,google/gemma-2-2b,12,moderate_reasoning,0.5811,0.9937744140625,2026-08-09T17:25:32.811079+00:00
moderate_reasoning_082,google/gemma-2-2b,13,moderate_reasoning,0.5811,0.9832763671875,2026-08-09T17:25:32.811079+00:00
moderate_reasoning_082,google/gemma-2-2b,14,moderate_reasoning,0.5811,0.9765625,2026-08-09T17:25:32.811079+00:00
moderate_reasoning_083,google/gemma-2-2b,11,moderate_reasoning,2.4775,0.99664306640625,2026-08-09T17:25:32.811079+00:00
moderate_reasoning_083,google/gemma-2-2b,12,moderate_reasoning,2.4775,0.99609375,2026-08-09T17:25:32.811079+00:00
moderate_reasoning_083,google/gemma-2-2b,13,moderate_reasoning,2.4775,0.98870849609375,2026-08-09T17:25:32.811079+00:00
moderate_reasoning_083,google/gemma-2-2b,14,moderate_reasoning,2.4775,0.97857666015625,2026-08-09T17:25:32.811079+00:00
moderate_reasoning_084,google/gemma-2-2b,11,moderate_reasoning,3.425,0.9957275390625,2026-08-09T17:25:32.811079+00:00
moderate_reasoning_084,google/gemma-2-2b,12,moderate_reasoning,3.425,0.99383544921875,2026-08-09T17:25:32.811079+00:00
moderate_reasoning_084,google/gemma-2-2b,13,moderate_reasoning,3.425,0.98492431640625,2026-08-09T17:25:32.811079+00:00
moderate_reasoning_084,google/gemma-2-2b,14,moderate_reasoning,3.425,0.97711181640625,2026-08-09T17:25:32.811079+00:00
moderate_reasoning_085,google/gemma-2-2b,11,moderate_reasoning,3.1264,0.99493408203125,2026-08-09T17:25:32.811079+00:00
moderate_reasoning_085,google/gemma-2-2b,12,moderate_reasoning,3.1264,0.99468994140625,2026-08-09T17:25:32.811079+00:00
moderate_reasoning_085,google/gemma-2-2b,13,moderate_reasoning,3.1264,0.98284912109375,2026-08-09T17:25:32.811079+00:00
moderate_reasoning_085,google/gemma-2-2b,14,moderate_reasoning,3.1264,0.97882080078125,2026-08-09T17:25:32.811079+00:00
moderate_reasoning_086,google/gemma-2-2b,11,moderate_reasoning,2.2576,0.9930419921875,2026-08-09T17:25:32.811079+00:00
moderate_reasoning_086,google/gemma-2-2b,12,moderate_reasoning,2.2576,0.9927978515625,2026-08-09T17:25:32.811079+00:00
moderate_reasoning_086,google/gemma-2-2b,13,moderate_reasoning,2.2576,0.98040771484375,2026-08-09T17:25:32.811079+00:00
moderate_reasoning_086,google/gemma-2-2b,14,moderate_reasoning,2.2576,0.97576904296875,2026-08-09T17:25:32.811079+00:00
moderate_reasoning_087,google/gemma-2-2b,11,moderate_reasoning,2.1939,0.9962158203125,2026-08-09T17:25:32.811079+00:00
moderate_reasoning_087,google/gemma-2-2b,12,moderate_reasoning,2.1939,0.99493408203125,2026-08-09T17:25:32.811079+00:00
moderate_reasoning_087,google/gemma-2-2b,13,moderate_reasoning,2.1939,0.989990234375,2026-08-09T17:25:32.811079+00:00
moderate_reasoning_087,google/gemma-2-2b,14,moderate_reasoning,2.1939,0.98419189453125,2026-08-09T17:25:32.811079+00:00
moderate_reasoning_088,google/gemma-2-2b,11,moderate_reasoning,1.5944,0.99658203125,2026-08-09T17:25:32.811079+00:00
moderate_reasoning_088,google/gemma-2-2b,12,moderate_reasoning,1.5944,0.99591064453125,2026-08-09T17:25:32.811079+00:00
moderate_reasoning_088,google/gemma-2-2b,13,moderate_reasoning,1.5944,0.9893798828125,2026-08-09T17:25:32.811079+00:00
moderate_reasoning_088,google/gemma-2-2b,14,moderate_reasoning,1.5944,0.9808349609375,2026-08-09T17:25:32.811079+00:00
moderate_reasoning_089,google/gemma-2-2b,11,moderate_reasoning,0.7926,0.994873046875,2026-08-09T17:25:32.811079+00:00
moderate_reasoning_089,google/gemma-2-2b,12,moderate_reasoning,0.7926,0.99346923828125,2026-08-09T17:25:32.811079+00:00
moderate_reasoning_089,google/gemma-2-2b,13,moderate_reasoning,0.7926,0.9847412109375,2026-08-09T17:25:32.811079+00:00
moderate_reasoning_089,google/gemma-2-2b,14,moderate_reasoning,0.7926,0.9810791015625,2026-08-09T17:25:32.811079+00:00
moderate_reasoning_090,google/gemma-2-2b,11,moderate_reasoning,1.9403,0.99481201171875,2026-08-09T17:25:32.811079+00:00
moderate_reasoning_090,google/gemma-2-2b,12,moderate_reasoning,1.9403,0.9945068359375,2026-08-09T17:25:32.811079+00:00
moderate_reasoning_090,google/gemma-2-2b,13,moderate_reasoning,1.9403,0.98687744140625,2026-08-09T17:25:32.811079+00:00
moderate_reasoning_090,google/gemma-2-2b,14,moderate_reasoning,1.9403,0.9815673828125,2026-08-09T17:25:32.811079+00:00
moderate_reasoning_091,google/gemma-2-2b,11,moderate_reasoning,2.0377,0.9962158203125,2026-08-09T17:25:32.811079+00:00
moderate_reasoning_091,google/gemma-2-2b,12,moderate_reasoning,2.0377,0.9959716796875,2026-08-09T17:25:32.811079+00:00
moderate_reasoning_091,google/gemma-2-2b,13,moderate_reasoning,2.0377,0.98651123046875,2026-08-09T17:25:32.811079+00:00
moderate_reasoning_091,google/gemma-2-2b,14,moderate_reasoning,2.0377,0.98089599609375,2026-08-09T17:25:32.811079+00:00
moderate_reasoning_092,google/gemma-2-2b,11,moderate_reasoning,1.765,0.9954833984375,2026-08-09T17:25:32.811079+00:00
moderate_reasoning_092,google/gemma-2-2b,12,moderate_reasoning,1.765,0.99493408203125,2026-08-09T17:25:32.811079+00:00
moderate_reasoning_092,google/gemma-2-2b,13,moderate_reasoning,1.765,0.98663330078125,2026-08-09T17:25:32.811079+00:00
moderate_reasoning_092,google/gemma-2-2b,14,moderate_reasoning,1.765,0.9793701171875,2026-08-09T17:25:32.811079+00:00
moderate_reasoning_093,google/gemma-2-2b,11,moderate_reasoning,2.8358,0.99505615234375,2026-08-09T17:25:32.811079+00:00
moderate_reasoning_093,google/gemma-2-2b,12,moderate_reasoning,2.8358,0.994140625,2026-08-09T17:25:32.811079+00:00
moderate_reasoning_093,google/gemma-2-2b,13,moderate_reasoning,2.8358,0.9833984375,2026-08-09T17:25:32.811079+00:00
moderate_reasoning_093,google/gemma-2-2b,14,moderate_reasoning,2.8358,0.97943115234375,2026-08-09T17:25:32.811079+00:00
moderate_reasoning_094,google/gemma-2-2b,11,moderate_reasoning,2.0074,0.99371337890625,2026-08-09T17:25:32.811079+00:00
moderate_reasoning_094,google/gemma-2-2b,12,moderate_reasoning,2.0074,0.99395751953125,2026-08-09T17:25:32.811079+00:00
moderate_reasoning_094,google/gemma-2-2b,13,moderate_reasoning,2.0074,0.98419189453125,2026-08-09T17:25:32.811079+00:00
moderate_reasoning_094,google/gemma-2-2b,14,moderate_reasoning,2.0074,0.981201171875,2026-08-09T17:25:32.811079+00:00
moderate_reasoning_095,google/gemma-2-2b,11,moderate_reasoning,1.6498,0.9942626953125,2026-08-09T17:25:32.811079+00:00
moderate_reasoning_095,google/gemma-2-2b,12,moderate_reasoning,1.6498,0.99462890625,2026-08-09T17:25:32.811079+00:00
moderate_reasoning_095,google/gemma-2-2b,13,moderate_reasoning,1.6498,0.984130859375,2026-08-09T17:25:32.811079+00:00
moderate_reasoning_095,google/gemma-2-2b,14,moderate_reasoning,1.6498,0.97845458984375,2026-08-09T17:25:32.811079+00:00
moderate_reasoning_096,google/gemma-2-2b,11,moderate_reasoning,2.573,0.996337890625,2026-08-09T17:25:32.811079+00:00
moderate_reasoning_096,google/gemma-2-2b,12,moderate_reasoning,2.573,0.9954833984375,2026-08-09T17:25:32.811079+00:00
moderate_reasoning_096,google/gemma-2-2b,13,moderate_reasoning,2.573,0.98974609375,2026-08-09T17:25:32.811079+00:00
moderate_reasoning_096,google/gemma-2-2b,14,moderate_reasoning,2.573,0.98480224609375,2026-08-09T17:25:32.811079+00:00
moderate_reasoning_097,google/gemma-2-2b,11,moderate_reasoning,1.6711,0.99566650390625,2026-08-09T17:25:32.811079+00:00
moderate_reasoning_097,google/gemma-2-2b,12,moderate_reasoning,1.6711,0.9951171875,2026-08-09T17:25:32.811079+00:00
moderate_reasoning_097,google/gemma-2-2b,13,moderate_reasoning,1.6711,0.98773193359375,2026-08-09T17:25:32.811079+00:00
moderate_reasoning_097,google/gemma-2-2b,14,moderate_reasoning,1.6711,0.98162841796875,2026-08-09T17:25:32.811079+00:00
moderate_reasoning_098,google/gemma-2-2b,11,moderate_reasoning,2.7502,0.9962158203125,2026-08-09T17:25:32.811079+00:00
moderate_reasoning_098,google/gemma-2-2b,12,moderate_reasoning,2.7502,0.9957275390625,2026-08-09T17:25:32.811079+00:00
moderate_reasoning_098,google/gemma-2-2b,13,moderate_reasoning,2.7502,0.988525390625,2026-08-09T17:25:32.811079+00:00
moderate_reasoning_098,google/gemma-2-2b,14,moderate_reasoning,2.7502,0.98345947265625,2026-08-09T17:25:32.811079+00:00
moderate_reasoning_099,google/gemma-2-2b,11,moderate_reasoning,2.5225,0.9945068359375,2026-08-09T17:25:32.811079+00:00
moderate_reasoning_099,google/gemma-2-2b,12,moderate_reasoning,2.5225,0.99298095703125,2026-08-09T17:25:32.811079+00:00
moderate_reasoning_099,google/gemma-2-2b,13,moderate_reasoning,2.5225,0.9818115234375,2026-08-09T17:25:32.811079+00:00
moderate_reasoning_099,google/gemma-2-2b,14,moderate_reasoning,2.5225,0.97772216796875,2026-08-09T17:25:32.811079+00:00
moderate_reasoning_100,google/gemma-2-2b,11,moderate_reasoning,2.349,0.99169921875,2026-08-09T17:25:32.811079+00:00
moderate_reasoning_100,google/gemma-2-2b,12,moderate_reasoning,2.349,0.991455078125,2026-08-09T17:25:32.811079+00:00
moderate_reasoning_100,google/gemma-2-2b,13,moderate_reasoning,2.349,0.980712890625,2026-08-09T17:25:32.811079+00:00
moderate_reasoning_100,google/gemma-2-2b,14,moderate_reasoning,2.349,0.97613525390625,2026-08-09T17:25:32.811079+00:00
moderate_reasoning_101,google/gemma-2-2b,11,moderate_reasoning,2.5503,0.9964599609375,2026-08-09T17:25:32.811079+00:00
moderate_reasoning_101,google/gemma-2-2b,12,moderate_reasoning,2.5503,0.99530029296875,2026-08-09T17:25:32.811079+00:00
moderate_reasoning_101,google/gemma-2-2b,13,moderate_reasoning,2.5503,0.986572265625,2026-08-09T17:25:32.811079+00:00
moderate_reasoning_101,google/gemma-2-2b,14,moderate_reasoning,2.5503,0.9825439453125,2026-08-09T17:25:32.811079+00:00
moderate_reasoning_102,google/gemma-2-2b,11,moderate_reasoning,1.078,0.99395751953125,2026-08-09T17:25:32.811079+00:00
moderate_reasoning_102,google/gemma-2-2b,12,moderate_reasoning,1.078,0.99359130859375,2026-08-09T17:25:32.811079+00:00
moderate_reasoning_102,google/gemma-2-2b,13,moderate_reasoning,1.078,0.9891357421875,2026-08-09T17:25:32.811079+00:00
moderate_reasoning_102,google/gemma-2-2b,14,moderate_reasoning,1.078,0.98382568359375,2026-08-09T17:25:32.811079+00:00
moderate_reasoning_103,google/gemma-2-2b,11,moderate_reasoning,1.974,0.9957275390625,2026-08-09T17:25:32.811079+00:00
moderate_reasoning_103,google/gemma-2-2b,12,moderate_reasoning,1.974,0.99560546875,2026-08-09T17:25:32.811079+00:00
moderate_reasoning_103,google/gemma-2-2b,13,moderate_reasoning,1.974,0.9866943359375,2026-08-09T17:25:32.811079+00:00
moderate_reasoning_103,google/gemma-2-2b,14,moderate_reasoning,1.974,0.98284912109375,2026-08-09T17:25:32.811079+00:00
moderate_reasoning_104,google/gemma-2-2b,11,moderate_reasoning,3.5871,0.99432373046875,2026-08-09T17:25:32.811079+00:00
moderate_reasoning_104,google/gemma-2-2b,12,moderate_reasoning,3.5871,0.9940185546875,2026-08-09T17:25:32.811079+00:00
moderate_reasoning_104,google/gemma-2-2b,13,moderate_reasoning,3.5871,0.982421875,2026-08-09T17:25:32.811079+00:00
moderate_reasoning_104,google/gemma-2-2b,14,moderate_reasoning,3.5871,0.97357177734375,2026-08-09T17:25:32.811079+00:00
moderate_reasoning_105,google/gemma-2-2b,11,moderate_reasoning,2.6887,0.99676513671875,2026-08-09T17:25:32.811079+00:00
moderate_reasoning_105,google/gemma-2-2b,12,moderate_reasoning,2.6887,0.9959716796875,2026-08-09T17:25:32.811079+00:00
moderate_reasoning_105,google/gemma-2-2b,13,moderate_reasoning,2.6887,0.9879150390625,2026-08-09T17:25:32.811079+00:00
moderate_reasoning_105,google/gemma-2-2b,14,moderate_reasoning,2.6887,0.98455810546875,2026-08-09T17:25:32.811079+00:00
moderate_reasoning_106,google/gemma-2-2b,11,moderate_reasoning,2.3079,0.99432373046875,2026-08-09T17:25:32.811079+00:00
moderate_reasoning_106,google/gemma-2-2b,12,moderate_reasoning,2.3079,0.9945068359375,2026-08-09T17:25:32.811079+00:00
moderate_reasoning_106,google/gemma-2-2b,13,moderate_reasoning,2.3079,0.9869384765625,2026-08-09T17:25:32.811079+00:00
moderate_reasoning_106,google/gemma-2-2b,14,moderate_reasoning,2.3079,0.9825439453125,2026-08-09T17:25:32.811079+00:00
moderate_reasoning_107,google/gemma-2-2b,11,moderate_reasoning,2.3408,0.9957275390625,2026-08-09T17:25:32.811079+00:00
moderate_reasoning_107,google/gemma-2-2b,12,moderate_reasoning,2.3408,0.995361328125,2026-08-09T17:25:32.811079+00:00
moderate_reasoning_107,google/gemma-2-2b,13,moderate_reasoning,2.3408,0.98626708984375,2026-08-09T17:25:32.811079+00:00
moderate_reasoning_107,google/gemma-2-2b,14,moderate_reasoning,2.3408,0.981689453125,2026-08-09T17:25:32.811079+00:00
moderate_reasoning_108,google/gemma-2-2b,11,moderate_reasoning,2.83,0.9959716796875,2026-08-09T17:25:32.811079+00:00
moderate_reasoning_108,google/gemma-2-2b,12,moderate_reasoning,2.83,0.99530029296875,2026-08-09T17:25:32.811079+00:00
moderate_reasoning_108,google/gemma-2-2b,13,moderate_reasoning,2.83,0.9886474609375,2026-08-09T17:25:32.811079+00:00
moderate_reasoning_108,google/gemma-2-2b,14,moderate_reasoning,2.83,0.98590087890625,2026-08-09T17:25:32.811079+00:00
moderate_reasoning_109,google/gemma-2-2b,11,moderate_reasoning,2.6634,0.9951171875,2026-08-09T17:25:32.811079+00:00
moderate_reasoning_109,google/gemma-2-2b,12,moderate_reasoning,2.6634,0.99407958984375,2026-08-09T17:25:32.811079+00:00
moderate_reasoning_109,google/gemma-2-2b,13,moderate_reasoning,2.6634,0.9840087890625,2026-08-09T17:25:32.811079+00:00
moderate_reasoning_109,google/gemma-2-2b,14,moderate_reasoning,2.6634,0.97918701171875,2026-08-09T17:25:32.811079+00:00
moderate_reasoning_110,google/gemma-2-2b,11,moderate_reasoning,3.7685,0.9949951171875,2026-08-09T17:25:32.811079+00:00
moderate_reasoning_110,google/gemma-2-2b,12,moderate_reasoning,3.7685,0.99365234375,2026-08-09T17:25:32.811079+00:00
moderate_reasoning_110,google/gemma-2-2b,13,moderate_reasoning,3.7685,0.98297119140625,2026-08-09T17:25:32.811079+00:00
moderate_reasoning_110,google/gemma-2-2b,14,moderate_reasoning,3.7685,0.96990966796875,2026-08-09T17:25:32.811079+00:00
moderate_reasoning_111,google/gemma-2-2b,11,moderate_reasoning,0.9071,0.99591064453125,2026-08-09T17:25:32.811079+00:00
moderate_reasoning_111,google/gemma-2-2b,12,moderate_reasoning,0.9071,0.99505615234375,2026-08-09T17:25:32.811079+00:00
moderate_reasoning_111,google/gemma-2-2b,13,moderate_reasoning,0.9071,0.9862060546875,2026-08-09T17:25:32.811079+00:00
moderate_reasoning_111,google/gemma-2-2b,14,moderate_reasoning,0.9071,0.9847412109375,2026-08-09T17:25:32.811079+00:00
moderate_reasoning_112,google/gemma-2-2b,11,moderate_reasoning,1.1666,0.99578857421875,2026-08-09T17:25:32.811079+00:00
moderate_reasoning_112,google/gemma-2-2b,12,moderate_reasoning,1.1666,0.99481201171875,2026-08-09T17:25:32.811079+00:00
moderate_reasoning_112,google/gemma-2-2b,13,moderate_reasoning,1.1666,0.9886474609375,2026-08-09T17:25:32.811079+00:00
moderate_reasoning_112,google/gemma-2-2b,14,moderate_reasoning,1.1666,0.98468017578125,2026-08-09T17:25:32.811079+00:00
moderate_reasoning_113,google/gemma-2-2b,11,moderate_reasoning,2.4567,0.9954833984375,2026-08-09T17:25:32.811079+00:00
moderate_reasoning_113,google/gemma-2-2b,12,moderate_reasoning,2.4567,0.99517822265625,2026-08-09T17:25:32.811079+00:00
moderate_reasoning_113,google/gemma-2-2b,13,moderate_reasoning,2.4567,0.98583984375,2026-08-09T17:25:32.811079+00:00
moderate_reasoning_113,google/gemma-2-2b,14,moderate_reasoning,2.4567,0.98095703125,2026-08-09T17:25:32.811079+00:00
moderate_reasoning_114,google/gemma-2-2b,11,moderate_reasoning,2.3502,0.9957275390625,2026-08-09T17:25:32.811079+00:00
moderate_reasoning_114,google/gemma-2-2b,12,moderate_reasoning,2.3502,0.9957275390625,2026-08-09T17:25:32.811079+00:00
moderate_reasoning_114,google/gemma-2-2b,13,moderate_reasoning,2.3502,0.98870849609375,2026-08-09T17:25:32.811079+00:00
moderate_reasoning_114,google/gemma-2-2b,14,moderate_reasoning,2.3502,0.984130859375,2026-08-09T17:25:32.811079+00:00
moderate_reasoning_115,google/gemma-2-2b,11,moderate_reasoning,1.8725,0.99530029296875,2026-08-09T17:25:32.811079+00:00
moderate_reasoning_115,google/gemma-2-2b,12,moderate_reasoning,1.8725,0.9949951171875,2026-08-09T17:25:32.811079+00:00
moderate_reasoning_115,google/gemma-2-2b,13,moderate_reasoning,1.8725,0.98760986328125,2026-08-09T17:25:32.811079+00:00
moderate_reasoning_115,google/gemma-2-2b,14,moderate_reasoning,1.8725,0.98486328125,2026-08-09T17:25:32.811079+00:00
moderate_reasoning_116,google/gemma-2-2b,11,moderate_reasoning,1.9836,0.99560546875,2026-08-09T17:25:32.811079+00:00
moderate_reasoning_116,google/gemma-2-2b,12,moderate_reasoning,1.9836,0.995361328125,2026-08-09T17:25:32.811079+00:00
moderate_reasoning_116,google/gemma-2-2b,13,moderate_reasoning,1.9836,0.990234375,2026-08-09T17:25:32.811079+00:00
moderate_reasoning_116,google/gemma-2-2b,14,moderate_reasoning,1.9836,0.9874267578125,2026-08-09T17:25:32.811079+00:00
moderate_reasoning_117,google/gemma-2-2b,11,moderate_reasoning,3.1484,0.99688720703125,2026-08-09T17:25:32.811079+00:00
moderate_reasoning_117,google/gemma-2-2b,12,moderate_reasoning,3.1484,0.99560546875,2026-08-09T17:25:32.811079+00:00
moderate_reasoning_117,google/gemma-2-2b,13,moderate_reasoning,3.1484,0.988037109375,2026-08-09T17:25:32.811079+00:00
moderate_reasoning_117,google/gemma-2-2b,14,moderate_reasoning,3.1484,0.981689453125,2026-08-09T17:25:32.811079+00:00
moderate_reasoning_118,google/gemma-2-2b,11,moderate_reasoning,3.2108,0.99627685546875,2026-08-09T17:25:32.811079+00:00
moderate_reasoning_118,google/gemma-2-2b,12,moderate_reasoning,3.2108,0.9947509765625,2026-08-09T17:25:32.811079+00:00
moderate_reasoning_118,google/gemma-2-2b,13,moderate_reasoning,3.2108,0.9888916015625,2026-08-09T17:25:32.811079+00:00
moderate_reasoning_118,google/gemma-2-2b,14,moderate_reasoning,3.2108,0.98101806640625,2026-08-09T17:25:32.811079+00:00
moderate_reasoning_119,google/gemma-2-2b,11,moderate_reasoning,2.6463,0.99578857421875,2026-08-09T17:25:32.811079+00:00
moderate_reasoning_119,google/gemma-2-2b,12,moderate_reasoning,2.6463,0.99493408203125,2026-08-09T17:25:32.811079+00:00
moderate_reasoning_119,google/gemma-2-2b,13,moderate_reasoning,2.6463,0.98736572265625,2026-08-09T17:25:32.811079+00:00
moderate_reasoning_119,google/gemma-2-2b,14,moderate_reasoning,2.6463,0.98150634765625,2026-08-09T17:25:32.811079+00:00
moderate_reasoning_120,google/gemma-2-2b,11,moderate_reasoning,2.9541,0.99517822265625,2026-08-09T17:25:32.811079+00:00
moderate_reasoning_120,google/gemma-2-2b,12,moderate_reasoning,2.9541,0.99468994140625,2026-08-09T17:25:32.811079+00:00
moderate_reasoning_120,google/gemma-2-2b,13,moderate_reasoning,2.9541,0.98931884765625,2026-08-09T17:25:32.811079+00:00
moderate_reasoning_120,google/gemma-2-2b,14,moderate_reasoning,2.9541,0.98199462890625,2026-08-09T17:25:32.811079+00:00
moderate_reasoning_121,google/gemma-2-2b,11,moderate_reasoning,3.281,0.99530029296875,2026-08-09T17:25:32.811079+00:00
moderate_reasoning_121,google/gemma-2-2b,12,moderate_reasoning,3.281,0.99456787109375,2026-08-09T17:25:32.811079+00:00
moderate_reasoning_121,google/gemma-2-2b,13,moderate_reasoning,3.281,0.9869384765625,2026-08-09T17:25:32.811079+00:00
moderate_reasoning_121,google/gemma-2-2b,14,moderate_reasoning,3.281,0.9844970703125,2026-08-09T17:25:32.811079+00:00
moderate_reasoning_122,google/gemma-2-2b,11,moderate_reasoning,3.1847,0.995849609375,2026-08-09T17:25:32.811079+00:00
moderate_reasoning_122,google/gemma-2-2b,12,moderate_reasoning,3.1847,0.99591064453125,2026-08-09T17:25:32.811079+00:00
moderate_reasoning_122,google/gemma-2-2b,13,moderate_reasoning,3.1847,0.98699951171875,2026-08-09T17:25:32.811079+00:00
moderate_reasoning_122,google/gemma-2-2b,14,moderate_reasoning,3.1847,0.977783203125,2026-08-09T17:25:32.811079+00:00
moderate_reasoning_123,google/gemma-2-2b,11,moderate_reasoning,1.0884,0.99322509765625,2026-08-09T17:25:32.811079+00:00
moderate_reasoning_123,google/gemma-2-2b,12,moderate_reasoning,1.0884,0.9940185546875,2026-08-09T17:25:32.811079+00:00
moderate_reasoning_123,google/gemma-2-2b,13,moderate_reasoning,1.0884,0.9859619140625,2026-08-09T17:25:32.811079+00:00
moderate_reasoning_123,google/gemma-2-2b,14,moderate_reasoning,1.0884,0.97930908203125,2026-08-09T17:25:32.811079+00:00
moderate_reasoning_124,google/gemma-2-2b,11,moderate_reasoning,2.7739,0.99658203125,2026-08-09T17:25:32.811079+00:00
moderate_reasoning_124,google/gemma-2-2b,12,moderate_reasoning,2.7739,0.9954833984375,2026-08-09T17:25:32.811079+00:00
moderate_reasoning_124,google/gemma-2-2b,13,moderate_reasoning,2.7739,0.99078369140625,2026-08-09T17:25:32.811079+00:00
moderate_reasoning_124,google/gemma-2-2b,14,moderate_reasoning,2.7739,0.98651123046875,2026-08-09T17:25:32.811079+00:00
moderate_reasoning_125,google/gemma-2-2b,11,moderate_reasoning,3.7802,0.99566650390625,2026-08-09T17:25:32.811079+00:00
moderate_reasoning_125,google/gemma-2-2b,12,moderate_reasoning,3.7802,0.99530029296875,2026-08-09T17:25:32.811079+00:00
moderate_reasoning_125,google/gemma-2-2b,13,moderate_reasoning,3.7802,0.98590087890625,2026-08-09T17:25:32.811079+00:00
moderate_reasoning_125,google/gemma-2-2b,14,moderate_reasoning,3.7802,0.97357177734375,2026-08-09T17:25:32.811079+00:00
moderate_reasoning_126,google/gemma-2-2b,11,moderate_reasoning,1.6058,0.99566650390625,2026-08-09T17:25:32.811079+00:00
moderate_reasoning_126,google/gemma-2-2b,12,moderate_reasoning,1.6058,0.99554443359375,2026-08-09T17:25:32.811079+00:00
moderate_reasoning_126,google/gemma-2-2b,13,moderate_reasoning,1.6058,0.98748779296875,2026-08-09T17:25:32.811079+00:00
moderate_reasoning_126,google/gemma-2-2b,14,moderate_reasoning,1.6058,0.98486328125,2026-08-09T17:25:32.811079+00:00
moderate_reasoning_127,google/gemma-2-2b,11,moderate_reasoning,1.5421,0.99383544921875,2026-08-09T17:25:32.811079+00:00
moderate_reasoning_127,google/gemma-2-2b,12,moderate_reasoning,1.5421,0.992919921875,2026-08-09T17:25:32.811079+00:00
moderate_reasoning_127,google/gemma-2-2b,13,moderate_reasoning,1.5421,0.9873046875,2026-08-09T17:25:32.811079+00:00
moderate_reasoning_127,google/gemma-2-2b,14,moderate_reasoning,1.5421,0.985107421875,2026-08-09T17:25:32.811079+00:00
moderate_reasoning_128,google/gemma-2-2b,11,moderate_reasoning,2.4482,0.99462890625,2026-08-09T17:25:32.811079+00:00
moderate_reasoning_128,google/gemma-2-2b,12,moderate_reasoning,2.4482,0.9951171875,2026-08-09T17:25:32.811079+00:00
moderate_reasoning_128,google/gemma-2-2b,13,moderate_reasoning,2.4482,0.98773193359375,2026-08-09T17:25:32.811079+00:00
moderate_reasoning_128,google/gemma-2-2b,14,moderate_reasoning,2.4482,0.98046875,2026-08-09T17:25:32.811079+00:00
moderate_reasoning_129,google/gemma-2-2b,11,moderate_reasoning,1.7121,0.995361328125,2026-08-09T17:25:32.811079+00:00
moderate_reasoning_129,google/gemma-2-2b,12,moderate_reasoning,1.7121,0.99383544921875,2026-08-09T17:25:32.811079+00:00
moderate_reasoning_129,google/gemma-2-2b,13,moderate_reasoning,1.7121,0.98870849609375,2026-08-09T17:25:32.811079+00:00
moderate_reasoning_129,google/gemma-2-2b,14,moderate_reasoning,1.7121,0.98529052734375,2026-08-09T17:25:32.811079+00:00
moderate_reasoning_130,google/gemma-2-2b,11,moderate_reasoning,3.4019,0.995361328125,2026-08-09T17:25:32.811079+00:00
moderate_reasoning_130,google/gemma-2-2b,12,moderate_reasoning,3.4019,0.994873046875,2026-08-09T17:25:32.811079+00:00
moderate_reasoning_130,google/gemma-2-2b,13,moderate_reasoning,3.4019,0.986572265625,2026-08-09T17:25:32.811079+00:00
moderate_reasoning_130,google/gemma-2-2b,14,moderate_reasoning,3.4019,0.98663330078125,2026-08-09T17:25:32.811079+00:00
moderate_reasoning_131,google/gemma-2-2b,11,moderate_reasoning,1.8595,0.9949951171875,2026-08-09T17:25:32.811079+00:00
moderate_reasoning_131,google/gemma-2-2b,12,moderate_reasoning,1.8595,0.99346923828125,2026-08-09T17:25:32.811079+00:00
moderate_reasoning_131,google/gemma-2-2b,13,moderate_reasoning,1.8595,0.9825439453125,2026-08-09T17:25:32.811079+00:00
moderate_reasoning_131,google/gemma-2-2b,14,moderate_reasoning,1.8595,0.9747314453125,2026-08-09T17:25:32.811079+00:00
moderate_reasoning_132,google/gemma-2-2b,11,moderate_reasoning,1.9171,0.99542236328125,2026-08-09T17:25:32.811079+00:00
moderate_reasoning_132,google/gemma-2-2b,12,moderate_reasoning,1.9171,0.9923095703125,2026-08-09T17:25:32.811079+00:00
moderate_reasoning_132,google/gemma-2-2b,13,moderate_reasoning,1.9171,0.9830322265625,2026-08-09T17:25:32.811079+00:00
moderate_reasoning_132,google/gemma-2-2b,14,moderate_reasoning,1.9171,0.97344970703125,2026-08-09T17:25:32.811079+00:00
moderate_reasoning_133,google/gemma-2-2b,11,moderate_reasoning,2.3018,0.99615478515625,2026-08-09T17:25:32.811079+00:00
moderate_reasoning_133,google/gemma-2-2b,12,moderate_reasoning,2.3018,0.99566650390625,2026-08-09T17:25:32.811079+00:00
moderate_reasoning_133,google/gemma-2-2b,13,moderate_reasoning,2.3018,0.98907470703125,2026-08-09T17:25:32.811079+00:00
moderate_reasoning_133,google/gemma-2-2b,14,moderate_reasoning,2.3018,0.979736328125,2026-08-09T17:25:32.811079+00:00
moderate_reasoning_134,google/gemma-2-2b,11,moderate_reasoning,3.5835,0.99560546875,2026-08-09T17:25:32.811079+00:00
moderate_reasoning_134,google/gemma-2-2b,12,moderate_reasoning,3.5835,0.993408203125,2026-08-09T17:25:32.811079+00:00
moderate_reasoning_134,google/gemma-2-2b,13,moderate_reasoning,3.5835,0.98394775390625,2026-08-09T17:25:32.811079+00:00
moderate_reasoning_134,google/gemma-2-2b,14,moderate_reasoning,3.5835,0.97393798828125,2026-08-09T17:25:32.811079+00:00
moderate_reasoning_135,google/gemma-2-2b,11,moderate_reasoning,3.2143,0.99554443359375,2026-08-09T17:25:32.811079+00:00
moderate_reasoning_135,google/gemma-2-2b,12,moderate_reasoning,3.2143,0.994873046875,2026-08-09T17:25:32.811079+00:00
moderate_reasoning_135,google/gemma-2-2b,13,moderate_reasoning,3.2143,0.9842529296875,2026-08-09T17:25:32.811079+00:00
moderate_reasoning_135,google/gemma-2-2b,14,moderate_reasoning,3.2143,0.98046875,2026-08-09T17:25:32.811079+00:00
moderate_reasoning_136,google/gemma-2-2b,11,moderate_reasoning,2.0249,0.9931640625,2026-08-09T17:25:32.811079+00:00
moderate_reasoning_136,google/gemma-2-2b,12,moderate_reasoning,2.0249,0.99334716796875,2026-08-09T17:25:32.811079+00:00
moderate_reasoning_136,google/gemma-2-2b,13,moderate_reasoning,2.0249,0.98309326171875,2026-08-09T17:25:32.811079+00:00
moderate_reasoning_136,google/gemma-2-2b,14,moderate_reasoning,2.0249,0.9754638671875,2026-08-09T17:25:32.811079+00:00
moderate_reasoning_137,google/gemma-2-2b,11,moderate_reasoning,2.3677,0.99639892578125,2026-08-09T17:25:32.811079+00:00
moderate_reasoning_137,google/gemma-2-2b,12,moderate_reasoning,2.3677,0.9949951171875,2026-08-09T17:25:32.811079+00:00
moderate_reasoning_137,google/gemma-2-2b,13,moderate_reasoning,2.3677,0.98980712890625,2026-08-09T17:25:32.811079+00:00
moderate_reasoning_137,google/gemma-2-2b,14,moderate_reasoning,2.3677,0.9857177734375,2026-08-09T17:25:32.811079+00:00
moderate_reasoning_138,google/gemma-2-2b,11,moderate_reasoning,2.19,0.995849609375,2026-08-09T17:25:32.811079+00:00
moderate_reasoning_138,google/gemma-2-2b,12,moderate_reasoning,2.19,0.995361328125,2026-08-09T17:25:32.811079+00:00
moderate_reasoning_138,google/gemma-2-2b,13,moderate_reasoning,2.19,0.98828125,2026-08-09T17:25:32.811079+00:00
moderate_reasoning_138,google/gemma-2-2b,14,moderate_reasoning,2.19,0.98126220703125,2026-08-09T17:25:32.811079+00:00
moderate_reasoning_139,google/gemma-2-2b,11,moderate_reasoning,1.6461,0.9947509765625,2026-08-09T17:25:32.811079+00:00
moderate_reasoning_139,google/gemma-2-2b,12,moderate_reasoning,1.6461,0.99371337890625,2026-08-09T17:25:32.811079+00:00
moderate_reasoning_139,google/gemma-2-2b,13,moderate_reasoning,1.6461,0.98638916015625,2026-08-09T17:25:32.811079+00:00
moderate_reasoning_139,google/gemma-2-2b,14,moderate_reasoning,1.6461,0.9810791015625,2026-08-09T17:25:32.811079+00:00
moderate_reasoning_140,google/gemma-2-2b,11,moderate_reasoning,2.6054,0.99530029296875,2026-08-09T17:25:32.811079+00:00
moderate_reasoning_140,google/gemma-2-2b,12,moderate_reasoning,2.6054,0.9951171875,2026-08-09T17:25:32.811079+00:00
moderate_reasoning_140,google/gemma-2-2b,13,moderate_reasoning,2.6054,0.9874267578125,2026-08-09T17:25:32.811079+00:00
moderate_reasoning_140,google/gemma-2-2b,14,moderate_reasoning,2.6054,0.9815673828125,2026-08-09T17:25:32.811079+00:00
moderate_reasoning_141,google/gemma-2-2b,11,moderate_reasoning,3.1368,0.9959716796875,2026-08-09T17:25:32.811079+00:00
moderate_reasoning_141,google/gemma-2-2b,12,moderate_reasoning,3.1368,0.99517822265625,2026-08-09T17:25:32.811079+00:00
moderate_reasoning_141,google/gemma-2-2b,13,moderate_reasoning,3.1368,0.9853515625,2026-08-09T17:25:32.811079+00:00
moderate_reasoning_141,google/gemma-2-2b,14,moderate_reasoning,3.1368,0.97930908203125,2026-08-09T17:25:32.811079+00:00
moderate_reasoning_142,google/gemma-2-2b,11,moderate_reasoning,2.029,0.99493408203125,2026-08-09T17:25:32.811079+00:00
moderate_reasoning_142,google/gemma-2-2b,12,moderate_reasoning,2.029,0.9937744140625,2026-08-09T17:25:32.811079+00:00
moderate_reasoning_142,google/gemma-2-2b,13,moderate_reasoning,2.029,0.9873046875,2026-08-09T17:25:32.811079+00:00
moderate_reasoning_142,google/gemma-2-2b,14,moderate_reasoning,2.029,0.98040771484375,2026-08-09T17:25:32.811079+00:00
moderate_reasoning_143,google/gemma-2-2b,11,moderate_reasoning,3.1693,0.994873046875,2026-08-09T17:25:32.811079+00:00
moderate_reasoning_143,google/gemma-2-2b,12,moderate_reasoning,3.1693,0.99432373046875,2026-08-09T17:25:32.811079+00:00
moderate_reasoning_143,google/gemma-2-2b,13,moderate_reasoning,3.1693,0.9833984375,2026-08-09T17:25:32.811079+00:00
moderate_reasoning_143,google/gemma-2-2b,14,moderate_reasoning,3.1693,0.9814453125,2026-08-09T17:25:32.811079+00:00
moderate_reasoning_144,google/gemma-2-2b,11,moderate_reasoning,2.0918,0.99346923828125,2026-08-09T17:25:32.811079+00:00
moderate_reasoning_144,google/gemma-2-2b,12,moderate_reasoning,2.0918,0.9940185546875,2026-08-09T17:25:32.811079+00:00
moderate_reasoning_144,google/gemma-2-2b,13,moderate_reasoning,2.0918,0.98248291015625,2026-08-09T17:25:32.811079+00:00
moderate_reasoning_144,google/gemma-2-2b,14,moderate_reasoning,2.0918,0.97943115234375,2026-08-09T17:25:32.811079+00:00
moderate_reasoning_145,google/gemma-2-2b,11,moderate_reasoning,2.6055,0.99420166015625,2026-08-09T17:25:32.811079+00:00
moderate_reasoning_145,google/gemma-2-2b,12,moderate_reasoning,2.6055,0.99298095703125,2026-08-09T17:25:32.811079+00:00
moderate_reasoning_145,google/gemma-2-2b,13,moderate_reasoning,2.6055,0.9825439453125,2026-08-09T17:25:32.811079+00:00
moderate_reasoning_145,google/gemma-2-2b,14,moderate_reasoning,2.6055,0.9752197265625,2026-08-09T17:25:32.811079+00:00
moderate_reasoning_146,google/gemma-2-2b,11,moderate_reasoning,3.2085,0.99627685546875,2026-08-09T17:25:32.811079+00:00
moderate_reasoning_146,google/gemma-2-2b,12,moderate_reasoning,3.2085,0.99560546875,2026-08-09T17:25:32.811079+00:00
moderate_reasoning_146,google/gemma-2-2b,13,moderate_reasoning,3.2085,0.988037109375,2026-08-09T17:25:32.811079+00:00
moderate_reasoning_146,google/gemma-2-2b,14,moderate_reasoning,3.2085,0.9844970703125,2026-08-09T17:25:32.811079+00:00
moderate_reasoning_147,google/gemma-2-2b,11,moderate_reasoning,2.4601,0.99481201171875,2026-08-09T17:25:32.811079+00:00
moderate_reasoning_147,google/gemma-2-2b,12,moderate_reasoning,2.4601,0.994140625,2026-08-09T17:25:32.811079+00:00
moderate_reasoning_147,google/gemma-2-2b,13,moderate_reasoning,2.4601,0.982666015625,2026-08-09T17:25:32.811079+00:00
moderate_reasoning_147,google/gemma-2-2b,14,moderate_reasoning,2.4601,0.9761962890625,2026-08-09T17:25:32.811079+00:00
moderate_reasoning_148,google/gemma-2-2b,11,moderate_reasoning,3.2901,0.9962158203125,2026-08-09T17:25:32.811079+00:00
moderate_reasoning_148,google/gemma-2-2b,12,moderate_reasoning,3.2901,0.9954833984375,2026-08-09T17:25:32.811079+00:00
moderate_reasoning_148,google/gemma-2-2b,13,moderate_reasoning,3.2901,0.9884033203125,2026-08-09T17:25:32.811079+00:00
moderate_reasoning_148,google/gemma-2-2b,14,moderate_reasoning,3.2901,0.98516845703125,2026-08-09T17:25:32.811079+00:00
moderate_reasoning_149,google/gemma-2-2b,11,moderate_reasoning,1.9861,0.99554443359375,2026-08-09T17:25:32.811079+00:00
moderate_reasoning_149,google/gemma-2-2b,12,moderate_reasoning,1.9861,0.9935302734375,2026-08-09T17:25:32.811079+00:00
moderate_reasoning_149,google/gemma-2-2b,13,moderate_reasoning,1.9861,0.98516845703125,2026-08-09T17:25:32.811079+00:00
moderate_reasoning_149,google/gemma-2-2b,14,moderate_reasoning,1.9861,0.97991943359375,2026-08-09T17:25:32.811079+00:00
moderate_reasoning_150,google/gemma-2-2b,11,moderate_reasoning,3.0315,0.9923095703125,2026-08-09T17:25:32.811079+00:00
moderate_reasoning_150,google/gemma-2-2b,12,moderate_reasoning,3.0315,0.991943359375,2026-08-09T17:25:32.811079+00:00
moderate_reasoning_150,google/gemma-2-2b,13,moderate_reasoning,3.0315,0.982177734375,2026-08-09T17:25:32.811079+00:00
moderate_reasoning_150,google/gemma-2-2b,14,moderate_reasoning,3.0315,0.9766845703125,2026-08-09T17:25:32.811079+00:00
moderate_reasoning_151,google/gemma-2-2b,11,moderate_reasoning,3.2501,0.99560546875,2026-08-09T17:25:32.811079+00:00
moderate_reasoning_151,google/gemma-2-2b,12,moderate_reasoning,3.2501,0.9951171875,2026-08-09T17:25:32.811079+00:00
moderate_reasoning_151,google/gemma-2-2b,13,moderate_reasoning,3.2501,0.9864501953125,2026-08-09T17:25:32.811079+00:00
moderate_reasoning_151,google/gemma-2-2b,14,moderate_reasoning,3.2501,0.9805908203125,2026-08-09T17:25:32.811079+00:00
moderate_reasoning_152,google/gemma-2-2b,11,moderate_reasoning,3.1662,0.99359130859375,2026-08-09T17:25:32.811079+00:00
moderate_reasoning_152,google/gemma-2-2b,12,moderate_reasoning,3.1662,0.99383544921875,2026-08-09T17:25:32.811079+00:00
moderate_reasoning_152,google/gemma-2-2b,13,moderate_reasoning,3.1662,0.9866943359375,2026-08-09T17:25:32.811079+00:00
moderate_reasoning_152,google/gemma-2-2b,14,moderate_reasoning,3.1662,0.97857666015625,2026-08-09T17:25:32.811079+00:00
moderate_reasoning_153,google/gemma-2-2b,11,moderate_reasoning,2.564,0.99542236328125,2026-08-09T17:25:32.811079+00:00
moderate_reasoning_153,google/gemma-2-2b,12,moderate_reasoning,2.564,0.9954833984375,2026-08-09T17:25:32.811079+00:00
moderate_reasoning_153,google/gemma-2-2b,13,moderate_reasoning,2.564,0.9840087890625,2026-08-09T17:25:32.811079+00:00
moderate_reasoning_153,google/gemma-2-2b,14,moderate_reasoning,2.564,0.98040771484375,2026-08-09T17:25:32.811079+00:00
moderate_reasoning_154,google/gemma-2-2b,11,moderate_reasoning,3.9641,0.993408203125,2026-08-09T17:25:32.811079+00:00
moderate_reasoning_154,google/gemma-2-2b,12,moderate_reasoning,3.9641,0.9921875,2026-08-09T17:25:32.811079+00:00
moderate_reasoning_154,google/gemma-2-2b,13,moderate_reasoning,3.9641,0.97735595703125,2026-08-09T17:25:32.811079+00:00
moderate_reasoning_154,google/gemma-2-2b,14,moderate_reasoning,3.9641,0.96875,2026-08-09T17:25:32.811079+00:00
moderate_reasoning_155,google/gemma-2-2b,11,moderate_reasoning,3.4517,0.996337890625,2026-08-09T17:25:32.811079+00:00
moderate_reasoning_155,google/gemma-2-2b,12,moderate_reasoning,3.4517,0.99542236328125,2026-08-09T17:25:32.811079+00:00
moderate_reasoning_155,google/gemma-2-2b,13,moderate_reasoning,3.4517,0.98681640625,2026-08-09T17:25:32.811079+00:00
moderate_reasoning_155,google/gemma-2-2b,14,moderate_reasoning,3.4517,0.982421875,2026-08-09T17:25:32.811079+00:00
moderate_reasoning_156,google/gemma-2-2b,11,moderate_reasoning,2.9211,0.99481201171875,2026-08-09T17:25:32.811079+00:00
moderate_reasoning_156,google/gemma-2-2b,12,moderate_reasoning,2.9211,0.99432373046875,2026-08-09T17:25:32.811079+00:00
moderate_reasoning_156,google/gemma-2-2b,13,moderate_reasoning,2.9211,0.9842529296875,2026-08-09T17:25:32.811079+00:00
moderate_reasoning_156,google/gemma-2-2b,14,moderate_reasoning,2.9211,0.9786376953125,2026-08-09T17:25:32.811079+00:00
moderate_reasoning_157,google/gemma-2-2b,11,moderate_reasoning,3.1404,0.9954833984375,2026-08-09T17:25:32.811079+00:00
moderate_reasoning_157,google/gemma-2-2b,12,moderate_reasoning,3.1404,0.99517822265625,2026-08-09T17:25:32.811079+00:00
moderate_reasoning_157,google/gemma-2-2b,13,moderate_reasoning,3.1404,0.98504638671875,2026-08-09T17:25:32.811079+00:00
moderate_reasoning_157,google/gemma-2-2b,14,moderate_reasoning,3.1404,0.9788818359375,2026-08-09T17:25:32.811079+00:00
moderate_reasoning_158,google/gemma-2-2b,11,moderate_reasoning,3.0425,0.9957275390625,2026-08-09T17:25:32.811079+00:00
moderate_reasoning_158,google/gemma-2-2b,12,moderate_reasoning,3.0425,0.995361328125,2026-08-09T17:25:32.811079+00:00
moderate_reasoning_158,google/gemma-2-2b,13,moderate_reasoning,3.0425,0.98712158203125,2026-08-09T17:25:32.811079+00:00
moderate_reasoning_158,google/gemma-2-2b,14,moderate_reasoning,3.0425,0.9814453125,2026-08-09T17:25:32.811079+00:00
moderate_reasoning_159,google/gemma-2-2b,11,moderate_reasoning,3.63,0.994873046875,2026-08-09T17:25:32.811079+00:00
moderate_reasoning_159,google/gemma-2-2b,12,moderate_reasoning,3.63,0.9940185546875,2026-08-09T17:25:32.811079+00:00
moderate_reasoning_159,google/gemma-2-2b,13,moderate_reasoning,3.63,0.981689453125,2026-08-09T17:25:32.811079+00:00
moderate_reasoning_159,google/gemma-2-2b,14,moderate_reasoning,3.63,0.9730224609375,2026-08-09T17:25:32.811079+00:00
moderate_reasoning_160,google/gemma-2-2b,11,moderate_reasoning,3.7369,0.99432373046875,2026-08-09T17:25:32.811079+00:00
moderate_reasoning_160,google/gemma-2-2b,12,moderate_reasoning,3.7369,0.9932861328125,2026-08-09T17:25:32.811079+00:00
moderate_reasoning_160,google/gemma-2-2b,13,moderate_reasoning,3.7369,0.9796142578125,2026-08-09T17:25:32.811079+00:00
moderate_reasoning_160,google/gemma-2-2b,14,moderate_reasoning,3.7369,0.96173095703125,2026-08-09T17:25:32.811079+00:00
moderate_reasoning_161,google/gemma-2-2b,11,moderate_reasoning,1.0419,0.99530029296875,2026-08-09T17:25:32.811079+00:00
moderate_reasoning_161,google/gemma-2-2b,12,moderate_reasoning,1.0419,0.994873046875,2026-08-09T17:25:32.811079+00:00
moderate_reasoning_161,google/gemma-2-2b,13,moderate_reasoning,1.0419,0.98590087890625,2026-08-09T17:25:32.811079+00:00
moderate_reasoning_161,google/gemma-2-2b,14,moderate_reasoning,1.0419,0.984375,2026-08-09T17:25:32.811079+00:00
moderate_reasoning_162,google/gemma-2-2b,11,moderate_reasoning,3.0144,0.99517822265625,2026-08-09T17:25:32.811079+00:00
moderate_reasoning_162,google/gemma-2-2b,12,moderate_reasoning,3.0144,0.99505615234375,2026-08-09T17:25:32.811079+00:00
moderate_reasoning_162,google/gemma-2-2b,13,moderate_reasoning,3.0144,0.98602294921875,2026-08-09T17:25:32.811079+00:00
moderate_reasoning_162,google/gemma-2-2b,14,moderate_reasoning,3.0144,0.98199462890625,2026-08-09T17:25:32.811079+00:00
moderate_reasoning_163,google/gemma-2-2b,11,moderate_reasoning,3.3798,0.99432373046875,2026-08-09T17:25:32.811079+00:00
moderate_reasoning_163,google/gemma-2-2b,12,moderate_reasoning,3.3798,0.994140625,2026-08-09T17:25:32.811079+00:00
moderate_reasoning_163,google/gemma-2-2b,13,moderate_reasoning,3.3798,0.9842529296875,2026-08-09T17:25:32.811079+00:00
moderate_reasoning_163,google/gemma-2-2b,14,moderate_reasoning,3.3798,0.9722900390625,2026-08-09T17:25:32.811079+00:00
moderate_reasoning_164,google/gemma-2-2b,11,moderate_reasoning,3.2493,0.995361328125,2026-08-09T17:25:32.811079+00:00
moderate_reasoning_164,google/gemma-2-2b,12,moderate_reasoning,3.2493,0.9952392578125,2026-08-09T17:25:32.811079+00:00
moderate_reasoning_164,google/gemma-2-2b,13,moderate_reasoning,3.2493,0.985107421875,2026-08-09T17:25:32.811079+00:00
moderate_reasoning_164,google/gemma-2-2b,14,moderate_reasoning,3.2493,0.97808837890625,2026-08-09T17:25:32.811079+00:00
moderate_reasoning_165,google/gemma-2-2b,11,moderate_reasoning,2.9638,0.99462890625,2026-08-09T17:25:32.811079+00:00
moderate_reasoning_165,google/gemma-2-2b,12,moderate_reasoning,2.9638,0.9942626953125,2026-08-09T17:25:32.811079+00:00
moderate_reasoning_165,google/gemma-2-2b,13,moderate_reasoning,2.9638,0.98431396484375,2026-08-09T17:25:32.811079+00:00
moderate_reasoning_165,google/gemma-2-2b,14,moderate_reasoning,2.9638,0.9775390625,2026-08-09T17:25:32.811079+00:00
moderate_reasoning_166,google/gemma-2-2b,11,moderate_reasoning,3.412,0.9954833984375,2026-08-09T17:25:32.811079+00:00
moderate_reasoning_166,google/gemma-2-2b,12,moderate_reasoning,3.412,0.994384765625,2026-08-09T17:25:32.811079+00:00
moderate_reasoning_166,google/gemma-2-2b,13,moderate_reasoning,3.412,0.98828125,2026-08-09T17:25:32.811079+00:00
moderate_reasoning_166,google/gemma-2-2b,14,moderate_reasoning,3.412,0.98614501953125,2026-08-09T17:25:32.811079+00:00
moderate_reasoning_167,google/gemma-2-2b,11,moderate_reasoning,3.5656,0.99627685546875,2026-08-09T17:25:32.811079+00:00
moderate_reasoning_167,google/gemma-2-2b,12,moderate_reasoning,3.5656,0.99542236328125,2026-08-09T17:25:32.811079+00:00
moderate_reasoning_167,google/gemma-2-2b,13,moderate_reasoning,3.5656,0.9847412109375,2026-08-09T17:25:32.811079+00:00
moderate_reasoning_167,google/gemma-2-2b,14,moderate_reasoning,3.5656,0.97735595703125,2026-08-09T17:25:32.811079+00:00
moderate_reasoning_168,google/gemma-2-2b,11,moderate_reasoning,3.7718,0.99517822265625,2026-08-09T17:25:32.811079+00:00
moderate_reasoning_168,google/gemma-2-2b,12,moderate_reasoning,3.7718,0.9947509765625,2026-08-09T17:25:32.811079+00:00
moderate_reasoning_168,google/gemma-2-2b,13,moderate_reasoning,3.7718,0.98760986328125,2026-08-09T17:25:32.811079+00:00
moderate_reasoning_168,google/gemma-2-2b,14,moderate_reasoning,3.7718,0.9815673828125,2026-08-09T17:25:32.811079+00:00
moderate_reasoning_169,google/gemma-2-2b,11,moderate_reasoning,3.4735,0.99530029296875,2026-08-09T17:25:32.811079+00:00
moderate_reasoning_169,google/gemma-2-2b,12,moderate_reasoning,3.4735,0.99432373046875,2026-08-09T17:25:32.811079+00:00
moderate_reasoning_169,google/gemma-2-2b,13,moderate_reasoning,3.4735,0.984130859375,2026-08-09T17:25:32.811079+00:00
moderate_reasoning_169,google/gemma-2-2b,14,moderate_reasoning,3.4735,0.97991943359375,2026-08-09T17:25:32.811079+00:00
moderate_reasoning_170,google/gemma-2-2b,11,moderate_reasoning,2.3114,0.9937744140625,2026-08-09T17:25:32.811079+00:00
moderate_reasoning_170,google/gemma-2-2b,12,moderate_reasoning,2.3114,0.99298095703125,2026-08-09T17:25:32.811079+00:00
moderate_reasoning_170,google/gemma-2-2b,13,moderate_reasoning,2.3114,0.98583984375,2026-08-09T17:25:32.811079+00:00
moderate_reasoning_170,google/gemma-2-2b,14,moderate_reasoning,2.3114,0.97894287109375,2026-08-09T17:25:32.811079+00:00
moderate_reasoning_171,google/gemma-2-2b,11,moderate_reasoning,3.4256,0.99530029296875,2026-08-09T17:25:32.811079+00:00
moderate_reasoning_171,google/gemma-2-2b,12,moderate_reasoning,3.4256,0.99456787109375,2026-08-09T17:25:32.811079+00:00
moderate_reasoning_171,google/gemma-2-2b,13,moderate_reasoning,3.4256,0.986083984375,2026-08-09T17:25:32.811079+00:00
moderate_reasoning_171,google/gemma-2-2b,14,moderate_reasoning,3.4256,0.98138427734375,2026-08-09T17:25:32.811079+00:00
moderate_reasoning_172,google/gemma-2-2b,11,moderate_reasoning,1.8126,0.9954833984375,2026-08-09T17:25:32.811079+00:00
moderate_reasoning_172,google/gemma-2-2b,12,moderate_reasoning,1.8126,0.99481201171875,2026-08-09T17:25:32.811079+00:00
moderate_reasoning_172,google/gemma-2-2b,13,moderate_reasoning,1.8126,0.9869384765625,2026-08-09T17:25:32.811079+00:00
moderate_reasoning_172,google/gemma-2-2b,14,moderate_reasoning,1.8126,0.9725341796875,2026-08-09T17:25:32.811079+00:00
moderate_reasoning_173,google/gemma-2-2b,11,moderate_reasoning,2.5245,0.99212646484375,2026-08-09T17:25:32.811079+00:00
moderate_reasoning_173,google/gemma-2-2b,12,moderate_reasoning,2.5245,0.9940185546875,2026-08-09T17:25:32.811079+00:00
moderate_reasoning_173,google/gemma-2-2b,13,moderate_reasoning,2.5245,0.986572265625,2026-08-09T17:25:32.811079+00:00
moderate_reasoning_173,google/gemma-2-2b,14,moderate_reasoning,2.5245,0.9788818359375,2026-08-09T17:25:32.811079+00:00
moderate_reasoning_174,google/gemma-2-2b,11,moderate_reasoning,3.325,0.99615478515625,2026-08-09T17:25:32.811079+00:00
moderate_reasoning_174,google/gemma-2-2b,12,moderate_reasoning,3.325,0.99432373046875,2026-08-09T17:25:32.811079+00:00
moderate_reasoning_174,google/gemma-2-2b,13,moderate_reasoning,3.325,0.98779296875,2026-08-09T17:25:32.811079+00:00
moderate_reasoning_174,google/gemma-2-2b,14,moderate_reasoning,3.325,0.98065185546875,2026-08-09T17:25:32.811079+00:00
moderate_reasoning_175,google/gemma-2-2b,11,moderate_reasoning,3.9577,0.99530029296875,2026-08-09T17:25:32.811079+00:00
moderate_reasoning_175,google/gemma-2-2b,12,moderate_reasoning,3.9577,0.9951171875,2026-08-09T17:25:32.811079+00:00
moderate_reasoning_175,google/gemma-2-2b,13,moderate_reasoning,3.9577,0.98431396484375,2026-08-09T17:25:32.811079+00:00
moderate_reasoning_175,google/gemma-2-2b,14,moderate_reasoning,3.9577,0.96844482421875,2026-08-09T17:25:32.811079+00:00
moderate_reasoning_176,google/gemma-2-2b,11,moderate_reasoning,2.9655,0.9954833984375,2026-08-09T17:25:32.811079+00:00
moderate_reasoning_176,google/gemma-2-2b,12,moderate_reasoning,2.9655,0.9947509765625,2026-08-09T17:25:32.811079+00:00
moderate_reasoning_176,google/gemma-2-2b,13,moderate_reasoning,2.9655,0.98248291015625,2026-08-09T17:25:32.811079+00:00
moderate_reasoning_176,google/gemma-2-2b,14,moderate_reasoning,2.9655,0.9786376953125,2026-08-09T17:25:32.811079+00:00
moderate_reasoning_177,google/gemma-2-2b,11,moderate_reasoning,2.5186,0.99298095703125,2026-08-09T17:25:32.811079+00:00
moderate_reasoning_177,google/gemma-2-2b,12,moderate_reasoning,2.5186,0.992919921875,2026-08-09T17:25:32.811079+00:00
moderate_reasoning_177,google/gemma-2-2b,13,moderate_reasoning,2.5186,0.98651123046875,2026-08-09T17:25:32.811079+00:00
moderate_reasoning_177,google/gemma-2-2b,14,moderate_reasoning,2.5186,0.9801025390625,2026-08-09T17:25:32.811079+00:00
moderate_reasoning_178,google/gemma-2-2b,11,moderate_reasoning,2.7337,0.9945068359375,2026-08-09T17:25:32.811079+00:00
moderate_reasoning_178,google/gemma-2-2b,12,moderate_reasoning,2.7337,0.99444580078125,2026-08-09T17:25:32.811079+00:00
moderate_reasoning_178,google/gemma-2-2b,13,moderate_reasoning,2.7337,0.986572265625,2026-08-09T17:25:32.811079+00:00
moderate_reasoning_178,google/gemma-2-2b,14,moderate_reasoning,2.7337,0.9801025390625,2026-08-09T17:25:32.811079+00:00
moderate_reasoning_179,google/gemma-2-2b,11,moderate_reasoning,2.7057,0.993896484375,2026-08-09T17:25:32.811079+00:00
moderate_reasoning_179,google/gemma-2-2b,12,moderate_reasoning,2.7057,0.9942626953125,2026-08-09T17:25:32.811079+00:00
moderate_reasoning_179,google/gemma-2-2b,13,moderate_reasoning,2.7057,0.98834228515625,2026-08-09T17:25:32.811079+00:00
moderate_reasoning_179,google/gemma-2-2b,14,moderate_reasoning,2.7057,0.98345947265625,2026-08-09T17:25:32.811079+00:00
moderate_reasoning_180,google/gemma-2-2b,11,moderate_reasoning,3.3882,0.99639892578125,2026-08-09T17:25:32.811079+00:00
moderate_reasoning_180,google/gemma-2-2b,12,moderate_reasoning,3.3882,0.995361328125,2026-08-09T17:25:32.811079+00:00
moderate_reasoning_180,google/gemma-2-2b,13,moderate_reasoning,3.3882,0.98504638671875,2026-08-09T17:25:32.811079+00:00
moderate_reasoning_180,google/gemma-2-2b,14,moderate_reasoning,3.3882,0.98138427734375,2026-08-09T17:25:32.811079+00:00
moderate_reasoning_181,google/gemma-2-2b,11,moderate_reasoning,2.3868,0.9937744140625,2026-08-09T17:25:32.811079+00:00
moderate_reasoning_181,google/gemma-2-2b,12,moderate_reasoning,2.3868,0.99261474609375,2026-08-09T17:25:32.811079+00:00
moderate_reasoning_181,google/gemma-2-2b,13,moderate_reasoning,2.3868,0.9781494140625,2026-08-09T17:25:32.811079+00:00
moderate_reasoning_181,google/gemma-2-2b,14,moderate_reasoning,2.3868,0.96978759765625,2026-08-09T17:25:32.811079+00:00
moderate_reasoning_182,google/gemma-2-2b,11,moderate_reasoning,2.9378,0.99554443359375,2026-08-09T17:25:32.811079+00:00
moderate_reasoning_182,google/gemma-2-2b,12,moderate_reasoning,2.9378,0.99359130859375,2026-08-09T17:25:32.811079+00:00
moderate_reasoning_182,google/gemma-2-2b,13,moderate_reasoning,2.9378,0.98236083984375,2026-08-09T17:25:32.811079+00:00
moderate_reasoning_182,google/gemma-2-2b,14,moderate_reasoning,2.9378,0.97369384765625,2026-08-09T17:25:32.811079+00:00
moderate_reasoning_183,google/gemma-2-2b,11,moderate_reasoning,1.8238,0.99676513671875,2026-08-09T17:25:32.811079+00:00
moderate_reasoning_183,google/gemma-2-2b,12,moderate_reasoning,1.8238,0.9959716796875,2026-08-09T17:25:32.811079+00:00
moderate_reasoning_183,google/gemma-2-2b,13,moderate_reasoning,1.8238,0.9881591796875,2026-08-09T17:25:32.811079+00:00
moderate_reasoning_183,google/gemma-2-2b,14,moderate_reasoning,1.8238,0.9794921875,2026-08-09T17:25:32.811079+00:00
moderate_reasoning_184,google/gemma-2-2b,11,moderate_reasoning,3.5743,0.99505615234375,2026-08-09T17:25:32.811079+00:00
moderate_reasoning_184,google/gemma-2-2b,12,moderate_reasoning,3.5743,0.9923095703125,2026-08-09T17:25:32.811079+00:00
moderate_reasoning_184,google/gemma-2-2b,13,moderate_reasoning,3.5743,0.9815673828125,2026-08-09T17:25:32.811079+00:00
moderate_reasoning_184,google/gemma-2-2b,14,moderate_reasoning,3.5743,0.974853515625,2026-08-09T17:25:32.811079+00:00
moderate_reasoning_185,google/gemma-2-2b,11,moderate_reasoning,3.2158,0.9951171875,2026-08-09T17:25:32.811079+00:00
moderate_reasoning_185,google/gemma-2-2b,12,moderate_reasoning,3.2158,0.9935302734375,2026-08-09T17:25:32.811079+00:00
moderate_reasoning_185,google/gemma-2-2b,13,moderate_reasoning,3.2158,0.98089599609375,2026-08-09T17:25:32.811079+00:00
moderate_reasoning_185,google/gemma-2-2b,14,moderate_reasoning,3.2158,0.97442626953125,2026-08-09T17:25:32.811079+00:00
moderate_reasoning_186,google/gemma-2-2b,11,moderate_reasoning,2.6505,0.99237060546875,2026-08-09T17:25:32.811079+00:00
moderate_reasoning_186,google/gemma-2-2b,12,moderate_reasoning,2.6505,0.9931640625,2026-08-09T17:25:32.811079+00:00
moderate_reasoning_186,google/gemma-2-2b,13,moderate_reasoning,2.6505,0.98236083984375,2026-08-09T17:25:32.811079+00:00
moderate_reasoning_186,google/gemma-2-2b,14,moderate_reasoning,2.6505,0.97174072265625,2026-08-09T17:25:32.811079+00:00
moderate_reasoning_187,google/gemma-2-2b,11,moderate_reasoning,2.4911,0.9949951171875,2026-08-09T17:25:32.811079+00:00
moderate_reasoning_187,google/gemma-2-2b,12,moderate_reasoning,2.4911,0.99420166015625,2026-08-09T17:25:32.811079+00:00
moderate_reasoning_187,google/gemma-2-2b,13,moderate_reasoning,2.4911,0.988037109375,2026-08-09T17:25:32.811079+00:00
moderate_reasoning_187,google/gemma-2-2b,14,moderate_reasoning,2.4911,0.9852294921875,2026-08-09T17:25:32.811079+00:00
moderate_reasoning_188,google/gemma-2-2b,11,moderate_reasoning,3.1963,0.99664306640625,2026-08-09T17:25:32.811079+00:00
moderate_reasoning_188,google/gemma-2-2b,12,moderate_reasoning,3.1963,0.99530029296875,2026-08-09T17:25:32.811079+00:00
moderate_reasoning_188,google/gemma-2-2b,13,moderate_reasoning,3.1963,0.9866943359375,2026-08-09T17:25:32.811079+00:00
moderate_reasoning_188,google/gemma-2-2b,14,moderate_reasoning,3.1963,0.981689453125,2026-08-09T17:25:32.811079+00:00
moderate_reasoning_189,google/gemma-2-2b,11,moderate_reasoning,3.6619,0.99468994140625,2026-08-09T17:25:32.811079+00:00
moderate_reasoning_189,google/gemma-2-2b,12,moderate_reasoning,3.6619,0.9927978515625,2026-08-09T17:25:32.811079+00:00
moderate_reasoning_189,google/gemma-2-2b,13,moderate_reasoning,3.6619,0.9840087890625,2026-08-09T17:25:32.811079+00:00
moderate_reasoning_189,google/gemma-2-2b,14,moderate_reasoning,3.6619,0.9781494140625,2026-08-09T17:25:32.811079+00:00
moderate_reasoning_190,google/gemma-2-2b,11,moderate_reasoning,3.4149,0.994873046875,2026-08-09T17:25:32.811079+00:00
moderate_reasoning_190,google/gemma-2-2b,12,moderate_reasoning,3.4149,0.99456787109375,2026-08-09T17:25:32.811079+00:00
moderate_reasoning_190,google/gemma-2-2b,13,moderate_reasoning,3.4149,0.9847412109375,2026-08-09T17:25:32.811079+00:00
moderate_reasoning_190,google/gemma-2-2b,14,moderate_reasoning,3.4149,0.9775390625,2026-08-09T17:25:32.811079+00:00
moderate_reasoning_191,google/gemma-2-2b,11,moderate_reasoning,3.6059,0.996337890625,2026-08-09T17:25:32.811079+00:00
moderate_reasoning_191,google/gemma-2-2b,12,moderate_reasoning,3.6059,0.99566650390625,2026-08-09T17:25:32.811079+00:00
moderate_reasoning_191,google/gemma-2-2b,13,moderate_reasoning,3.6059,0.98486328125,2026-08-09T17:25:32.811079+00:00
moderate_reasoning_191,google/gemma-2-2b,14,moderate_reasoning,3.6059,0.97601318359375,2026-08-09T17:25:32.811079+00:00
moderate_reasoning_192,google/gemma-2-2b,11,moderate_reasoning,2.431,0.99493408203125,2026-08-09T17:25:32.811079+00:00
moderate_reasoning_192,google/gemma-2-2b,12,moderate_reasoning,2.431,0.99371337890625,2026-08-09T17:25:32.811079+00:00
moderate_reasoning_192,google/gemma-2-2b,13,moderate_reasoning,2.431,0.9854736328125,2026-08-09T17:25:32.811079+00:00
moderate_reasoning_192,google/gemma-2-2b,14,moderate_reasoning,2.431,0.97802734375,2026-08-09T17:25:32.811079+00:00
moderate_reasoning_193,google/gemma-2-2b,11,moderate_reasoning,3.2845,0.99505615234375,2026-08-09T17:25:32.811079+00:00
moderate_reasoning_193,google/gemma-2-2b,12,moderate_reasoning,3.2845,0.993408203125,2026-08-09T17:25:32.811079+00:00
moderate_reasoning_193,google/gemma-2-2b,13,moderate_reasoning,3.2845,0.98162841796875,2026-08-09T17:25:32.811079+00:00
moderate_reasoning_193,google/gemma-2-2b,14,moderate_reasoning,3.2845,0.972900390625,2026-08-09T17:25:32.811079+00:00
moderate_reasoning_194,google/gemma-2-2b,11,moderate_reasoning,2.0833,0.99285888671875,2026-08-09T17:25:32.811079+00:00
moderate_reasoning_194,google/gemma-2-2b,12,moderate_reasoning,2.0833,0.9931640625,2026-08-09T17:25:32.811079+00:00
moderate_reasoning_194,google/gemma-2-2b,13,moderate_reasoning,2.0833,0.98419189453125,2026-08-09T17:25:32.811079+00:00
moderate_reasoning_194,google/gemma-2-2b,14,moderate_reasoning,2.0833,0.98223876953125,2026-08-09T17:25:32.811079+00:00
moderate_reasoning_195,google/gemma-2-2b,11,moderate_reasoning,3.0331,0.993896484375,2026-08-09T17:25:32.811079+00:00
moderate_reasoning_195,google/gemma-2-2b,12,moderate_reasoning,3.0331,0.9930419921875,2026-08-09T17:25:32.811079+00:00
moderate_reasoning_195,google/gemma-2-2b,13,moderate_reasoning,3.0331,0.979736328125,2026-08-09T17:25:32.811079+00:00
moderate_reasoning_195,google/gemma-2-2b,14,moderate_reasoning,3.0331,0.97039794921875,2026-08-09T17:25:32.811079+00:00
moderate_reasoning_196,google/gemma-2-2b,11,moderate_reasoning,3.1064,0.99609375,2026-08-09T17:25:32.811079+00:00
moderate_reasoning_196,google/gemma-2-2b,12,moderate_reasoning,3.1064,0.99560546875,2026-08-09T17:25:32.811079+00:00
moderate_reasoning_196,google/gemma-2-2b,13,moderate_reasoning,3.1064,0.9869384765625,2026-08-09T17:25:32.811079+00:00
moderate_reasoning_196,google/gemma-2-2b,14,moderate_reasoning,3.1064,0.98565673828125,2026-08-09T17:25:32.811079+00:00
moderate_reasoning_197,google/gemma-2-2b,11,moderate_reasoning,2.619,0.99456787109375,2026-08-09T17:25:32.811079+00:00
moderate_reasoning_197,google/gemma-2-2b,12,moderate_reasoning,2.619,0.99346923828125,2026-08-09T17:25:32.811079+00:00
moderate_reasoning_197,google/gemma-2-2b,13,moderate_reasoning,2.619,0.982421875,2026-08-09T17:25:32.811079+00:00
moderate_reasoning_197,google/gemma-2-2b,14,moderate_reasoning,2.619,0.97552490234375,2026-08-09T17:25:32.811079+00:00
moderate_reasoning_198,google/gemma-2-2b,11,moderate_reasoning,3.3463,0.9962158203125,2026-08-09T17:25:32.811079+00:00
moderate_reasoning_198,google/gemma-2-2b,12,moderate_reasoning,3.3463,0.9951171875,2026-08-09T17:25:32.811079+00:00
moderate_reasoning_198,google/gemma-2-2b,13,moderate_reasoning,3.3463,0.9881591796875,2026-08-09T17:25:32.811079+00:00
moderate_reasoning_198,google/gemma-2-2b,14,moderate_reasoning,3.3463,0.9840087890625,2026-08-09T17:25:32.811079+00:00
moderate_reasoning_199,google/gemma-2-2b,11,moderate_reasoning,3.5275,0.99481201171875,2026-08-09T17:25:32.811079+00:00
moderate_reasoning_199,google/gemma-2-2b,12,moderate_reasoning,3.5275,0.99285888671875,2026-08-09T17:25:32.811079+00:00
moderate_reasoning_199,google/gemma-2-2b,13,moderate_reasoning,3.5275,0.98260498046875,2026-08-09T17:25:32.811079+00:00
moderate_reasoning_199,google/gemma-2-2b,14,moderate_reasoning,3.5275,0.9766845703125,2026-08-09T17:25:32.811079+00:00
moderate_reasoning_200,google/gemma-2-2b,11,moderate_reasoning,3.5307,0.99041748046875,2026-08-09T17:25:32.811079+00:00
moderate_reasoning_200,google/gemma-2-2b,12,moderate_reasoning,3.5307,0.9912109375,2026-08-09T17:25:32.811079+00:00
moderate_reasoning_200,google/gemma-2-2b,13,moderate_reasoning,3.5307,0.9805908203125,2026-08-09T17:25:32.811079+00:00
moderate_reasoning_200,google/gemma-2-2b,14,moderate_reasoning,3.5307,0.9759521484375,2026-08-09T17:25:32.811079+00:00
moderate_reasoning_201,google/gemma-2-2b,11,moderate_reasoning,2.931,0.99578857421875,2026-08-09T17:25:32.811079+00:00
moderate_reasoning_201,google/gemma-2-2b,12,moderate_reasoning,2.931,0.99493408203125,2026-08-09T17:25:32.811079+00:00
moderate_reasoning_201,google/gemma-2-2b,13,moderate_reasoning,2.931,0.9879150390625,2026-08-09T17:25:32.811079+00:00
moderate_reasoning_201,google/gemma-2-2b,14,moderate_reasoning,2.931,0.9840087890625,2026-08-09T17:25:32.811079+00:00
moderate_reasoning_202,google/gemma-2-2b,11,moderate_reasoning,1.4055,0.9937744140625,2026-08-09T17:25:32.811079+00:00
moderate_reasoning_202,google/gemma-2-2b,12,moderate_reasoning,1.4055,0.993408203125,2026-08-09T17:25:32.811079+00:00
moderate_reasoning_202,google/gemma-2-2b,13,moderate_reasoning,1.4055,0.9876708984375,2026-08-09T17:25:32.811079+00:00
moderate_reasoning_202,google/gemma-2-2b,14,moderate_reasoning,1.4055,0.9803466796875,2026-08-09T17:25:32.811079+00:00
moderate_reasoning_203,google/gemma-2-2b,11,moderate_reasoning,1.6184,0.9952392578125,2026-08-09T17:25:32.811079+00:00
moderate_reasoning_203,google/gemma-2-2b,12,moderate_reasoning,1.6184,0.9959716796875,2026-08-09T17:25:32.811079+00:00
moderate_reasoning_203,google/gemma-2-2b,13,moderate_reasoning,1.6184,0.98583984375,2026-08-09T17:25:32.811079+00:00
moderate_reasoning_203,google/gemma-2-2b,14,moderate_reasoning,1.6184,0.98187255859375,2026-08-09T17:25:32.811079+00:00
moderate_reasoning_204,google/gemma-2-2b,11,moderate_reasoning,3.6672,0.994140625,2026-08-09T17:25:32.811079+00:00
moderate_reasoning_204,google/gemma-2-2b,12,moderate_reasoning,3.6672,0.993896484375,2026-08-09T17:25:32.811079+00:00
moderate_reasoning_204,google/gemma-2-2b,13,moderate_reasoning,3.6672,0.9825439453125,2026-08-09T17:25:32.811079+00:00
moderate_reasoning_204,google/gemma-2-2b,14,moderate_reasoning,3.6672,0.97564697265625,2026-08-09T17:25:32.811079+00:00
moderate_reasoning_205,google/gemma-2-2b,11,moderate_reasoning,1.819,0.99664306640625,2026-08-09T17:25:32.811079+00:00
moderate_reasoning_205,google/gemma-2-2b,12,moderate_reasoning,1.819,0.99603271484375,2026-08-09T17:25:32.811079+00:00
moderate_reasoning_205,google/gemma-2-2b,13,moderate_reasoning,1.819,0.98834228515625,2026-08-09T17:25:32.811079+00:00
moderate_reasoning_205,google/gemma-2-2b,14,moderate_reasoning,1.819,0.98553466796875,2026-08-09T17:25:32.811079+00:00
moderate_reasoning_206,google/gemma-2-2b,11,moderate_reasoning,1.3667,0.99530029296875,2026-08-09T17:25:32.811079+00:00
moderate_reasoning_206,google/gemma-2-2b,12,moderate_reasoning,1.3667,0.994384765625,2026-08-09T17:25:32.811079+00:00
moderate_reasoning_206,google/gemma-2-2b,13,moderate_reasoning,1.3667,0.98675537109375,2026-08-09T17:25:32.811079+00:00
moderate_reasoning_206,google/gemma-2-2b,14,moderate_reasoning,1.3667,0.9810791015625,2026-08-09T17:25:32.811079+00:00
moderate_reasoning_207,google/gemma-2-2b,11,moderate_reasoning,1.7337,0.99505615234375,2026-08-09T17:25:32.811079+00:00
moderate_reasoning_207,google/gemma-2-2b,12,moderate_reasoning,1.7337,0.99462890625,2026-08-09T17:25:32.811079+00:00
moderate_reasoning_207,google/gemma-2-2b,13,moderate_reasoning,1.7337,0.98309326171875,2026-08-09T17:25:32.811079+00:00
moderate_reasoning_207,google/gemma-2-2b,14,moderate_reasoning,1.7337,0.97705078125,2026-08-09T17:25:32.811079+00:00
moderate_reasoning_208,google/gemma-2-2b,11,moderate_reasoning,2.7204,0.99591064453125,2026-08-09T17:25:32.811079+00:00
moderate_reasoning_208,google/gemma-2-2b,12,moderate_reasoning,2.7204,0.99578857421875,2026-08-09T17:25:32.811079+00:00
moderate_reasoning_208,google/gemma-2-2b,13,moderate_reasoning,2.7204,0.9893798828125,2026-08-09T17:25:32.811079+00:00
moderate_reasoning_208,google/gemma-2-2b,14,moderate_reasoning,2.7204,0.986328125,2026-08-09T17:25:32.811079+00:00
moderate_reasoning_209,google/gemma-2-2b,11,moderate_reasoning,2.8798,0.99468994140625,2026-08-09T17:25:32.811079+00:00
moderate_reasoning_209,google/gemma-2-2b,12,moderate_reasoning,2.8798,0.9931640625,2026-08-09T17:25:32.811079+00:00
moderate_reasoning_209,google/gemma-2-2b,13,moderate_reasoning,2.8798,0.98406982421875,2026-08-09T17:25:32.811079+00:00
moderate_reasoning_209,google/gemma-2-2b,14,moderate_reasoning,2.8798,0.976806640625,2026-08-09T17:25:32.811079+00:00
moderate_reasoning_210,google/gemma-2-2b,11,moderate_reasoning,1.2136,0.99407958984375,2026-08-09T17:25:32.811079+00:00
moderate_reasoning_210,google/gemma-2-2b,12,moderate_reasoning,1.2136,0.9940185546875,2026-08-09T17:25:32.811079+00:00
moderate_reasoning_210,google/gemma-2-2b,13,moderate_reasoning,1.2136,0.9835205078125,2026-08-09T17:25:32.811079+00:00
moderate_reasoning_210,google/gemma-2-2b,14,moderate_reasoning,1.2136,0.97625732421875,2026-08-09T17:25:32.811079+00:00
moderate_reasoning_211,google/gemma-2-2b,11,moderate_reasoning,1.0918,0.99627685546875,2026-08-09T17:25:32.811079+00:00
moderate_reasoning_211,google/gemma-2-2b,12,moderate_reasoning,1.0918,0.9954833984375,2026-08-09T17:25:32.811079+00:00
moderate_reasoning_211,google/gemma-2-2b,13,moderate_reasoning,1.0918,0.98736572265625,2026-08-09T17:25:32.811079+00:00
moderate_reasoning_211,google/gemma-2-2b,14,moderate_reasoning,1.0918,0.98583984375,2026-08-09T17:25:32.811079+00:00
moderate_reasoning_212,google/gemma-2-2b,11,moderate_reasoning,1.4927,0.99542236328125,2026-08-09T17:25:32.811079+00:00
moderate_reasoning_212,google/gemma-2-2b,12,moderate_reasoning,1.4927,0.994873046875,2026-08-09T17:25:32.811079+00:00
moderate_reasoning_212,google/gemma-2-2b,13,moderate_reasoning,1.4927,0.98724365234375,2026-08-09T17:25:32.811079+00:00
moderate_reasoning_212,google/gemma-2-2b,14,moderate_reasoning,1.4927,0.98406982421875,2026-08-09T17:25:32.811079+00:00
moderate_reasoning_213,google/gemma-2-2b,11,moderate_reasoning,2.8061,0.99566650390625,2026-08-09T17:25:32.811079+00:00
moderate_reasoning_213,google/gemma-2-2b,12,moderate_reasoning,2.8061,0.9945068359375,2026-08-09T17:25:32.811079+00:00
moderate_reasoning_213,google/gemma-2-2b,13,moderate_reasoning,2.8061,0.98504638671875,2026-08-09T17:25:32.811079+00:00
moderate_reasoning_213,google/gemma-2-2b,14,moderate_reasoning,2.8061,0.978759765625,2026-08-09T17:25:32.811079+00:00
moderate_reasoning_214,google/gemma-2-2b,11,moderate_reasoning,2.2572,0.9962158203125,2026-08-09T17:25:32.811079+00:00
moderate_reasoning_214,google/gemma-2-2b,12,moderate_reasoning,2.2572,0.99603271484375,2026-08-09T17:25:32.811079+00:00
moderate_reasoning_214,google/gemma-2-2b,13,moderate_reasoning,2.2572,0.990234375,2026-08-09T17:25:32.811079+00:00
moderate_reasoning_214,google/gemma-2-2b,14,moderate_reasoning,2.2572,0.9849853515625,2026-08-09T17:25:32.811079+00:00
moderate_reasoning_215,google/gemma-2-2b,11,moderate_reasoning,2.5447,0.99444580078125,2026-08-09T17:25:32.811079+00:00
moderate_reasoning_215,google/gemma-2-2b,12,moderate_reasoning,2.5447,0.99420166015625,2026-08-09T17:25:32.811079+00:00
moderate_reasoning_215,google/gemma-2-2b,13,moderate_reasoning,2.5447,0.982666015625,2026-08-09T17:25:32.811079+00:00
moderate_reasoning_215,google/gemma-2-2b,14,moderate_reasoning,2.5447,0.9805908203125,2026-08-09T17:25:32.811079+00:00
moderate_reasoning_216,google/gemma-2-2b,11,moderate_reasoning,1.1251,0.9954833984375,2026-08-09T17:25:32.811079+00:00
moderate_reasoning_216,google/gemma-2-2b,12,moderate_reasoning,1.1251,0.99530029296875,2026-08-09T17:25:32.811079+00:00
moderate_reasoning_216,google/gemma-2-2b,13,moderate_reasoning,1.1251,0.9888916015625,2026-08-09T17:25:32.811079+00:00
moderate_reasoning_216,google/gemma-2-2b,14,moderate_reasoning,1.1251,0.98895263671875,2026-08-09T17:25:32.811079+00:00
moderate_reasoning_217,google/gemma-2-2b,11,moderate_reasoning,3.5832,0.9964599609375,2026-08-09T17:25:32.811079+00:00
moderate_reasoning_217,google/gemma-2-2b,12,moderate_reasoning,3.5832,0.99530029296875,2026-08-09T17:25:32.811079+00:00
moderate_reasoning_217,google/gemma-2-2b,13,moderate_reasoning,3.5832,0.9857177734375,2026-08-09T17:25:32.811079+00:00
moderate_reasoning_217,google/gemma-2-2b,14,moderate_reasoning,3.5832,0.9793701171875,2026-08-09T17:25:32.811079+00:00
moderate_reasoning_218,google/gemma-2-2b,11,moderate_reasoning,1.314,0.99591064453125,2026-08-09T17:25:32.811079+00:00
moderate_reasoning_218,google/gemma-2-2b,12,moderate_reasoning,1.314,0.99542236328125,2026-08-09T17:25:32.811079+00:00
moderate_reasoning_218,google/gemma-2-2b,13,moderate_reasoning,1.314,0.988037109375,2026-08-09T17:25:32.811079+00:00
moderate_reasoning_218,google/gemma-2-2b,14,moderate_reasoning,1.314,0.9849853515625,2026-08-09T17:25:32.811079+00:00
moderate_reasoning_219,google/gemma-2-2b,11,moderate_reasoning,2.8379,0.99591064453125,2026-08-09T17:25:32.811079+00:00
moderate_reasoning_219,google/gemma-2-2b,12,moderate_reasoning,2.8379,0.99444580078125,2026-08-09T17:25:32.811079+00:00
moderate_reasoning_219,google/gemma-2-2b,13,moderate_reasoning,2.8379,0.9864501953125,2026-08-09T17:25:32.811079+00:00
moderate_reasoning_219,google/gemma-2-2b,14,moderate_reasoning,2.8379,0.97930908203125,2026-08-09T17:25:32.811079+00:00
moderate_reasoning_220,google/gemma-2-2b,11,moderate_reasoning,3.52,0.99603271484375,2026-08-09T17:25:32.811079+00:00
moderate_reasoning_220,google/gemma-2-2b,12,moderate_reasoning,3.52,0.99395751953125,2026-08-09T17:25:32.811079+00:00
moderate_reasoning_220,google/gemma-2-2b,13,moderate_reasoning,3.52,0.9891357421875,2026-08-09T17:25:32.811079+00:00
moderate_reasoning_220,google/gemma-2-2b,14,moderate_reasoning,3.52,0.98248291015625,2026-08-09T17:25:32.811079+00:00
moderate_reasoning_221,google/gemma-2-2b,11,moderate_reasoning,1.7386,0.99591064453125,2026-08-09T17:25:32.811079+00:00
moderate_reasoning_221,google/gemma-2-2b,12,moderate_reasoning,1.7386,0.99432373046875,2026-08-09T17:25:32.811079+00:00
moderate_reasoning_221,google/gemma-2-2b,13,moderate_reasoning,1.7386,0.98968505859375,2026-08-09T17:25:32.811079+00:00
moderate_reasoning_221,google/gemma-2-2b,14,moderate_reasoning,1.7386,0.98602294921875,2026-08-09T17:25:32.811079+00:00
moderate_reasoning_222,google/gemma-2-2b,11,moderate_reasoning,2.0984,0.9952392578125,2026-08-09T17:25:32.811079+00:00
moderate_reasoning_222,google/gemma-2-2b,12,moderate_reasoning,2.0984,0.99468994140625,2026-08-09T17:25:32.811079+00:00
moderate_reasoning_222,google/gemma-2-2b,13,moderate_reasoning,2.0984,0.98260498046875,2026-08-09T17:25:32.811079+00:00
moderate_reasoning_222,google/gemma-2-2b,14,moderate_reasoning,2.0984,0.974853515625,2026-08-09T17:25:32.811079+00:00
moderate_reasoning_223,google/gemma-2-2b,11,moderate_reasoning,1.203,0.9923095703125,2026-08-09T17:25:32.811079+00:00
moderate_reasoning_223,google/gemma-2-2b,12,moderate_reasoning,1.203,0.99383544921875,2026-08-09T17:25:32.811079+00:00
moderate_reasoning_223,google/gemma-2-2b,13,moderate_reasoning,1.203,0.98809814453125,2026-08-09T17:25:32.811079+00:00
moderate_reasoning_223,google/gemma-2-2b,14,moderate_reasoning,1.203,0.981201171875,2026-08-09T17:25:32.811079+00:00
moderate_reasoning_224,google/gemma-2-2b,11,moderate_reasoning,3.1803,0.9959716796875,2026-08-09T17:25:32.811079+00:00
moderate_reasoning_224,google/gemma-2-2b,12,moderate_reasoning,3.1803,0.9949951171875,2026-08-09T17:25:32.811079+00:00
moderate_reasoning_224,google/gemma-2-2b,13,moderate_reasoning,3.1803,0.9886474609375,2026-08-09T17:25:32.811079+00:00
moderate_reasoning_224,google/gemma-2-2b,14,moderate_reasoning,3.1803,0.98309326171875,2026-08-09T17:25:32.811079+00:00
moderate_reasoning_225,google/gemma-2-2b,11,moderate_reasoning,3.2945,0.9959716796875,2026-08-09T17:25:32.811079+00:00
moderate_reasoning_225,google/gemma-2-2b,12,moderate_reasoning,3.2945,0.995849609375,2026-08-09T17:25:32.811079+00:00
moderate_reasoning_225,google/gemma-2-2b,13,moderate_reasoning,3.2945,0.987060546875,2026-08-09T17:25:32.811079+00:00
moderate_reasoning_225,google/gemma-2-2b,14,moderate_reasoning,3.2945,0.97650146484375,2026-08-09T17:25:32.811079+00:00
moderate_reasoning_226,google/gemma-2-2b,11,moderate_reasoning,1.2905,0.9957275390625,2026-08-09T17:25:32.811079+00:00
moderate_reasoning_226,google/gemma-2-2b,12,moderate_reasoning,1.2905,0.99517822265625,2026-08-09T17:25:32.811079+00:00
moderate_reasoning_226,google/gemma-2-2b,13,moderate_reasoning,1.2905,0.98760986328125,2026-08-09T17:25:32.811079+00:00
moderate_reasoning_226,google/gemma-2-2b,14,moderate_reasoning,1.2905,0.9852294921875,2026-08-09T17:25:32.811079+00:00
moderate_reasoning_227,google/gemma-2-2b,11,moderate_reasoning,1.8449,0.9932861328125,2026-08-09T17:25:32.811079+00:00
moderate_reasoning_227,google/gemma-2-2b,12,moderate_reasoning,1.8449,0.9930419921875,2026-08-09T17:25:32.811079+00:00
moderate_reasoning_227,google/gemma-2-2b,13,moderate_reasoning,1.8449,0.9854736328125,2026-08-09T17:25:32.811079+00:00
moderate_reasoning_227,google/gemma-2-2b,14,moderate_reasoning,1.8449,0.9820556640625,2026-08-09T17:25:32.811079+00:00
moderate_reasoning_228,google/gemma-2-2b,11,moderate_reasoning,2.4532,0.99346923828125,2026-08-09T17:25:32.811079+00:00
moderate_reasoning_228,google/gemma-2-2b,12,moderate_reasoning,2.4532,0.99444580078125,2026-08-09T17:25:32.811079+00:00
moderate_reasoning_228,google/gemma-2-2b,13,moderate_reasoning,2.4532,0.98590087890625,2026-08-09T17:25:32.811079+00:00
moderate_reasoning_228,google/gemma-2-2b,14,moderate_reasoning,2.4532,0.980224609375,2026-08-09T17:25:32.811079+00:00
moderate_reasoning_229,google/gemma-2-2b,11,moderate_reasoning,1.6651,0.9954833984375,2026-08-09T17:25:32.811079+00:00
moderate_reasoning_229,google/gemma-2-2b,12,moderate_reasoning,1.6651,0.99365234375,2026-08-09T17:25:32.811079+00:00
moderate_reasoning_229,google/gemma-2-2b,13,moderate_reasoning,1.6651,0.987548828125,2026-08-09T17:25:32.811079+00:00
moderate_reasoning_229,google/gemma-2-2b,14,moderate_reasoning,1.6651,0.9822998046875,2026-08-09T17:25:32.811079+00:00
moderate_reasoning_230,google/gemma-2-2b,11,moderate_reasoning,3.3358,0.99530029296875,2026-08-09T17:25:32.811079+00:00
moderate_reasoning_230,google/gemma-2-2b,12,moderate_reasoning,3.3358,0.9949951171875,2026-08-09T17:25:32.811079+00:00
moderate_reasoning_230,google/gemma-2-2b,13,moderate_reasoning,3.3358,0.98590087890625,2026-08-09T17:25:32.811079+00:00
moderate_reasoning_230,google/gemma-2-2b,14,moderate_reasoning,3.3358,0.98443603515625,2026-08-09T17:25:32.811079+00:00
moderate_reasoning_231,google/gemma-2-2b,11,moderate_reasoning,1.6816,0.9945068359375,2026-08-09T17:25:32.811079+00:00
moderate_reasoning_231,google/gemma-2-2b,12,moderate_reasoning,1.6816,0.99298095703125,2026-08-09T17:25:32.811079+00:00
moderate_reasoning_231,google/gemma-2-2b,13,moderate_reasoning,1.6816,0.9818115234375,2026-08-09T17:25:32.811079+00:00
moderate_reasoning_231,google/gemma-2-2b,14,moderate_reasoning,1.6816,0.973876953125,2026-08-09T17:25:32.811079+00:00
moderate_reasoning_232,google/gemma-2-2b,11,moderate_reasoning,2.1141,0.99530029296875,2026-08-09T17:25:32.811079+00:00
moderate_reasoning_232,google/gemma-2-2b,12,moderate_reasoning,2.1141,0.99334716796875,2026-08-09T17:25:32.811079+00:00
moderate_reasoning_232,google/gemma-2-2b,13,moderate_reasoning,2.1141,0.98138427734375,2026-08-09T17:25:32.811079+00:00
moderate_reasoning_232,google/gemma-2-2b,14,moderate_reasoning,2.1141,0.97430419921875,2026-08-09T17:25:32.811079+00:00
moderate_reasoning_233,google/gemma-2-2b,11,moderate_reasoning,2.5154,0.99609375,2026-08-09T17:25:32.811079+00:00
moderate_reasoning_233,google/gemma-2-2b,12,moderate_reasoning,2.5154,0.995849609375,2026-08-09T17:25:32.811079+00:00
moderate_reasoning_233,google/gemma-2-2b,13,moderate_reasoning,2.5154,0.98858642578125,2026-08-09T17:25:32.811079+00:00
moderate_reasoning_233,google/gemma-2-2b,14,moderate_reasoning,2.5154,0.97698974609375,2026-08-09T17:25:32.811079+00:00
moderate_reasoning_234,google/gemma-2-2b,11,moderate_reasoning,2.1322,0.99603271484375,2026-08-09T17:25:32.811079+00:00
moderate_reasoning_234,google/gemma-2-2b,12,moderate_reasoning,2.1322,0.99371337890625,2026-08-09T17:25:32.811079+00:00
moderate_reasoning_234,google/gemma-2-2b,13,moderate_reasoning,2.1322,0.98614501953125,2026-08-09T17:25:32.811079+00:00
moderate_reasoning_234,google/gemma-2-2b,14,moderate_reasoning,2.1322,0.9825439453125,2026-08-09T17:25:32.811079+00:00
moderate_reasoning_235,google/gemma-2-2b,11,moderate_reasoning,3.3495,0.99462890625,2026-08-09T17:25:32.811079+00:00
moderate_reasoning_235,google/gemma-2-2b,12,moderate_reasoning,3.3495,0.994140625,2026-08-09T17:25:32.811079+00:00
moderate_reasoning_235,google/gemma-2-2b,13,moderate_reasoning,3.3495,0.98272705078125,2026-08-09T17:25:32.811079+00:00
moderate_reasoning_235,google/gemma-2-2b,14,moderate_reasoning,3.3495,0.9752197265625,2026-08-09T17:25:32.811079+00:00
moderate_reasoning_236,google/gemma-2-2b,11,moderate_reasoning,2.1862,0.99285888671875,2026-08-09T17:25:32.811079+00:00
moderate_reasoning_236,google/gemma-2-2b,12,moderate_reasoning,2.1862,0.99322509765625,2026-08-09T17:25:32.811079+00:00
moderate_reasoning_236,google/gemma-2-2b,13,moderate_reasoning,2.1862,0.98126220703125,2026-08-09T17:25:32.811079+00:00
moderate_reasoning_236,google/gemma-2-2b,14,moderate_reasoning,2.1862,0.975341796875,2026-08-09T17:25:32.811079+00:00
moderate_reasoning_237,google/gemma-2-2b,11,moderate_reasoning,3.1797,0.99591064453125,2026-08-09T17:25:32.811079+00:00
moderate_reasoning_237,google/gemma-2-2b,12,moderate_reasoning,3.1797,0.994873046875,2026-08-09T17:25:32.811079+00:00
moderate_reasoning_237,google/gemma-2-2b,13,moderate_reasoning,3.1797,0.98956298828125,2026-08-09T17:25:32.811079+00:00
moderate_reasoning_237,google/gemma-2-2b,14,moderate_reasoning,3.1797,0.98406982421875,2026-08-09T17:25:32.811079+00:00
moderate_reasoning_238,google/gemma-2-2b,11,moderate_reasoning,1.784,0.9957275390625,2026-08-09T17:25:32.811079+00:00
moderate_reasoning_238,google/gemma-2-2b,12,moderate_reasoning,1.784,0.99591064453125,2026-08-09T17:25:32.811079+00:00
moderate_reasoning_238,google/gemma-2-2b,13,moderate_reasoning,1.784,0.98876953125,2026-08-09T17:25:32.811079+00:00
moderate_reasoning_238,google/gemma-2-2b,14,moderate_reasoning,1.784,0.98101806640625,2026-08-09T17:25:32.811079+00:00
moderate_reasoning_239,google/gemma-2-2b,11,moderate_reasoning,3.6964,0.99542236328125,2026-08-09T17:25:32.811079+00:00
moderate_reasoning_239,google/gemma-2-2b,12,moderate_reasoning,3.6964,0.9937744140625,2026-08-09T17:25:32.811079+00:00
moderate_reasoning_239,google/gemma-2-2b,13,moderate_reasoning,3.6964,0.9862060546875,2026-08-09T17:25:32.811079+00:00
moderate_reasoning_239,google/gemma-2-2b,14,moderate_reasoning,3.6964,0.9805908203125,2026-08-09T17:25:32.811079+00:00
moderate_reasoning_240,google/gemma-2-2b,11,moderate_reasoning,2.559,0.9947509765625,2026-08-09T17:25:32.811079+00:00
moderate_reasoning_240,google/gemma-2-2b,12,moderate_reasoning,2.559,0.994873046875,2026-08-09T17:25:32.811079+00:00
moderate_reasoning_240,google/gemma-2-2b,13,moderate_reasoning,2.559,0.9859619140625,2026-08-09T17:25:32.811079+00:00
moderate_reasoning_240,google/gemma-2-2b,14,moderate_reasoning,2.559,0.9813232421875,2026-08-09T17:25:32.811079+00:00
moderate_reasoning_241,google/gemma-2-2b,11,moderate_reasoning,3.2465,0.99542236328125,2026-08-09T17:25:32.811079+00:00
moderate_reasoning_241,google/gemma-2-2b,12,moderate_reasoning,3.2465,0.99462890625,2026-08-09T17:25:32.811079+00:00
moderate_reasoning_241,google/gemma-2-2b,13,moderate_reasoning,3.2465,0.98394775390625,2026-08-09T17:25:32.811079+00:00
moderate_reasoning_241,google/gemma-2-2b,14,moderate_reasoning,3.2465,0.9765625,2026-08-09T17:25:32.811079+00:00
moderate_reasoning_242,google/gemma-2-2b,11,moderate_reasoning,2.1592,0.9949951171875,2026-08-09T17:25:32.811079+00:00
moderate_reasoning_242,google/gemma-2-2b,12,moderate_reasoning,2.1592,0.993896484375,2026-08-09T17:25:32.811079+00:00
moderate_reasoning_242,google/gemma-2-2b,13,moderate_reasoning,2.1592,0.98681640625,2026-08-09T17:25:32.811079+00:00
moderate_reasoning_242,google/gemma-2-2b,14,moderate_reasoning,2.1592,0.98272705078125,2026-08-09T17:25:32.811079+00:00
moderate_reasoning_243,google/gemma-2-2b,11,moderate_reasoning,3.1796,0.993896484375,2026-08-09T17:25:32.811079+00:00
moderate_reasoning_243,google/gemma-2-2b,12,moderate_reasoning,3.1796,0.99365234375,2026-08-09T17:25:32.811079+00:00
moderate_reasoning_243,google/gemma-2-2b,13,moderate_reasoning,3.1796,0.982421875,2026-08-09T17:25:32.811079+00:00
moderate_reasoning_243,google/gemma-2-2b,14,moderate_reasoning,3.1796,0.97552490234375,2026-08-09T17:25:32.811079+00:00
moderate_reasoning_244,google/gemma-2-2b,11,moderate_reasoning,1.9686,0.99407958984375,2026-08-09T17:25:32.811079+00:00
moderate_reasoning_244,google/gemma-2-2b,12,moderate_reasoning,1.9686,0.994873046875,2026-08-09T17:25:32.811079+00:00
moderate_reasoning_244,google/gemma-2-2b,13,moderate_reasoning,1.9686,0.9833984375,2026-08-09T17:25:32.811079+00:00
moderate_reasoning_244,google/gemma-2-2b,14,moderate_reasoning,1.9686,0.97918701171875,2026-08-09T17:25:32.811079+00:00
moderate_reasoning_245,google/gemma-2-2b,11,moderate_reasoning,2.7105,0.9932861328125,2026-08-09T17:25:32.811079+00:00
moderate_reasoning_245,google/gemma-2-2b,12,moderate_reasoning,2.7105,0.993408203125,2026-08-09T17:25:32.811079+00:00
moderate_reasoning_245,google/gemma-2-2b,13,moderate_reasoning,2.7105,0.98193359375,2026-08-09T17:25:32.811079+00:00
moderate_reasoning_245,google/gemma-2-2b,14,moderate_reasoning,2.7105,0.976806640625,2026-08-09T17:25:32.811079+00:00
moderate_reasoning_246,google/gemma-2-2b,11,moderate_reasoning,2.7163,0.99542236328125,2026-08-09T17:25:32.811079+00:00
moderate_reasoning_246,google/gemma-2-2b,12,moderate_reasoning,2.7163,0.995361328125,2026-08-09T17:25:32.811079+00:00
moderate_reasoning_246,google/gemma-2-2b,13,moderate_reasoning,2.7163,0.98785400390625,2026-08-09T17:25:32.811079+00:00
moderate_reasoning_246,google/gemma-2-2b,14,moderate_reasoning,2.7163,0.98529052734375,2026-08-09T17:25:32.811079+00:00
moderate_reasoning_247,google/gemma-2-2b,11,moderate_reasoning,1.7886,0.99334716796875,2026-08-09T17:25:32.811079+00:00
moderate_reasoning_247,google/gemma-2-2b,12,moderate_reasoning,1.7886,0.99310302734375,2026-08-09T17:25:32.811079+00:00
moderate_reasoning_247,google/gemma-2-2b,13,moderate_reasoning,1.7886,0.984619140625,2026-08-09T17:25:32.811079+00:00
moderate_reasoning_247,google/gemma-2-2b,14,moderate_reasoning,1.7886,0.97698974609375,2026-08-09T17:25:32.811079+00:00
moderate_reasoning_248,google/gemma-2-2b,11,moderate_reasoning,3.1219,0.9962158203125,2026-08-09T17:25:32.811079+00:00
moderate_reasoning_248,google/gemma-2-2b,12,moderate_reasoning,3.1219,0.99560546875,2026-08-09T17:25:32.811079+00:00
moderate_reasoning_248,google/gemma-2-2b,13,moderate_reasoning,3.1219,0.9876708984375,2026-08-09T17:25:32.811079+00:00
moderate_reasoning_248,google/gemma-2-2b,14,moderate_reasoning,3.1219,0.98486328125,2026-08-09T17:25:32.811079+00:00
moderate_reasoning_249,google/gemma-2-2b,11,moderate_reasoning,3.3379,0.9942626953125,2026-08-09T17:25:32.811079+00:00
moderate_reasoning_249,google/gemma-2-2b,12,moderate_reasoning,3.3379,0.9927978515625,2026-08-09T17:25:32.811079+00:00
moderate_reasoning_249,google/gemma-2-2b,13,moderate_reasoning,3.3379,0.9852294921875,2026-08-09T17:25:32.811079+00:00
moderate_reasoning_249,google/gemma-2-2b,14,moderate_reasoning,3.3379,0.98248291015625,2026-08-09T17:25:32.811079+00:00
moderate_reasoning_250,google/gemma-2-2b,11,moderate_reasoning,1.5624,0.990234375,2026-08-09T17:25:32.811079+00:00
moderate_reasoning_250,google/gemma-2-2b,12,moderate_reasoning,1.5624,0.9910888671875,2026-08-09T17:25:32.811079+00:00
moderate_reasoning_250,google/gemma-2-2b,13,moderate_reasoning,1.5624,0.98028564453125,2026-08-09T17:25:32.811079+00:00
moderate_reasoning_250,google/gemma-2-2b,14,moderate_reasoning,1.5624,0.97747802734375,2026-08-09T17:25:32.811079+00:00
open_ended_051,google/gemma-2-2b,11,open_ended,3.3929,0.99627685546875,2026-08-09T17:25:32.811079+00:00
open_ended_051,google/gemma-2-2b,12,open_ended,3.3929,0.9957275390625,2026-08-09T17:25:32.811079+00:00
open_ended_051,google/gemma-2-2b,13,open_ended,3.3929,0.9901123046875,2026-08-09T17:25:32.811079+00:00
open_ended_051,google/gemma-2-2b,14,open_ended,3.3929,0.9844970703125,2026-08-09T17:25:32.811079+00:00
open_ended_052,google/gemma-2-2b,11,open_ended,3.2182,0.9962158203125,2026-08-09T17:25:32.811079+00:00
open_ended_052,google/gemma-2-2b,12,open_ended,3.2182,0.99627685546875,2026-08-09T17:25:32.811079+00:00
open_ended_052,google/gemma-2-2b,13,open_ended,3.2182,0.99053955078125,2026-08-09T17:25:32.811079+00:00
open_ended_052,google/gemma-2-2b,14,open_ended,3.2182,0.9844970703125,2026-08-09T17:25:32.811079+00:00
open_ended_053,google/gemma-2-2b,11,open_ended,3.9075,0.9942626953125,2026-08-09T17:25:32.811079+00:00
open_ended_053,google/gemma-2-2b,12,open_ended,3.9075,0.99298095703125,2026-08-09T17:25:32.811079+00:00
open_ended_053,google/gemma-2-2b,13,open_ended,3.9075,0.98980712890625,2026-08-09T17:25:32.811079+00:00
open_ended_053,google/gemma-2-2b,14,open_ended,3.9075,0.985595703125,2026-08-09T17:25:32.811079+00:00
open_ended_054,google/gemma-2-2b,11,open_ended,3.9638,0.99517822265625,2026-08-09T17:25:32.811079+00:00
open_ended_054,google/gemma-2-2b,12,open_ended,3.9638,0.9962158203125,2026-08-09T17:25:32.811079+00:00
open_ended_054,google/gemma-2-2b,13,open_ended,3.9638,0.99090576171875,2026-08-09T17:25:32.811079+00:00
open_ended_054,google/gemma-2-2b,14,open_ended,3.9638,0.9827880859375,2026-08-09T17:25:32.811079+00:00
open_ended_055,google/gemma-2-2b,11,open_ended,2.3297,0.99578857421875,2026-08-09T17:25:32.811079+00:00
open_ended_055,google/gemma-2-2b,12,open_ended,2.3297,0.9962158203125,2026-08-09T17:25:32.811079+00:00
open_ended_055,google/gemma-2-2b,13,open_ended,2.3297,0.9888916015625,2026-08-09T17:25:32.811079+00:00
open_ended_055,google/gemma-2-2b,14,open_ended,2.3297,0.983642578125,2026-08-09T17:25:32.811079+00:00
open_ended_056,google/gemma-2-2b,11,open_ended,3.4421,0.99639892578125,2026-08-09T17:25:32.811079+00:00
open_ended_056,google/gemma-2-2b,12,open_ended,3.4421,0.99591064453125,2026-08-09T17:25:32.811079+00:00
open_ended_056,google/gemma-2-2b,13,open_ended,3.4421,0.9879150390625,2026-08-09T17:25:32.811079+00:00
open_ended_056,google/gemma-2-2b,14,open_ended,3.4421,0.98150634765625,2026-08-09T17:25:32.811079+00:00
open_ended_057,google/gemma-2-2b,11,open_ended,1.893,0.99609375,2026-08-09T17:25:32.811079+00:00
open_ended_057,google/gemma-2-2b,12,open_ended,1.893,0.99505615234375,2026-08-09T17:25:32.811079+00:00
open_ended_057,google/gemma-2-2b,13,open_ended,1.893,0.98504638671875,2026-08-09T17:25:32.811079+00:00
open_ended_057,google/gemma-2-2b,14,open_ended,1.893,0.979248046875,2026-08-09T17:25:32.811079+00:00
open_ended_058,google/gemma-2-2b,11,open_ended,2.428,0.996337890625,2026-08-09T17:25:32.811079+00:00
open_ended_058,google/gemma-2-2b,12,open_ended,2.428,0.99615478515625,2026-08-09T17:25:32.811079+00:00
open_ended_058,google/gemma-2-2b,13,open_ended,2.428,0.9903564453125,2026-08-09T17:25:32.811079+00:00
open_ended_058,google/gemma-2-2b,14,open_ended,2.428,0.98614501953125,2026-08-09T17:25:32.811079+00:00
open_ended_059,google/gemma-2-2b,11,open_ended,3.3687,0.9947509765625,2026-08-09T17:25:32.811079+00:00
open_ended_059,google/gemma-2-2b,12,open_ended,3.3687,0.993408203125,2026-08-09T17:25:32.811079+00:00
open_ended_059,google/gemma-2-2b,13,open_ended,3.3687,0.9840087890625,2026-08-09T17:25:32.811079+00:00
open_ended_059,google/gemma-2-2b,14,open_ended,3.3687,0.9801025390625,2026-08-09T17:25:32.811079+00:00
open_ended_060,google/gemma-2-2b,11,open_ended,4.191,0.99725341796875,2026-08-09T17:25:32.811079+00:00
open_ended_060,google/gemma-2-2b,12,open_ended,4.191,0.996826171875,2026-08-09T17:25:32.811079+00:00
open_ended_060,google/gemma-2-2b,13,open_ended,4.191,0.99169921875,2026-08-09T17:25:32.811079+00:00
open_ended_060,google/gemma-2-2b,14,open_ended,4.191,0.9835205078125,2026-08-09T17:25:32.811079+00:00
open_ended_061,google/gemma-2-2b,11,open_ended,3.3972,0.9957275390625,2026-08-09T17:25:32.811079+00:00
open_ended_061,google/gemma-2-2b,12,open_ended,3.3972,0.9951171875,2026-08-09T17:25:32.811079+00:00
open_ended_061,google/gemma-2-2b,13,open_ended,3.3972,0.9892578125,2026-08-09T17:25:32.811079+00:00
open_ended_061,google/gemma-2-2b,14,open_ended,3.3972,0.98468017578125,2026-08-09T17:25:32.811079+00:00
open_ended_062,google/gemma-2-2b,11,open_ended,3.0171,0.996337890625,2026-08-09T17:25:32.811079+00:00
open_ended_062,google/gemma-2-2b,12,open_ended,3.0171,0.99609375,2026-08-09T17:25:32.811079+00:00
open_ended_062,google/gemma-2-2b,13,open_ended,3.0171,0.98974609375,2026-08-09T17:25:32.811079+00:00
open_ended_062,google/gemma-2-2b,14,open_ended,3.0171,0.98248291015625,2026-08-09T17:25:32.811079+00:00
open_ended_063,google/gemma-2-2b,11,open_ended,2.2184,0.9952392578125,2026-08-09T17:25:32.811079+00:00
open_ended_063,google/gemma-2-2b,12,open_ended,2.2184,0.99462890625,2026-08-09T17:25:32.811079+00:00
open_ended_063,google/gemma-2-2b,13,open_ended,2.2184,0.98974609375,2026-08-09T17:25:32.811079+00:00
open_ended_063,google/gemma-2-2b,14,open_ended,2.2184,0.9864501953125,2026-08-09T17:25:32.811079+00:00
open_ended_064,google/gemma-2-2b,11,open_ended,2.5371,0.995849609375,2026-08-09T17:25:32.811079+00:00
open_ended_064,google/gemma-2-2b,12,open_ended,2.5371,0.9945068359375,2026-08-09T17:25:32.811079+00:00
open_ended_064,google/gemma-2-2b,13,open_ended,2.5371,0.98590087890625,2026-08-09T17:25:32.811079+00:00
open_ended_064,google/gemma-2-2b,14,open_ended,2.5371,0.979248046875,2026-08-09T17:25:32.811079+00:00
open_ended_065,google/gemma-2-2b,11,open_ended,4.5992,0.9969482421875,2026-08-09T17:25:32.811079+00:00
open_ended_065,google/gemma-2-2b,12,open_ended,4.5992,0.99603271484375,2026-08-09T17:25:32.811079+00:00
open_ended_065,google/gemma-2-2b,13,open_ended,4.5992,0.99078369140625,2026-08-09T17:25:32.811079+00:00
open_ended_065,google/gemma-2-2b,14,open_ended,4.5992,0.9874267578125,2026-08-09T17:25:32.811079+00:00
open_ended_066,google/gemma-2-2b,11,open_ended,3.1039,0.99627685546875,2026-08-09T17:25:32.811079+00:00
open_ended_066,google/gemma-2-2b,12,open_ended,3.1039,0.995849609375,2026-08-09T17:25:32.811079+00:00
open_ended_066,google/gemma-2-2b,13,open_ended,3.1039,0.98876953125,2026-08-09T17:25:32.811079+00:00
open_ended_066,google/gemma-2-2b,14,open_ended,3.1039,0.98150634765625,2026-08-09T17:25:32.811079+00:00
open_ended_067,google/gemma-2-2b,11,open_ended,1.7896,0.99530029296875,2026-08-09T17:25:32.811079+00:00
open_ended_067,google/gemma-2-2b,12,open_ended,1.7896,0.99462890625,2026-08-09T17:25:32.811079+00:00
open_ended_067,google/gemma-2-2b,13,open_ended,1.7896,0.98944091796875,2026-08-09T17:25:32.811079+00:00
open_ended_067,google/gemma-2-2b,14,open_ended,1.7896,0.98822021484375,2026-08-09T17:25:32.811079+00:00
open_ended_068,google/gemma-2-2b,11,open_ended,2.6729,0.99627685546875,2026-08-09T17:25:32.811079+00:00
open_ended_068,google/gemma-2-2b,12,open_ended,2.6729,0.99542236328125,2026-08-09T17:25:32.811079+00:00
open_ended_068,google/gemma-2-2b,13,open_ended,2.6729,0.98919677734375,2026-08-09T17:25:32.811079+00:00
open_ended_068,google/gemma-2-2b,14,open_ended,2.6729,0.979248046875,2026-08-09T17:25:32.811079+00:00
open_ended_069,google/gemma-2-2b,11,open_ended,2.3388,0.99664306640625,2026-08-09T17:25:32.811079+00:00
open_ended_069,google/gemma-2-2b,12,open_ended,2.3388,0.99554443359375,2026-08-09T17:25:32.811079+00:00
open_ended_069,google/gemma-2-2b,13,open_ended,2.3388,0.98980712890625,2026-08-09T17:25:32.811079+00:00
open_ended_069,google/gemma-2-2b,14,open_ended,2.3388,0.988037109375,2026-08-09T17:25:32.811079+00:00
open_ended_070,google/gemma-2-2b,11,open_ended,3.5231,0.99658203125,2026-08-09T17:25:32.811079+00:00
open_ended_070,google/gemma-2-2b,12,open_ended,3.5231,0.99566650390625,2026-08-09T17:25:32.811079+00:00
open_ended_070,google/gemma-2-2b,13,open_ended,3.5231,0.988525390625,2026-08-09T17:25:32.811079+00:00
open_ended_070,google/gemma-2-2b,14,open_ended,3.5231,0.981689453125,2026-08-09T17:25:32.811079+00:00
open_ended_071,google/gemma-2-2b,11,open_ended,3.2903,0.99652099609375,2026-08-09T17:25:32.811079+00:00
open_ended_071,google/gemma-2-2b,12,open_ended,3.2903,0.9951171875,2026-08-09T17:25:32.811079+00:00
open_ended_071,google/gemma-2-2b,13,open_ended,3.2903,0.98858642578125,2026-08-09T17:25:32.811079+00:00
open_ended_071,google/gemma-2-2b,14,open_ended,3.2903,0.98358154296875,2026-08-09T17:25:32.811079+00:00
open_ended_072,google/gemma-2-2b,11,open_ended,3.9733,0.9945068359375,2026-08-09T17:25:32.811079+00:00
open_ended_072,google/gemma-2-2b,12,open_ended,3.9733,0.99444580078125,2026-08-09T17:25:32.811079+00:00
open_ended_072,google/gemma-2-2b,13,open_ended,3.9733,0.9908447265625,2026-08-09T17:25:32.811079+00:00
open_ended_072,google/gemma-2-2b,14,open_ended,3.9733,0.9794921875,2026-08-09T17:25:32.811079+00:00
open_ended_073,google/gemma-2-2b,11,open_ended,3.3561,0.99713134765625,2026-08-09T17:25:32.811079+00:00
open_ended_073,google/gemma-2-2b,12,open_ended,3.3561,0.99591064453125,2026-08-09T17:25:32.811079+00:00
open_ended_073,google/gemma-2-2b,13,open_ended,3.3561,0.99066162109375,2026-08-09T17:25:32.811079+00:00
open_ended_073,google/gemma-2-2b,14,open_ended,3.3561,0.979248046875,2026-08-09T17:25:32.811079+00:00
open_ended_074,google/gemma-2-2b,11,open_ended,2.8529,0.9949951171875,2026-08-09T17:25:32.811079+00:00
open_ended_074,google/gemma-2-2b,12,open_ended,2.8529,0.99432373046875,2026-08-09T17:25:32.811079+00:00
open_ended_074,google/gemma-2-2b,13,open_ended,2.8529,0.98773193359375,2026-08-09T17:25:32.811079+00:00
open_ended_074,google/gemma-2-2b,14,open_ended,2.8529,0.98382568359375,2026-08-09T17:25:32.811079+00:00
open_ended_075,google/gemma-2-2b,11,open_ended,3.3769,0.99652099609375,2026-08-09T17:25:32.811079+00:00
open_ended_075,google/gemma-2-2b,12,open_ended,3.3769,0.995849609375,2026-08-09T17:25:32.811079+00:00
open_ended_075,google/gemma-2-2b,13,open_ended,3.3769,0.98876953125,2026-08-09T17:25:32.811079+00:00
open_ended_075,google/gemma-2-2b,14,open_ended,3.3769,0.98162841796875,2026-08-09T17:25:32.811079+00:00
open_ended_076,google/gemma-2-2b,11,open_ended,4.2217,0.9940185546875,2026-08-09T17:25:32.811079+00:00
open_ended_076,google/gemma-2-2b,12,open_ended,4.2217,0.993896484375,2026-08-09T17:25:32.811079+00:00
open_ended_076,google/gemma-2-2b,13,open_ended,4.2217,0.98944091796875,2026-08-09T17:25:32.811079+00:00
open_ended_076,google/gemma-2-2b,14,open_ended,4.2217,0.985595703125,2026-08-09T17:25:32.811079+00:00
open_ended_077,google/gemma-2-2b,11,open_ended,3.3071,0.99615478515625,2026-08-09T17:25:32.811079+00:00
open_ended_077,google/gemma-2-2b,12,open_ended,3.3071,0.99554443359375,2026-08-09T17:25:32.811079+00:00
open_ended_077,google/gemma-2-2b,13,open_ended,3.3071,0.9891357421875,2026-08-09T17:25:32.811079+00:00
open_ended_077,google/gemma-2-2b,14,open_ended,3.3071,0.9820556640625,2026-08-09T17:25:32.811079+00:00
open_ended_078,google/gemma-2-2b,11,open_ended,2.2699,0.9959716796875,2026-08-09T17:25:32.811079+00:00
open_ended_078,google/gemma-2-2b,12,open_ended,2.2699,0.99530029296875,2026-08-09T17:25:32.811079+00:00
open_ended_078,google/gemma-2-2b,13,open_ended,2.2699,0.990234375,2026-08-09T17:25:32.811079+00:00
open_ended_078,google/gemma-2-2b,14,open_ended,2.2699,0.9844970703125,2026-08-09T17:25:32.811079+00:00
open_ended_079,google/gemma-2-2b,11,open_ended,2.4439,0.99676513671875,2026-08-09T17:25:32.811079+00:00
open_ended_079,google/gemma-2-2b,12,open_ended,2.4439,0.9957275390625,2026-08-09T17:25:32.811079+00:00
open_ended_079,google/gemma-2-2b,13,open_ended,2.4439,0.99005126953125,2026-08-09T17:25:32.811079+00:00
open_ended_079,google/gemma-2-2b,14,open_ended,2.4439,0.98431396484375,2026-08-09T17:25:32.811079+00:00
open_ended_080,google/gemma-2-2b,11,open_ended,1.2785,0.9945068359375,2026-08-09T17:25:32.811079+00:00
open_ended_080,google/gemma-2-2b,12,open_ended,1.2785,0.99285888671875,2026-08-09T17:25:32.811079+00:00
open_ended_080,google/gemma-2-2b,13,open_ended,1.2785,0.988037109375,2026-08-09T17:25:32.811079+00:00
open_ended_080,google/gemma-2-2b,14,open_ended,1.2785,0.98199462890625,2026-08-09T17:25:32.811079+00:00
open_ended_081,google/gemma-2-2b,11,open_ended,2.9047,0.99700927734375,2026-08-09T17:25:32.811079+00:00
open_ended_081,google/gemma-2-2b,12,open_ended,2.9047,0.99658203125,2026-08-09T17:25:32.811079+00:00
open_ended_081,google/gemma-2-2b,13,open_ended,2.9047,0.98919677734375,2026-08-09T17:25:32.811079+00:00
open_ended_081,google/gemma-2-2b,14,open_ended,2.9047,0.98321533203125,2026-08-09T17:25:32.811079+00:00
open_ended_082,google/gemma-2-2b,11,open_ended,1.3944,0.995361328125,2026-08-09T17:25:32.811079+00:00
open_ended_082,google/gemma-2-2b,12,open_ended,1.3944,0.9949951171875,2026-08-09T17:25:32.811079+00:00
open_ended_082,google/gemma-2-2b,13,open_ended,1.3944,0.98529052734375,2026-08-09T17:25:32.811079+00:00
open_ended_082,google/gemma-2-2b,14,open_ended,1.3944,0.97198486328125,2026-08-09T17:25:32.811079+00:00
open_ended_083,google/gemma-2-2b,11,open_ended,2.9243,0.9954833984375,2026-08-09T17:25:32.811079+00:00
open_ended_083,google/gemma-2-2b,12,open_ended,2.9243,0.9951171875,2026-08-09T17:25:32.811079+00:00
open_ended_083,google/gemma-2-2b,13,open_ended,2.9243,0.9874267578125,2026-08-09T17:25:32.811079+00:00
open_ended_083,google/gemma-2-2b,14,open_ended,2.9243,0.98138427734375,2026-08-09T17:25:32.811079+00:00
open_ended_084,google/gemma-2-2b,11,open_ended,1.8476,0.99652099609375,2026-08-09T17:25:32.811079+00:00
open_ended_084,google/gemma-2-2b,12,open_ended,1.8476,0.9954833984375,2026-08-09T17:25:32.811079+00:00
open_ended_084,google/gemma-2-2b,13,open_ended,1.8476,0.99029541015625,2026-08-09T17:25:32.811079+00:00
open_ended_084,google/gemma-2-2b,14,open_ended,1.8476,0.9857177734375,2026-08-09T17:25:32.811079+00:00
open_ended_085,google/gemma-2-2b,11,open_ended,1.7392,0.9959716796875,2026-08-09T17:25:32.811079+00:00
open_ended_085,google/gemma-2-2b,12,open_ended,1.7392,0.99505615234375,2026-08-09T17:25:32.811079+00:00
open_ended_085,google/gemma-2-2b,13,open_ended,1.7392,0.9892578125,2026-08-09T17:25:32.811079+00:00
open_ended_085,google/gemma-2-2b,14,open_ended,1.7392,0.98541259765625,2026-08-09T17:25:32.811079+00:00
open_ended_086,google/gemma-2-2b,11,open_ended,3.1815,0.99627685546875,2026-08-09T17:25:32.811079+00:00
open_ended_086,google/gemma-2-2b,12,open_ended,3.1815,0.99639892578125,2026-08-09T17:25:32.811079+00:00
open_ended_086,google/gemma-2-2b,13,open_ended,3.1815,0.99090576171875,2026-08-09T17:25:32.811079+00:00
open_ended_086,google/gemma-2-2b,14,open_ended,3.1815,0.9793701171875,2026-08-09T17:25:32.811079+00:00
open_ended_087,google/gemma-2-2b,11,open_ended,4.3487,0.994140625,2026-08-09T17:25:32.811079+00:00
open_ended_087,google/gemma-2-2b,12,open_ended,4.3487,0.99298095703125,2026-08-09T17:25:32.811079+00:00
open_ended_087,google/gemma-2-2b,13,open_ended,4.3487,0.989990234375,2026-08-09T17:25:32.811079+00:00
open_ended_087,google/gemma-2-2b,14,open_ended,4.3487,0.98895263671875,2026-08-09T17:25:32.811079+00:00
open_ended_088,google/gemma-2-2b,11,open_ended,2.973,0.9967041015625,2026-08-09T17:25:32.811079+00:00
open_ended_088,google/gemma-2-2b,12,open_ended,2.973,0.99603271484375,2026-08-09T17:25:32.811079+00:00
open_ended_088,google/gemma-2-2b,13,open_ended,2.973,0.9906005859375,2026-08-09T17:25:32.811079+00:00
open_ended_088,google/gemma-2-2b,14,open_ended,2.973,0.98114013671875,2026-08-09T17:25:32.811079+00:00
open_ended_089,google/gemma-2-2b,11,open_ended,1.9041,0.9947509765625,2026-08-09T17:25:32.811079+00:00
open_ended_089,google/gemma-2-2b,12,open_ended,1.9041,0.99407958984375,2026-08-09T17:25:32.811079+00:00
open_ended_089,google/gemma-2-2b,13,open_ended,1.9041,0.98876953125,2026-08-09T17:25:32.811079+00:00
open_ended_089,google/gemma-2-2b,14,open_ended,1.9041,0.98834228515625,2026-08-09T17:25:32.811079+00:00
open_ended_090,google/gemma-2-2b,11,open_ended,3.5324,0.99627685546875,2026-08-09T17:25:32.811079+00:00
open_ended_090,google/gemma-2-2b,12,open_ended,3.5324,0.996337890625,2026-08-09T17:25:32.811079+00:00
open_ended_090,google/gemma-2-2b,13,open_ended,3.5324,0.9896240234375,2026-08-09T17:25:32.811079+00:00
open_ended_090,google/gemma-2-2b,14,open_ended,3.5324,0.98004150390625,2026-08-09T17:25:32.811079+00:00
open_ended_091,google/gemma-2-2b,11,open_ended,3.4966,0.99359130859375,2026-08-09T17:25:32.811079+00:00
open_ended_091,google/gemma-2-2b,12,open_ended,3.4966,0.99176025390625,2026-08-09T17:25:32.811079+00:00
open_ended_091,google/gemma-2-2b,13,open_ended,3.4966,0.9869384765625,2026-08-09T17:25:32.811079+00:00
open_ended_091,google/gemma-2-2b,14,open_ended,3.4966,0.9852294921875,2026-08-09T17:25:32.811079+00:00
open_ended_092,google/gemma-2-2b,11,open_ended,4.0186,0.99560546875,2026-08-09T17:25:32.811079+00:00
open_ended_092,google/gemma-2-2b,12,open_ended,4.0186,0.995361328125,2026-08-09T17:25:32.811079+00:00
open_ended_092,google/gemma-2-2b,13,open_ended,4.0186,0.9876708984375,2026-08-09T17:25:32.811079+00:00
open_ended_092,google/gemma-2-2b,14,open_ended,4.0186,0.97723388671875,2026-08-09T17:25:32.811079+00:00
open_ended_093,google/gemma-2-2b,11,open_ended,2.943,0.99578857421875,2026-08-09T17:25:32.811079+00:00
open_ended_093,google/gemma-2-2b,12,open_ended,2.943,0.99554443359375,2026-08-09T17:25:32.811079+00:00
open_ended_093,google/gemma-2-2b,13,open_ended,2.943,0.98797607421875,2026-08-09T17:25:32.811079+00:00
open_ended_093,google/gemma-2-2b,14,open_ended,2.943,0.9793701171875,2026-08-09T17:25:32.811079+00:00
open_ended_094,google/gemma-2-2b,11,open_ended,2.0967,0.99609375,2026-08-09T17:25:32.811079+00:00
open_ended_094,google/gemma-2-2b,12,open_ended,2.0967,0.99560546875,2026-08-09T17:25:32.811079+00:00
open_ended_094,google/gemma-2-2b,13,open_ended,2.0967,0.9896240234375,2026-08-09T17:25:32.811079+00:00
open_ended_094,google/gemma-2-2b,14,open_ended,2.0967,0.98382568359375,2026-08-09T17:25:32.811079+00:00
open_ended_095,google/gemma-2-2b,11,open_ended,3.9584,0.99725341796875,2026-08-09T17:25:32.811079+00:00
open_ended_095,google/gemma-2-2b,12,open_ended,3.9584,0.99658203125,2026-08-09T17:25:32.811079+00:00
open_ended_095,google/gemma-2-2b,13,open_ended,3.9584,0.990966796875,2026-08-09T17:25:32.811079+00:00
open_ended_095,google/gemma-2-2b,14,open_ended,3.9584,0.9892578125,2026-08-09T17:25:32.811079+00:00
open_ended_096,google/gemma-2-2b,11,open_ended,3.2892,0.99664306640625,2026-08-09T17:25:32.811079+00:00
open_ended_096,google/gemma-2-2b,12,open_ended,3.2892,0.995849609375,2026-08-09T17:25:32.811079+00:00
open_ended_096,google/gemma-2-2b,13,open_ended,3.2892,0.99310302734375,2026-08-09T17:25:32.811079+00:00
open_ended_096,google/gemma-2-2b,14,open_ended,3.2892,0.9871826171875,2026-08-09T17:25:32.811079+00:00
open_ended_097,google/gemma-2-2b,11,open_ended,2.5538,0.99530029296875,2026-08-09T17:25:32.811079+00:00
open_ended_097,google/gemma-2-2b,12,open_ended,2.5538,0.99493408203125,2026-08-09T17:25:32.811079+00:00
open_ended_097,google/gemma-2-2b,13,open_ended,2.5538,0.98748779296875,2026-08-09T17:25:32.811079+00:00
open_ended_097,google/gemma-2-2b,14,open_ended,2.5538,0.984619140625,2026-08-09T17:25:32.811079+00:00
open_ended_098,google/gemma-2-2b,11,open_ended,3.2177,0.99603271484375,2026-08-09T17:25:32.811079+00:00
open_ended_098,google/gemma-2-2b,12,open_ended,3.2177,0.99566650390625,2026-08-09T17:25:32.811079+00:00
open_ended_098,google/gemma-2-2b,13,open_ended,3.2177,0.9891357421875,2026-08-09T17:25:32.811079+00:00
open_ended_098,google/gemma-2-2b,14,open_ended,3.2177,0.98065185546875,2026-08-09T17:25:32.811079+00:00
open_ended_099,google/gemma-2-2b,11,open_ended,3.2835,0.99688720703125,2026-08-09T17:25:32.811079+00:00
open_ended_099,google/gemma-2-2b,12,open_ended,3.2835,0.99658203125,2026-08-09T17:25:32.811079+00:00
open_ended_099,google/gemma-2-2b,13,open_ended,3.2835,0.9891357421875,2026-08-09T17:25:32.811079+00:00
open_ended_099,google/gemma-2-2b,14,open_ended,3.2835,0.98223876953125,2026-08-09T17:25:32.811079+00:00
open_ended_100,google/gemma-2-2b,11,open_ended,2.9477,0.9940185546875,2026-08-09T17:25:32.811079+00:00
open_ended_100,google/gemma-2-2b,12,open_ended,2.9477,0.9930419921875,2026-08-09T17:25:32.811079+00:00
open_ended_100,google/gemma-2-2b,13,open_ended,2.9477,0.9884033203125,2026-08-09T17:25:32.811079+00:00
open_ended_100,google/gemma-2-2b,14,open_ended,2.9477,0.9818115234375,2026-08-09T17:25:32.811079+00:00
open_ended_101,google/gemma-2-2b,11,open_ended,3.9841,0.9962158203125,2026-08-09T17:25:32.811079+00:00
open_ended_101,google/gemma-2-2b,12,open_ended,3.9841,0.99566650390625,2026-08-09T17:25:32.811079+00:00
open_ended_101,google/gemma-2-2b,13,open_ended,3.9841,0.98834228515625,2026-08-09T17:25:32.811079+00:00
open_ended_101,google/gemma-2-2b,14,open_ended,3.9841,0.98223876953125,2026-08-09T17:25:32.811079+00:00
open_ended_102,google/gemma-2-2b,11,open_ended,3.5035,0.99639892578125,2026-08-09T17:25:32.811079+00:00
open_ended_102,google/gemma-2-2b,12,open_ended,3.5035,0.99578857421875,2026-08-09T17:25:32.811079+00:00
open_ended_102,google/gemma-2-2b,13,open_ended,3.5035,0.9876708984375,2026-08-09T17:25:32.811079+00:00
open_ended_102,google/gemma-2-2b,14,open_ended,3.5035,0.98162841796875,2026-08-09T17:25:32.811079+00:00
open_ended_103,google/gemma-2-2b,11,open_ended,4.1239,0.99420166015625,2026-08-09T17:25:32.811079+00:00
open_ended_103,google/gemma-2-2b,12,open_ended,4.1239,0.99322509765625,2026-08-09T17:25:32.811079+00:00
open_ended_103,google/gemma-2-2b,13,open_ended,4.1239,0.9898681640625,2026-08-09T17:25:32.811079+00:00
open_ended_103,google/gemma-2-2b,14,open_ended,4.1239,0.98541259765625,2026-08-09T17:25:32.811079+00:00
open_ended_104,google/gemma-2-2b,11,open_ended,3.9908,0.9959716796875,2026-08-09T17:25:32.811079+00:00
open_ended_104,google/gemma-2-2b,12,open_ended,3.9908,0.99609375,2026-08-09T17:25:32.811079+00:00
open_ended_104,google/gemma-2-2b,13,open_ended,3.9908,0.99017333984375,2026-08-09T17:25:32.811079+00:00
open_ended_104,google/gemma-2-2b,14,open_ended,3.9908,0.98028564453125,2026-08-09T17:25:32.811079+00:00
open_ended_105,google/gemma-2-2b,11,open_ended,2.2742,0.995361328125,2026-08-09T17:25:32.811079+00:00
open_ended_105,google/gemma-2-2b,12,open_ended,2.2742,0.99578857421875,2026-08-09T17:25:32.811079+00:00
open_ended_105,google/gemma-2-2b,13,open_ended,2.2742,0.98846435546875,2026-08-09T17:25:32.811079+00:00
open_ended_105,google/gemma-2-2b,14,open_ended,2.2742,0.98370361328125,2026-08-09T17:25:32.811079+00:00
open_ended_106,google/gemma-2-2b,11,open_ended,3.6191,0.99609375,2026-08-09T17:25:32.811079+00:00
open_ended_106,google/gemma-2-2b,12,open_ended,3.6191,0.9967041015625,2026-08-09T17:25:32.811079+00:00
open_ended_106,google/gemma-2-2b,13,open_ended,3.6191,0.988037109375,2026-08-09T17:25:32.811079+00:00
open_ended_106,google/gemma-2-2b,14,open_ended,3.6191,0.98046875,2026-08-09T17:25:32.811079+00:00
open_ended_107,google/gemma-2-2b,11,open_ended,1.9178,0.9952392578125,2026-08-09T17:25:32.811079+00:00
open_ended_107,google/gemma-2-2b,12,open_ended,1.9178,0.9947509765625,2026-08-09T17:25:32.811079+00:00
open_ended_107,google/gemma-2-2b,13,open_ended,1.9178,0.98358154296875,2026-08-09T17:25:32.811079+00:00
open_ended_107,google/gemma-2-2b,14,open_ended,1.9178,0.9801025390625,2026-08-09T17:25:32.811079+00:00
open_ended_108,google/gemma-2-2b,11,open_ended,2.2896,0.9964599609375,2026-08-09T17:25:32.811079+00:00
open_ended_108,google/gemma-2-2b,12,open_ended,2.2896,0.9964599609375,2026-08-09T17:25:32.811079+00:00
open_ended_108,google/gemma-2-2b,13,open_ended,2.2896,0.9910888671875,2026-08-09T17:25:32.811079+00:00
open_ended_108,google/gemma-2-2b,14,open_ended,2.2896,0.98590087890625,2026-08-09T17:25:32.811079+00:00
open_ended_109,google/gemma-2-2b,11,open_ended,3.928,0.99530029296875,2026-08-09T17:25:32.811079+00:00
open_ended_109,google/gemma-2-2b,12,open_ended,3.928,0.993896484375,2026-08-09T17:25:32.811079+00:00
open_ended_109,google/gemma-2-2b,13,open_ended,3.928,0.985595703125,2026-08-09T17:25:32.811079+00:00
open_ended_109,google/gemma-2-2b,14,open_ended,3.928,0.98370361328125,2026-08-09T17:25:32.811079+00:00
open_ended_110,google/gemma-2-2b,11,open_ended,4.0213,0.99755859375,2026-08-09T17:25:32.811079+00:00
open_ended_110,google/gemma-2-2b,12,open_ended,4.0213,0.99755859375,2026-08-09T17:25:32.811079+00:00
open_ended_110,google/gemma-2-2b,13,open_ended,4.0213,0.9920654296875,2026-08-09T17:25:32.811079+00:00
open_ended_110,google/gemma-2-2b,14,open_ended,4.0213,0.98565673828125,2026-08-09T17:25:32.811079+00:00
open_ended_111,google/gemma-2-2b,11,open_ended,3.7276,0.99554443359375,2026-08-09T17:25:32.811079+00:00
open_ended_111,google/gemma-2-2b,12,open_ended,3.7276,0.99481201171875,2026-08-09T17:25:32.811079+00:00
open_ended_111,google/gemma-2-2b,13,open_ended,3.7276,0.98858642578125,2026-08-09T17:25:32.811079+00:00
open_ended_111,google/gemma-2-2b,14,open_ended,3.7276,0.98504638671875,2026-08-09T17:25:32.811079+00:00
open_ended_112,google/gemma-2-2b,11,open_ended,3.589,0.99615478515625,2026-08-09T17:25:32.811079+00:00
open_ended_112,google/gemma-2-2b,12,open_ended,3.589,0.99609375,2026-08-09T17:25:32.811079+00:00
open_ended_112,google/gemma-2-2b,13,open_ended,3.589,0.98748779296875,2026-08-09T17:25:32.811079+00:00
open_ended_112,google/gemma-2-2b,14,open_ended,3.589,0.9808349609375,2026-08-09T17:25:32.811079+00:00
open_ended_113,google/gemma-2-2b,11,open_ended,2.2563,0.99530029296875,2026-08-09T17:25:32.811079+00:00
open_ended_113,google/gemma-2-2b,12,open_ended,2.2563,0.9952392578125,2026-08-09T17:25:32.811079+00:00
open_ended_113,google/gemma-2-2b,13,open_ended,2.2563,0.98858642578125,2026-08-09T17:25:32.811079+00:00
open_ended_113,google/gemma-2-2b,14,open_ended,2.2563,0.98822021484375,2026-08-09T17:25:32.811079+00:00
open_ended_114,google/gemma-2-2b,11,open_ended,2.6017,0.9951171875,2026-08-09T17:25:32.811079+00:00
open_ended_114,google/gemma-2-2b,12,open_ended,2.6017,0.994873046875,2026-08-09T17:25:32.811079+00:00
open_ended_114,google/gemma-2-2b,13,open_ended,2.6017,0.98651123046875,2026-08-09T17:25:32.811079+00:00
open_ended_114,google/gemma-2-2b,14,open_ended,2.6017,0.9805908203125,2026-08-09T17:25:32.811079+00:00
open_ended_115,google/gemma-2-2b,11,open_ended,4.5672,0.99639892578125,2026-08-09T17:25:32.811079+00:00
open_ended_115,google/gemma-2-2b,12,open_ended,4.5672,0.99566650390625,2026-08-09T17:25:32.811079+00:00
open_ended_115,google/gemma-2-2b,13,open_ended,4.5672,0.9896240234375,2026-08-09T17:25:32.811079+00:00
open_ended_115,google/gemma-2-2b,14,open_ended,4.5672,0.9871826171875,2026-08-09T17:25:32.811079+00:00
open_ended_116,google/gemma-2-2b,11,open_ended,4.0546,0.9957275390625,2026-08-09T17:25:32.811079+00:00
open_ended_116,google/gemma-2-2b,12,open_ended,4.0546,0.99560546875,2026-08-09T17:25:32.811079+00:00
open_ended_116,google/gemma-2-2b,13,open_ended,4.0546,0.9864501953125,2026-08-09T17:25:32.811079+00:00
open_ended_116,google/gemma-2-2b,14,open_ended,4.0546,0.97613525390625,2026-08-09T17:25:32.811079+00:00
open_ended_117,google/gemma-2-2b,11,open_ended,1.731,0.9954833984375,2026-08-09T17:25:32.811079+00:00
open_ended_117,google/gemma-2-2b,12,open_ended,1.731,0.99462890625,2026-08-09T17:25:32.811079+00:00
open_ended_117,google/gemma-2-2b,13,open_ended,1.731,0.98907470703125,2026-08-09T17:25:32.811079+00:00
open_ended_117,google/gemma-2-2b,14,open_ended,1.731,0.98968505859375,2026-08-09T17:25:32.811079+00:00
open_ended_118,google/gemma-2-2b,11,open_ended,3.2249,0.99639892578125,2026-08-09T17:25:32.811079+00:00
open_ended_118,google/gemma-2-2b,12,open_ended,3.2249,0.9952392578125,2026-08-09T17:25:32.811079+00:00
open_ended_118,google/gemma-2-2b,13,open_ended,3.2249,0.986083984375,2026-08-09T17:25:32.811079+00:00
open_ended_118,google/gemma-2-2b,14,open_ended,3.2249,0.97930908203125,2026-08-09T17:25:32.811079+00:00
open_ended_119,google/gemma-2-2b,11,open_ended,2.3991,0.9969482421875,2026-08-09T17:25:32.811079+00:00
open_ended_119,google/gemma-2-2b,12,open_ended,2.3991,0.9959716796875,2026-08-09T17:25:32.811079+00:00
open_ended_119,google/gemma-2-2b,13,open_ended,2.3991,0.99078369140625,2026-08-09T17:25:32.811079+00:00
open_ended_119,google/gemma-2-2b,14,open_ended,2.3991,0.9896240234375,2026-08-09T17:25:32.811079+00:00
open_ended_120,google/gemma-2-2b,11,open_ended,3.7634,0.99700927734375,2026-08-09T17:25:32.811079+00:00
open_ended_120,google/gemma-2-2b,12,open_ended,3.7634,0.99737548828125,2026-08-09T17:25:32.811079+00:00
open_ended_120,google/gemma-2-2b,13,open_ended,3.7634,0.9896240234375,2026-08-09T17:25:32.811079+00:00
open_ended_120,google/gemma-2-2b,14,open_ended,3.7634,0.98638916015625,2026-08-09T17:25:32.811079+00:00
open_ended_121,google/gemma-2-2b,11,open_ended,2.9399,0.996337890625,2026-08-09T17:25:32.811079+00:00
open_ended_121,google/gemma-2-2b,12,open_ended,2.9399,0.9954833984375,2026-08-09T17:25:32.811079+00:00
open_ended_121,google/gemma-2-2b,13,open_ended,2.9399,0.9881591796875,2026-08-09T17:25:32.811079+00:00
open_ended_121,google/gemma-2-2b,14,open_ended,2.9399,0.982666015625,2026-08-09T17:25:32.811079+00:00
open_ended_122,google/gemma-2-2b,11,open_ended,4.2354,0.9947509765625,2026-08-09T17:25:32.811079+00:00
open_ended_122,google/gemma-2-2b,12,open_ended,4.2354,0.994873046875,2026-08-09T17:25:32.811079+00:00
open_ended_122,google/gemma-2-2b,13,open_ended,4.2354,0.98828125,2026-08-09T17:25:32.811079+00:00
open_ended_122,google/gemma-2-2b,14,open_ended,4.2354,0.9832763671875,2026-08-09T17:25:32.811079+00:00
open_ended_123,google/gemma-2-2b,11,open_ended,3.4225,0.9970703125,2026-08-09T17:25:32.811079+00:00
open_ended_123,google/gemma-2-2b,12,open_ended,3.4225,0.99652099609375,2026-08-09T17:25:32.811079+00:00
open_ended_123,google/gemma-2-2b,13,open_ended,3.4225,0.98992919921875,2026-08-09T17:25:32.811079+00:00
open_ended_123,google/gemma-2-2b,14,open_ended,3.4225,0.97821044921875,2026-08-09T17:25:32.811079+00:00
open_ended_124,google/gemma-2-2b,11,open_ended,2.5401,0.99530029296875,2026-08-09T17:25:32.811079+00:00
open_ended_124,google/gemma-2-2b,12,open_ended,2.5401,0.9952392578125,2026-08-09T17:25:32.811079+00:00
open_ended_124,google/gemma-2-2b,13,open_ended,2.5401,0.986328125,2026-08-09T17:25:32.811079+00:00
open_ended_124,google/gemma-2-2b,14,open_ended,2.5401,0.98406982421875,2026-08-09T17:25:32.811079+00:00
open_ended_125,google/gemma-2-2b,11,open_ended,3.8147,0.99676513671875,2026-08-09T17:25:32.811079+00:00
open_ended_125,google/gemma-2-2b,12,open_ended,3.8147,0.9959716796875,2026-08-09T17:25:32.811079+00:00
open_ended_125,google/gemma-2-2b,13,open_ended,3.8147,0.9879150390625,2026-08-09T17:25:32.811079+00:00
open_ended_125,google/gemma-2-2b,14,open_ended,3.8147,0.98077392578125,2026-08-09T17:25:32.811079+00:00
open_ended_126,google/gemma-2-2b,11,open_ended,4.1687,0.99383544921875,2026-08-09T17:25:32.811079+00:00
open_ended_126,google/gemma-2-2b,12,open_ended,4.1687,0.992919921875,2026-08-09T17:25:32.811079+00:00
open_ended_126,google/gemma-2-2b,13,open_ended,4.1687,0.989501953125,2026-08-09T17:25:32.811079+00:00
open_ended_126,google/gemma-2-2b,14,open_ended,4.1687,0.9853515625,2026-08-09T17:25:32.811079+00:00
open_ended_127,google/gemma-2-2b,11,open_ended,3.5793,0.99658203125,2026-08-09T17:25:32.811079+00:00
open_ended_127,google/gemma-2-2b,12,open_ended,3.5793,0.9949951171875,2026-08-09T17:25:32.811079+00:00
open_ended_127,google/gemma-2-2b,13,open_ended,3.5793,0.98541259765625,2026-08-09T17:25:32.811079+00:00
open_ended_127,google/gemma-2-2b,14,open_ended,3.5793,0.9786376953125,2026-08-09T17:25:32.811079+00:00
open_ended_128,google/gemma-2-2b,11,open_ended,2.3803,0.9967041015625,2026-08-09T17:25:32.811079+00:00
open_ended_128,google/gemma-2-2b,12,open_ended,2.3803,0.99652099609375,2026-08-09T17:25:32.811079+00:00
open_ended_128,google/gemma-2-2b,13,open_ended,2.3803,0.9908447265625,2026-08-09T17:25:32.811079+00:00
open_ended_128,google/gemma-2-2b,14,open_ended,2.3803,0.9881591796875,2026-08-09T17:25:32.811079+00:00
open_ended_129,google/gemma-2-2b,11,open_ended,2.3397,0.99652099609375,2026-08-09T17:25:32.811079+00:00
open_ended_129,google/gemma-2-2b,12,open_ended,2.3397,0.9962158203125,2026-08-09T17:25:32.811079+00:00
open_ended_129,google/gemma-2-2b,13,open_ended,2.3397,0.99066162109375,2026-08-09T17:25:32.811079+00:00
open_ended_129,google/gemma-2-2b,14,open_ended,2.3397,0.98614501953125,2026-08-09T17:25:32.811079+00:00
open_ended_130,google/gemma-2-2b,11,open_ended,1.3287,0.99468994140625,2026-08-09T17:25:32.811079+00:00
open_ended_130,google/gemma-2-2b,12,open_ended,1.3287,0.993408203125,2026-08-09T17:25:32.811079+00:00
open_ended_130,google/gemma-2-2b,13,open_ended,1.3287,0.98681640625,2026-08-09T17:25:32.811079+00:00
open_ended_130,google/gemma-2-2b,14,open_ended,1.3287,0.98138427734375,2026-08-09T17:25:32.811079+00:00
open_ended_131,google/gemma-2-2b,11,open_ended,3.4808,0.9962158203125,2026-08-09T17:25:32.811079+00:00
open_ended_131,google/gemma-2-2b,12,open_ended,3.4808,0.99609375,2026-08-09T17:25:32.811079+00:00
open_ended_131,google/gemma-2-2b,13,open_ended,3.4808,0.99041748046875,2026-08-09T17:25:32.811079+00:00
open_ended_131,google/gemma-2-2b,14,open_ended,3.4808,0.98394775390625,2026-08-09T17:25:32.811079+00:00
open_ended_132,google/gemma-2-2b,11,open_ended,1.3852,0.9949951171875,2026-08-09T17:25:32.811079+00:00
open_ended_132,google/gemma-2-2b,12,open_ended,1.3852,0.9951171875,2026-08-09T17:25:32.811079+00:00
open_ended_132,google/gemma-2-2b,13,open_ended,1.3852,0.9853515625,2026-08-09T17:25:32.811079+00:00
open_ended_132,google/gemma-2-2b,14,open_ended,1.3852,0.97320556640625,2026-08-09T17:25:32.811079+00:00
open_ended_133,google/gemma-2-2b,11,open_ended,4.2854,0.99493408203125,2026-08-09T17:25:32.811079+00:00
open_ended_133,google/gemma-2-2b,12,open_ended,4.2854,0.99432373046875,2026-08-09T17:25:32.811079+00:00
open_ended_133,google/gemma-2-2b,13,open_ended,4.2854,0.98284912109375,2026-08-09T17:25:32.811079+00:00
open_ended_133,google/gemma-2-2b,14,open_ended,4.2854,0.97735595703125,2026-08-09T17:25:32.811079+00:00
open_ended_134,google/gemma-2-2b,11,open_ended,2.2484,0.99664306640625,2026-08-09T17:25:32.811079+00:00
open_ended_134,google/gemma-2-2b,12,open_ended,2.2484,0.99591064453125,2026-08-09T17:25:32.811079+00:00
open_ended_134,google/gemma-2-2b,13,open_ended,2.2484,0.98846435546875,2026-08-09T17:25:32.811079+00:00
open_ended_134,google/gemma-2-2b,14,open_ended,2.2484,0.98748779296875,2026-08-09T17:25:32.811079+00:00
open_ended_135,google/gemma-2-2b,11,open_ended,1.9005,0.99554443359375,2026-08-09T17:25:32.811079+00:00
open_ended_135,google/gemma-2-2b,12,open_ended,1.9005,0.99560546875,2026-08-09T17:25:32.811079+00:00
open_ended_135,google/gemma-2-2b,13,open_ended,1.9005,0.989990234375,2026-08-09T17:25:32.811079+00:00
open_ended_135,google/gemma-2-2b,14,open_ended,1.9005,0.9859619140625,2026-08-09T17:25:32.811079+00:00
open_ended_136,google/gemma-2-2b,11,open_ended,3.7294,0.99652099609375,2026-08-09T17:25:32.811079+00:00
open_ended_136,google/gemma-2-2b,12,open_ended,3.7294,0.99566650390625,2026-08-09T17:25:32.811079+00:00
open_ended_136,google/gemma-2-2b,13,open_ended,3.7294,0.9891357421875,2026-08-09T17:25:32.811079+00:00
open_ended_136,google/gemma-2-2b,14,open_ended,3.7294,0.9786376953125,2026-08-09T17:25:32.811079+00:00
open_ended_137,google/gemma-2-2b,11,open_ended,4.1132,0.99420166015625,2026-08-09T17:25:32.811079+00:00
open_ended_137,google/gemma-2-2b,12,open_ended,4.1132,0.9927978515625,2026-08-09T17:25:32.811079+00:00
open_ended_137,google/gemma-2-2b,13,open_ended,4.1132,0.98974609375,2026-08-09T17:25:32.811079+00:00
open_ended_137,google/gemma-2-2b,14,open_ended,4.1132,0.988525390625,2026-08-09T17:25:32.811079+00:00
open_ended_138,google/gemma-2-2b,11,open_ended,3.6835,0.99688720703125,2026-08-09T17:25:32.811079+00:00
open_ended_138,google/gemma-2-2b,12,open_ended,3.6835,0.99615478515625,2026-08-09T17:25:32.811079+00:00
open_ended_138,google/gemma-2-2b,13,open_ended,3.6835,0.99102783203125,2026-08-09T17:25:32.811079+00:00
open_ended_138,google/gemma-2-2b,14,open_ended,3.6835,0.9814453125,2026-08-09T17:25:32.811079+00:00
open_ended_139,google/gemma-2-2b,11,open_ended,1.9964,0.99444580078125,2026-08-09T17:25:32.811079+00:00
open_ended_139,google/gemma-2-2b,12,open_ended,1.9964,0.9935302734375,2026-08-09T17:25:32.811079+00:00
open_ended_139,google/gemma-2-2b,13,open_ended,1.9964,0.989013671875,2026-08-09T17:25:32.811079+00:00
open_ended_139,google/gemma-2-2b,14,open_ended,1.9964,0.98748779296875,2026-08-09T17:25:32.811079+00:00
open_ended_140,google/gemma-2-2b,11,open_ended,3.7167,0.99652099609375,2026-08-09T17:25:32.811079+00:00
open_ended_140,google/gemma-2-2b,12,open_ended,3.7167,0.996337890625,2026-08-09T17:25:32.811079+00:00
open_ended_140,google/gemma-2-2b,13,open_ended,3.7167,0.9891357421875,2026-08-09T17:25:32.811079+00:00
open_ended_140,google/gemma-2-2b,14,open_ended,3.7167,0.9801025390625,2026-08-09T17:25:32.811079+00:00
open_ended_141,google/gemma-2-2b,11,open_ended,3.6928,0.993896484375,2026-08-09T17:25:32.811079+00:00
open_ended_141,google/gemma-2-2b,12,open_ended,3.6928,0.99139404296875,2026-08-09T17:25:32.811079+00:00
open_ended_141,google/gemma-2-2b,13,open_ended,3.6928,0.9876708984375,2026-08-09T17:25:32.811079+00:00
open_ended_141,google/gemma-2-2b,14,open_ended,3.6928,0.98590087890625,2026-08-09T17:25:32.811079+00:00
open_ended_142,google/gemma-2-2b,11,open_ended,4.2577,0.995849609375,2026-08-09T17:25:32.811079+00:00
open_ended_142,google/gemma-2-2b,12,open_ended,4.2577,0.9954833984375,2026-08-09T17:25:32.811079+00:00
open_ended_142,google/gemma-2-2b,13,open_ended,4.2577,0.98809814453125,2026-08-09T17:25:32.811079+00:00
open_ended_142,google/gemma-2-2b,14,open_ended,4.2577,0.98223876953125,2026-08-09T17:25:32.811079+00:00
open_ended_143,google/gemma-2-2b,11,open_ended,3.1534,0.99560546875,2026-08-09T17:25:32.811079+00:00
open_ended_143,google/gemma-2-2b,12,open_ended,3.1534,0.9945068359375,2026-08-09T17:25:32.811079+00:00
open_ended_143,google/gemma-2-2b,13,open_ended,3.1534,0.98602294921875,2026-08-09T17:25:32.811079+00:00
open_ended_143,google/gemma-2-2b,14,open_ended,3.1534,0.97869873046875,2026-08-09T17:25:32.811079+00:00
open_ended_144,google/gemma-2-2b,11,open_ended,2.1056,0.9967041015625,2026-08-09T17:25:32.811079+00:00
open_ended_144,google/gemma-2-2b,12,open_ended,2.1056,0.99609375,2026-08-09T17:25:32.811079+00:00
open_ended_144,google/gemma-2-2b,13,open_ended,2.1056,0.99053955078125,2026-08-09T17:25:32.811079+00:00
open_ended_144,google/gemma-2-2b,14,open_ended,2.1056,0.98590087890625,2026-08-09T17:25:32.811079+00:00
open_ended_145,google/gemma-2-2b,11,open_ended,4.0668,0.99639892578125,2026-08-09T17:25:32.811079+00:00
open_ended_145,google/gemma-2-2b,12,open_ended,4.0668,0.99603271484375,2026-08-09T17:25:32.811079+00:00
open_ended_145,google/gemma-2-2b,13,open_ended,4.0668,0.99188232421875,2026-08-09T17:25:32.811079+00:00
open_ended_145,google/gemma-2-2b,14,open_ended,4.0668,0.9873046875,2026-08-09T17:25:32.811079+00:00
open_ended_146,google/gemma-2-2b,11,open_ended,3.229,0.99664306640625,2026-08-09T17:25:32.811079+00:00
open_ended_146,google/gemma-2-2b,12,open_ended,3.229,0.9959716796875,2026-08-09T17:25:32.811079+00:00
open_ended_146,google/gemma-2-2b,13,open_ended,3.229,0.99200439453125,2026-08-09T17:25:32.811079+00:00
open_ended_146,google/gemma-2-2b,14,open_ended,3.229,0.98748779296875,2026-08-09T17:25:32.811079+00:00
open_ended_147,google/gemma-2-2b,11,open_ended,2.4544,0.99481201171875,2026-08-09T17:25:32.811079+00:00
open_ended_147,google/gemma-2-2b,12,open_ended,2.4544,0.9942626953125,2026-08-09T17:25:32.811079+00:00
open_ended_147,google/gemma-2-2b,13,open_ended,2.4544,0.9859619140625,2026-08-09T17:25:32.811079+00:00
open_ended_147,google/gemma-2-2b,14,open_ended,2.4544,0.98492431640625,2026-08-09T17:25:32.811079+00:00
open_ended_148,google/gemma-2-2b,11,open_ended,3.2307,0.99560546875,2026-08-09T17:25:32.811079+00:00
open_ended_148,google/gemma-2-2b,12,open_ended,3.2307,0.9951171875,2026-08-09T17:25:32.811079+00:00
open_ended_148,google/gemma-2-2b,13,open_ended,3.2307,0.98394775390625,2026-08-09T17:25:32.811079+00:00
open_ended_148,google/gemma-2-2b,14,open_ended,3.2307,0.974365234375,2026-08-09T17:25:32.811079+00:00
open_ended_149,google/gemma-2-2b,11,open_ended,3.7118,0.9971923828125,2026-08-09T17:25:32.811079+00:00
open_ended_149,google/gemma-2-2b,12,open_ended,3.7118,0.99700927734375,2026-08-09T17:25:32.811079+00:00
open_ended_149,google/gemma-2-2b,13,open_ended,3.7118,0.987548828125,2026-08-09T17:25:32.811079+00:00
open_ended_149,google/gemma-2-2b,14,open_ended,3.7118,0.98089599609375,2026-08-09T17:25:32.811079+00:00
open_ended_150,google/gemma-2-2b,11,open_ended,2.7919,0.99310302734375,2026-08-09T17:25:32.811079+00:00
open_ended_150,google/gemma-2-2b,12,open_ended,2.7919,0.9923095703125,2026-08-09T17:25:32.811079+00:00
open_ended_150,google/gemma-2-2b,13,open_ended,2.7919,0.98681640625,2026-08-09T17:25:32.811079+00:00
open_ended_150,google/gemma-2-2b,14,open_ended,2.7919,0.98248291015625,2026-08-09T17:25:32.811079+00:00
open_ended_151,google/gemma-2-2b,11,open_ended,3.7483,0.99658203125,2026-08-09T17:25:32.811079+00:00
open_ended_151,google/gemma-2-2b,12,open_ended,3.7483,0.99566650390625,2026-08-09T17:25:32.811079+00:00
open_ended_151,google/gemma-2-2b,13,open_ended,3.7483,0.99066162109375,2026-08-09T17:25:32.811079+00:00
open_ended_151,google/gemma-2-2b,14,open_ended,3.7483,0.9813232421875,2026-08-09T17:25:32.811079+00:00
open_ended_152,google/gemma-2-2b,11,open_ended,3.464,0.99627685546875,2026-08-09T17:25:32.811079+00:00
open_ended_152,google/gemma-2-2b,12,open_ended,3.464,0.9954833984375,2026-08-09T17:25:32.811079+00:00
open_ended_152,google/gemma-2-2b,13,open_ended,3.464,0.9908447265625,2026-08-09T17:25:32.811079+00:00
open_ended_152,google/gemma-2-2b,14,open_ended,3.464,0.98260498046875,2026-08-09T17:25:32.811079+00:00
open_ended_153,google/gemma-2-2b,11,open_ended,3.5618,0.99407958984375,2026-08-09T17:25:32.811079+00:00
open_ended_153,google/gemma-2-2b,12,open_ended,3.5618,0.99249267578125,2026-08-09T17:25:32.811079+00:00
open_ended_153,google/gemma-2-2b,13,open_ended,3.5618,0.98907470703125,2026-08-09T17:25:32.811079+00:00
open_ended_153,google/gemma-2-2b,14,open_ended,3.5618,0.984375,2026-08-09T17:25:32.811079+00:00
open_ended_154,google/gemma-2-2b,11,open_ended,4.0468,0.99517822265625,2026-08-09T17:25:32.811079+00:00
open_ended_154,google/gemma-2-2b,12,open_ended,4.0468,0.99566650390625,2026-08-09T17:25:32.811079+00:00
open_ended_154,google/gemma-2-2b,13,open_ended,4.0468,0.9908447265625,2026-08-09T17:25:32.811079+00:00
open_ended_154,google/gemma-2-2b,14,open_ended,4.0468,0.98187255859375,2026-08-09T17:25:32.811079+00:00
open_ended_155,google/gemma-2-2b,11,open_ended,2.351,0.99462890625,2026-08-09T17:25:32.811079+00:00
open_ended_155,google/gemma-2-2b,12,open_ended,2.351,0.9954833984375,2026-08-09T17:25:32.811079+00:00
open_ended_155,google/gemma-2-2b,13,open_ended,2.351,0.9891357421875,2026-08-09T17:25:32.811079+00:00
open_ended_155,google/gemma-2-2b,14,open_ended,2.351,0.98590087890625,2026-08-09T17:25:32.811079+00:00
open_ended_156,google/gemma-2-2b,11,open_ended,3.5888,0.99627685546875,2026-08-09T17:25:32.811079+00:00
open_ended_156,google/gemma-2-2b,12,open_ended,3.5888,0.99627685546875,2026-08-09T17:25:32.811079+00:00
open_ended_156,google/gemma-2-2b,13,open_ended,3.5888,0.98748779296875,2026-08-09T17:25:32.811079+00:00
open_ended_156,google/gemma-2-2b,14,open_ended,3.5888,0.98016357421875,2026-08-09T17:25:32.811079+00:00
open_ended_157,google/gemma-2-2b,11,open_ended,1.9128,0.99560546875,2026-08-09T17:25:32.811079+00:00
open_ended_157,google/gemma-2-2b,12,open_ended,1.9128,0.9949951171875,2026-08-09T17:25:32.811079+00:00
open_ended_157,google/gemma-2-2b,13,open_ended,1.9128,0.986572265625,2026-08-09T17:25:32.811079+00:00
open_ended_157,google/gemma-2-2b,14,open_ended,1.9128,0.982177734375,2026-08-09T17:25:32.811079+00:00
open_ended_158,google/gemma-2-2b,11,open_ended,2.2622,0.9962158203125,2026-08-09T17:25:32.811079+00:00
open_ended_158,google/gemma-2-2b,12,open_ended,2.2622,0.9964599609375,2026-08-09T17:25:32.811079+00:00
open_ended_158,google/gemma-2-2b,13,open_ended,2.2622,0.9906005859375,2026-08-09T17:25:32.811079+00:00
open_ended_158,google/gemma-2-2b,14,open_ended,2.2622,0.9853515625,2026-08-09T17:25:32.811079+00:00
open_ended_159,google/gemma-2-2b,11,open_ended,3.342,0.9949951171875,2026-08-09T17:25:32.811079+00:00
open_ended_159,google/gemma-2-2b,12,open_ended,3.342,0.9932861328125,2026-08-09T17:25:32.811079+00:00
open_ended_159,google/gemma-2-2b,13,open_ended,3.342,0.9849853515625,2026-08-09T17:25:32.811079+00:00
open_ended_159,google/gemma-2-2b,14,open_ended,3.342,0.98016357421875,2026-08-09T17:25:32.811079+00:00
open_ended_160,google/gemma-2-2b,11,open_ended,3.9853,0.99664306640625,2026-08-09T17:25:32.811079+00:00
open_ended_160,google/gemma-2-2b,12,open_ended,3.9853,0.99652099609375,2026-08-09T17:25:32.811079+00:00
open_ended_160,google/gemma-2-2b,13,open_ended,3.9853,0.9921875,2026-08-09T17:25:32.811079+00:00
open_ended_160,google/gemma-2-2b,14,open_ended,3.9853,0.984375,2026-08-09T17:25:32.811079+00:00
open_ended_161,google/gemma-2-2b,11,open_ended,3.6616,0.99566650390625,2026-08-09T17:25:32.811079+00:00
open_ended_161,google/gemma-2-2b,12,open_ended,3.6616,0.99517822265625,2026-08-09T17:25:32.811079+00:00
open_ended_161,google/gemma-2-2b,13,open_ended,3.6616,0.98974609375,2026-08-09T17:25:32.811079+00:00
open_ended_161,google/gemma-2-2b,14,open_ended,3.6616,0.984375,2026-08-09T17:25:32.811079+00:00
open_ended_162,google/gemma-2-2b,11,open_ended,3.4886,0.99603271484375,2026-08-09T17:25:32.811079+00:00
open_ended_162,google/gemma-2-2b,12,open_ended,3.4886,0.995849609375,2026-08-09T17:25:32.811079+00:00
open_ended_162,google/gemma-2-2b,13,open_ended,3.4886,0.9906005859375,2026-08-09T17:25:32.811079+00:00
open_ended_162,google/gemma-2-2b,14,open_ended,3.4886,0.9835205078125,2026-08-09T17:25:32.811079+00:00
open_ended_163,google/gemma-2-2b,11,open_ended,2.2309,0.99566650390625,2026-08-09T17:25:32.811079+00:00
open_ended_163,google/gemma-2-2b,12,open_ended,2.2309,0.99517822265625,2026-08-09T17:25:32.811079+00:00
open_ended_163,google/gemma-2-2b,13,open_ended,2.2309,0.99053955078125,2026-08-09T17:25:32.811079+00:00
open_ended_163,google/gemma-2-2b,14,open_ended,2.2309,0.988037109375,2026-08-09T17:25:32.811079+00:00
open_ended_164,google/gemma-2-2b,11,open_ended,2.5855,0.99615478515625,2026-08-09T17:25:32.811079+00:00
open_ended_164,google/gemma-2-2b,12,open_ended,2.5855,0.994873046875,2026-08-09T17:25:32.811079+00:00
open_ended_164,google/gemma-2-2b,13,open_ended,2.5855,0.98779296875,2026-08-09T17:25:32.811079+00:00
open_ended_164,google/gemma-2-2b,14,open_ended,2.5855,0.98388671875,2026-08-09T17:25:32.811079+00:00
open_ended_165,google/gemma-2-2b,11,open_ended,4.2923,0.99615478515625,2026-08-09T17:25:32.811079+00:00
open_ended_165,google/gemma-2-2b,12,open_ended,4.2923,0.995361328125,2026-08-09T17:25:32.811079+00:00
open_ended_165,google/gemma-2-2b,13,open_ended,4.2923,0.990234375,2026-08-09T17:25:32.811079+00:00
open_ended_165,google/gemma-2-2b,14,open_ended,4.2923,0.9876708984375,2026-08-09T17:25:32.811079+00:00
open_ended_166,google/gemma-2-2b,11,open_ended,3.3518,0.99566650390625,2026-08-09T17:25:32.811079+00:00
open_ended_166,google/gemma-2-2b,12,open_ended,3.3518,0.99560546875,2026-08-09T17:25:32.811079+00:00
open_ended_166,google/gemma-2-2b,13,open_ended,3.3518,0.9901123046875,2026-08-09T17:25:32.811079+00:00
open_ended_166,google/gemma-2-2b,14,open_ended,3.3518,0.97747802734375,2026-08-09T17:25:32.811079+00:00
open_ended_167,google/gemma-2-2b,11,open_ended,1.7707,0.9951171875,2026-08-09T17:25:32.811079+00:00
open_ended_167,google/gemma-2-2b,12,open_ended,1.7707,0.994384765625,2026-08-09T17:25:32.811079+00:00
open_ended_167,google/gemma-2-2b,13,open_ended,1.7707,0.9886474609375,2026-08-09T17:25:32.811079+00:00
open_ended_167,google/gemma-2-2b,14,open_ended,1.7707,0.98760986328125,2026-08-09T17:25:32.811079+00:00
open_ended_168,google/gemma-2-2b,11,open_ended,2.7041,0.99664306640625,2026-08-09T17:25:32.811079+00:00
open_ended_168,google/gemma-2-2b,12,open_ended,2.7041,0.9952392578125,2026-08-09T17:25:32.811079+00:00
open_ended_168,google/gemma-2-2b,13,open_ended,2.7041,0.99029541015625,2026-08-09T17:25:32.811079+00:00
open_ended_168,google/gemma-2-2b,14,open_ended,2.7041,0.98272705078125,2026-08-09T17:25:32.811079+00:00
open_ended_169,google/gemma-2-2b,11,open_ended,2.4242,0.996826171875,2026-08-09T17:25:32.811079+00:00
open_ended_169,google/gemma-2-2b,12,open_ended,2.4242,0.99517822265625,2026-08-09T17:25:32.811079+00:00
open_ended_169,google/gemma-2-2b,13,open_ended,2.4242,0.98968505859375,2026-08-09T17:25:32.811079+00:00
open_ended_169,google/gemma-2-2b,14,open_ended,2.4242,0.98773193359375,2026-08-09T17:25:32.811079+00:00
open_ended_170,google/gemma-2-2b,11,open_ended,3.7049,0.9967041015625,2026-08-09T17:25:32.811079+00:00
open_ended_170,google/gemma-2-2b,12,open_ended,3.7049,0.99639892578125,2026-08-09T17:25:32.811079+00:00
open_ended_170,google/gemma-2-2b,13,open_ended,3.7049,0.99029541015625,2026-08-09T17:25:32.811079+00:00
open_ended_170,google/gemma-2-2b,14,open_ended,3.7049,0.9820556640625,2026-08-09T17:25:32.811079+00:00
open_ended_171,google/gemma-2-2b,11,open_ended,3.4037,0.9969482421875,2026-08-09T17:25:32.811079+00:00
open_ended_171,google/gemma-2-2b,12,open_ended,3.4037,0.9952392578125,2026-08-09T17:25:32.811079+00:00
open_ended_171,google/gemma-2-2b,13,open_ended,3.4037,0.9874267578125,2026-08-09T17:25:32.811079+00:00
open_ended_171,google/gemma-2-2b,14,open_ended,3.4037,0.9815673828125,2026-08-09T17:25:32.811079+00:00
open_ended_172,google/gemma-2-2b,11,open_ended,4.0277,0.99420166015625,2026-08-09T17:25:32.811079+00:00
open_ended_172,google/gemma-2-2b,12,open_ended,4.0277,0.99493408203125,2026-08-09T17:25:32.811079+00:00
open_ended_172,google/gemma-2-2b,13,open_ended,4.0277,0.990234375,2026-08-09T17:25:32.811079+00:00
open_ended_172,google/gemma-2-2b,14,open_ended,4.0277,0.979736328125,2026-08-09T17:25:32.811079+00:00
open_ended_173,google/gemma-2-2b,11,open_ended,3.5755,0.9962158203125,2026-08-09T17:25:32.811079+00:00
open_ended_173,google/gemma-2-2b,12,open_ended,3.5755,0.9954833984375,2026-08-09T17:25:32.811079+00:00
open_ended_173,google/gemma-2-2b,13,open_ended,3.5755,0.99114990234375,2026-08-09T17:25:32.811079+00:00
open_ended_173,google/gemma-2-2b,14,open_ended,3.5755,0.98016357421875,2026-08-09T17:25:32.811079+00:00
open_ended_174,google/gemma-2-2b,11,open_ended,2.6828,0.9954833984375,2026-08-09T17:25:32.811079+00:00
open_ended_174,google/gemma-2-2b,12,open_ended,2.6828,0.995361328125,2026-08-09T17:25:32.811079+00:00
open_ended_174,google/gemma-2-2b,13,open_ended,2.6828,0.9876708984375,2026-08-09T17:25:32.811079+00:00
open_ended_174,google/gemma-2-2b,14,open_ended,2.6828,0.98529052734375,2026-08-09T17:25:32.811079+00:00
open_ended_175,google/gemma-2-2b,11,open_ended,3.4016,0.99664306640625,2026-08-09T17:25:32.811079+00:00
open_ended_175,google/gemma-2-2b,12,open_ended,3.4016,0.99554443359375,2026-08-09T17:25:32.811079+00:00
open_ended_175,google/gemma-2-2b,13,open_ended,3.4016,0.9898681640625,2026-08-09T17:25:32.811079+00:00
open_ended_175,google/gemma-2-2b,14,open_ended,3.4016,0.9822998046875,2026-08-09T17:25:32.811079+00:00
open_ended_176,google/gemma-2-2b,11,open_ended,4.2309,0.99493408203125,2026-08-09T17:25:32.811079+00:00
open_ended_176,google/gemma-2-2b,12,open_ended,4.2309,0.9940185546875,2026-08-09T17:25:32.811079+00:00
open_ended_176,google/gemma-2-2b,13,open_ended,4.2309,0.98980712890625,2026-08-09T17:25:32.811079+00:00
open_ended_176,google/gemma-2-2b,14,open_ended,4.2309,0.98541259765625,2026-08-09T17:25:32.811079+00:00
open_ended_177,google/gemma-2-2b,11,open_ended,4.0481,0.99566650390625,2026-08-09T17:25:32.811079+00:00
open_ended_177,google/gemma-2-2b,12,open_ended,4.0481,0.99560546875,2026-08-09T17:25:32.811079+00:00
open_ended_177,google/gemma-2-2b,13,open_ended,4.0481,0.989501953125,2026-08-09T17:25:32.811079+00:00
open_ended_177,google/gemma-2-2b,14,open_ended,4.0481,0.9810791015625,2026-08-09T17:25:32.811079+00:00
open_ended_178,google/gemma-2-2b,11,open_ended,2.5839,0.994384765625,2026-08-09T17:25:32.811079+00:00
open_ended_178,google/gemma-2-2b,12,open_ended,2.5839,0.99505615234375,2026-08-09T17:25:32.811079+00:00
open_ended_178,google/gemma-2-2b,13,open_ended,2.5839,0.990234375,2026-08-09T17:25:32.811079+00:00
open_ended_178,google/gemma-2-2b,14,open_ended,2.5839,0.98492431640625,2026-08-09T17:25:32.811079+00:00
open_ended_179,google/gemma-2-2b,11,open_ended,2.7043,0.99658203125,2026-08-09T17:25:32.811079+00:00
open_ended_179,google/gemma-2-2b,12,open_ended,2.7043,0.99578857421875,2026-08-09T17:25:32.811079+00:00
open_ended_179,google/gemma-2-2b,13,open_ended,2.7043,0.9896240234375,2026-08-09T17:25:32.811079+00:00
open_ended_179,google/gemma-2-2b,14,open_ended,2.7043,0.9844970703125,2026-08-09T17:25:32.811079+00:00
open_ended_180,google/gemma-2-2b,11,open_ended,1.2489,0.99444580078125,2026-08-09T17:25:32.811079+00:00
open_ended_180,google/gemma-2-2b,12,open_ended,1.2489,0.992919921875,2026-08-09T17:25:32.811079+00:00
open_ended_180,google/gemma-2-2b,13,open_ended,1.2489,0.98724365234375,2026-08-09T17:25:32.811079+00:00
open_ended_180,google/gemma-2-2b,14,open_ended,1.2489,0.9820556640625,2026-08-09T17:25:32.811079+00:00
open_ended_181,google/gemma-2-2b,11,open_ended,3.672,0.9957275390625,2026-08-09T17:25:32.811079+00:00
open_ended_181,google/gemma-2-2b,12,open_ended,3.672,0.99615478515625,2026-08-09T17:25:32.811079+00:00
open_ended_181,google/gemma-2-2b,13,open_ended,3.672,0.98992919921875,2026-08-09T17:25:32.811079+00:00
open_ended_181,google/gemma-2-2b,14,open_ended,3.672,0.98150634765625,2026-08-09T17:25:32.811079+00:00
open_ended_182,google/gemma-2-2b,11,open_ended,1.0488,0.9951171875,2026-08-09T17:25:32.811079+00:00
open_ended_182,google/gemma-2-2b,12,open_ended,1.0488,0.994873046875,2026-08-09T17:25:32.811079+00:00
open_ended_182,google/gemma-2-2b,13,open_ended,1.0488,0.9853515625,2026-08-09T17:25:32.811079+00:00
open_ended_182,google/gemma-2-2b,14,open_ended,1.0488,0.97406005859375,2026-08-09T17:25:32.811079+00:00
open_ended_183,google/gemma-2-2b,11,open_ended,3.1682,0.99517822265625,2026-08-09T17:25:32.811079+00:00
open_ended_183,google/gemma-2-2b,12,open_ended,3.1682,0.994873046875,2026-08-09T17:25:32.811079+00:00
open_ended_183,google/gemma-2-2b,13,open_ended,3.1682,0.9884033203125,2026-08-09T17:25:32.811079+00:00
open_ended_183,google/gemma-2-2b,14,open_ended,3.1682,0.9803466796875,2026-08-09T17:25:32.811079+00:00
open_ended_184,google/gemma-2-2b,11,open_ended,2.1619,0.99627685546875,2026-08-09T17:25:32.811079+00:00
open_ended_184,google/gemma-2-2b,12,open_ended,2.1619,0.99517822265625,2026-08-09T17:25:32.811079+00:00
open_ended_184,google/gemma-2-2b,13,open_ended,2.1619,0.98944091796875,2026-08-09T17:25:32.811079+00:00
open_ended_184,google/gemma-2-2b,14,open_ended,2.1619,0.9852294921875,2026-08-09T17:25:32.811079+00:00
open_ended_185,google/gemma-2-2b,11,open_ended,1.7967,0.99517822265625,2026-08-09T17:25:32.811079+00:00
open_ended_185,google/gemma-2-2b,12,open_ended,1.7967,0.994384765625,2026-08-09T17:25:32.811079+00:00
open_ended_185,google/gemma-2-2b,13,open_ended,1.7967,0.9891357421875,2026-08-09T17:25:32.811079+00:00
open_ended_185,google/gemma-2-2b,14,open_ended,1.7967,0.9840087890625,2026-08-09T17:25:32.811079+00:00
open_ended_186,google/gemma-2-2b,11,open_ended,3.9756,0.9957275390625,2026-08-09T17:25:32.811079+00:00
open_ended_186,google/gemma-2-2b,12,open_ended,3.9756,0.99554443359375,2026-08-09T17:25:32.811079+00:00
open_ended_186,google/gemma-2-2b,13,open_ended,3.9756,0.9898681640625,2026-08-09T17:25:32.811079+00:00
open_ended_186,google/gemma-2-2b,14,open_ended,3.9756,0.9781494140625,2026-08-09T17:25:32.811079+00:00
open_ended_187,google/gemma-2-2b,11,open_ended,4.3333,0.994384765625,2026-08-09T17:25:32.811079+00:00
open_ended_187,google/gemma-2-2b,12,open_ended,4.3333,0.992919921875,2026-08-09T17:25:32.811079+00:00
open_ended_187,google/gemma-2-2b,13,open_ended,4.3333,0.99041748046875,2026-08-09T17:25:32.811079+00:00
open_ended_187,google/gemma-2-2b,14,open_ended,4.3333,0.9879150390625,2026-08-09T17:25:32.811079+00:00
open_ended_188,google/gemma-2-2b,11,open_ended,3.6262,0.99627685546875,2026-08-09T17:25:32.811079+00:00
open_ended_188,google/gemma-2-2b,12,open_ended,3.6262,0.9957275390625,2026-08-09T17:25:32.811079+00:00
open_ended_188,google/gemma-2-2b,13,open_ended,3.6262,0.99090576171875,2026-08-09T17:25:32.811079+00:00
open_ended_188,google/gemma-2-2b,14,open_ended,3.6262,0.98114013671875,2026-08-09T17:25:32.811079+00:00
open_ended_189,google/gemma-2-2b,11,open_ended,1.6991,0.994873046875,2026-08-09T17:25:32.811079+00:00
open_ended_189,google/gemma-2-2b,12,open_ended,1.6991,0.99365234375,2026-08-09T17:25:32.811079+00:00
open_ended_189,google/gemma-2-2b,13,open_ended,1.6991,0.98724365234375,2026-08-09T17:25:32.811079+00:00
open_ended_189,google/gemma-2-2b,14,open_ended,1.6991,0.98681640625,2026-08-09T17:25:32.811079+00:00
open_ended_190,google/gemma-2-2b,11,open_ended,3.9575,0.99542236328125,2026-08-09T17:25:32.811079+00:00
open_ended_190,google/gemma-2-2b,12,open_ended,3.9575,0.9954833984375,2026-08-09T17:25:32.811079+00:00
open_ended_190,google/gemma-2-2b,13,open_ended,3.9575,0.9901123046875,2026-08-09T17:25:32.811079+00:00
open_ended_190,google/gemma-2-2b,14,open_ended,3.9575,0.9761962890625,2026-08-09T17:25:32.811079+00:00
open_ended_191,google/gemma-2-2b,11,open_ended,3.5477,0.993408203125,2026-08-09T17:25:32.811079+00:00
open_ended_191,google/gemma-2-2b,12,open_ended,3.5477,0.99200439453125,2026-08-09T17:25:32.811079+00:00
open_ended_191,google/gemma-2-2b,13,open_ended,3.5477,0.98828125,2026-08-09T17:25:32.811079+00:00
open_ended_191,google/gemma-2-2b,14,open_ended,3.5477,0.98681640625,2026-08-09T17:25:32.811079+00:00
open_ended_192,google/gemma-2-2b,11,open_ended,4.1721,0.9951171875,2026-08-09T17:25:32.811079+00:00
open_ended_192,google/gemma-2-2b,12,open_ended,4.1721,0.99530029296875,2026-08-09T17:25:32.811079+00:00
open_ended_192,google/gemma-2-2b,13,open_ended,4.1721,0.987548828125,2026-08-09T17:25:32.811079+00:00
open_ended_192,google/gemma-2-2b,14,open_ended,4.1721,0.97955322265625,2026-08-09T17:25:32.811079+00:00
open_ended_193,google/gemma-2-2b,11,open_ended,3.0868,0.99603271484375,2026-08-09T17:25:32.811079+00:00
open_ended_193,google/gemma-2-2b,12,open_ended,3.0868,0.99530029296875,2026-08-09T17:25:32.811079+00:00
open_ended_193,google/gemma-2-2b,13,open_ended,3.0868,0.98968505859375,2026-08-09T17:25:32.811079+00:00
open_ended_193,google/gemma-2-2b,14,open_ended,3.0868,0.98101806640625,2026-08-09T17:25:32.811079+00:00
open_ended_194,google/gemma-2-2b,11,open_ended,2.4923,0.99615478515625,2026-08-09T17:25:32.811079+00:00
open_ended_194,google/gemma-2-2b,12,open_ended,2.4923,0.99560546875,2026-08-09T17:25:32.811079+00:00
open_ended_194,google/gemma-2-2b,13,open_ended,2.4923,0.99102783203125,2026-08-09T17:25:32.811079+00:00
open_ended_194,google/gemma-2-2b,14,open_ended,2.4923,0.98468017578125,2026-08-09T17:25:32.811079+00:00
open_ended_195,google/gemma-2-2b,11,open_ended,3.9156,0.99725341796875,2026-08-09T17:25:32.811079+00:00
open_ended_195,google/gemma-2-2b,12,open_ended,3.9156,0.99639892578125,2026-08-09T17:25:32.811079+00:00
open_ended_195,google/gemma-2-2b,13,open_ended,3.9156,0.99267578125,2026-08-09T17:25:32.811079+00:00
open_ended_195,google/gemma-2-2b,14,open_ended,3.9156,0.98895263671875,2026-08-09T17:25:32.811079+00:00
open_ended_196,google/gemma-2-2b,11,open_ended,3.9925,0.99603271484375,2026-08-09T17:25:32.811079+00:00
open_ended_196,google/gemma-2-2b,12,open_ended,3.9925,0.9954833984375,2026-08-09T17:25:32.811079+00:00
open_ended_196,google/gemma-2-2b,13,open_ended,3.9925,0.99249267578125,2026-08-09T17:25:32.811079+00:00
open_ended_196,google/gemma-2-2b,14,open_ended,3.9925,0.98443603515625,2026-08-09T17:25:32.811079+00:00
open_ended_197,google/gemma-2-2b,11,open_ended,2.4684,0.99560546875,2026-08-09T17:25:32.811079+00:00
open_ended_197,google/gemma-2-2b,12,open_ended,2.4684,0.99517822265625,2026-08-09T17:25:32.811079+00:00
open_ended_197,google/gemma-2-2b,13,open_ended,2.4684,0.9871826171875,2026-08-09T17:25:32.811079+00:00
open_ended_197,google/gemma-2-2b,14,open_ended,2.4684,0.98443603515625,2026-08-09T17:25:32.811079+00:00
open_ended_198,google/gemma-2-2b,11,open_ended,3.2156,0.9962158203125,2026-08-09T17:25:32.811079+00:00
open_ended_198,google/gemma-2-2b,12,open_ended,3.2156,0.9954833984375,2026-08-09T17:25:32.811079+00:00
open_ended_198,google/gemma-2-2b,13,open_ended,3.2156,0.99066162109375,2026-08-09T17:25:32.811079+00:00
open_ended_198,google/gemma-2-2b,14,open_ended,3.2156,0.98211669921875,2026-08-09T17:25:32.811079+00:00
open_ended_199,google/gemma-2-2b,11,open_ended,3.5532,0.9959716796875,2026-08-09T17:25:32.811079+00:00
open_ended_199,google/gemma-2-2b,12,open_ended,3.5532,0.995849609375,2026-08-09T17:25:32.811079+00:00
open_ended_199,google/gemma-2-2b,13,open_ended,3.5532,0.989013671875,2026-08-09T17:25:32.811079+00:00
open_ended_199,google/gemma-2-2b,14,open_ended,3.5532,0.97991943359375,2026-08-09T17:25:32.811079+00:00
open_ended_200,google/gemma-2-2b,11,open_ended,2.8543,0.99420166015625,2026-08-09T17:25:32.811079+00:00
open_ended_200,google/gemma-2-2b,12,open_ended,2.8543,0.993408203125,2026-08-09T17:25:32.811079+00:00
open_ended_200,google/gemma-2-2b,13,open_ended,2.8543,0.9886474609375,2026-08-09T17:25:32.811079+00:00
open_ended_200,google/gemma-2-2b,14,open_ended,2.8543,0.98382568359375,2026-08-09T17:25:32.811079+00:00
open_ended_201,google/gemma-2-2b,11,open_ended,3.865,0.99658203125,2026-08-09T17:25:32.811079+00:00
open_ended_201,google/gemma-2-2b,12,open_ended,3.865,0.9959716796875,2026-08-09T17:25:32.811079+00:00
open_ended_201,google/gemma-2-2b,13,open_ended,3.865,0.988037109375,2026-08-09T17:25:32.811079+00:00
open_ended_201,google/gemma-2-2b,14,open_ended,3.865,0.9825439453125,2026-08-09T17:25:32.811079+00:00
open_ended_202,google/gemma-2-2b,11,open_ended,3.9158,0.99615478515625,2026-08-09T17:25:32.811079+00:00
open_ended_202,google/gemma-2-2b,12,open_ended,3.9158,0.99481201171875,2026-08-09T17:25:32.811079+00:00
open_ended_202,google/gemma-2-2b,13,open_ended,3.9158,0.98638916015625,2026-08-09T17:25:32.811079+00:00
open_ended_202,google/gemma-2-2b,14,open_ended,3.9158,0.97967529296875,2026-08-09T17:25:32.811079+00:00
open_ended_203,google/gemma-2-2b,11,open_ended,4.0034,0.993896484375,2026-08-09T17:25:32.811079+00:00
open_ended_203,google/gemma-2-2b,12,open_ended,4.0034,0.9927978515625,2026-08-09T17:25:32.811079+00:00
open_ended_203,google/gemma-2-2b,13,open_ended,4.0034,0.9896240234375,2026-08-09T17:25:32.811079+00:00
open_ended_203,google/gemma-2-2b,14,open_ended,4.0034,0.9852294921875,2026-08-09T17:25:32.811079+00:00
open_ended_204,google/gemma-2-2b,11,open_ended,4.0494,0.995361328125,2026-08-09T17:25:32.811079+00:00
open_ended_204,google/gemma-2-2b,12,open_ended,4.0494,0.99603271484375,2026-08-09T17:25:32.811079+00:00
open_ended_204,google/gemma-2-2b,13,open_ended,4.0494,0.9903564453125,2026-08-09T17:25:32.811079+00:00
open_ended_204,google/gemma-2-2b,14,open_ended,4.0494,0.979736328125,2026-08-09T17:25:32.811079+00:00
open_ended_205,google/gemma-2-2b,11,open_ended,2.3075,0.9954833984375,2026-08-09T17:25:32.811079+00:00
open_ended_205,google/gemma-2-2b,12,open_ended,2.3075,0.99566650390625,2026-08-09T17:25:32.811079+00:00
open_ended_205,google/gemma-2-2b,13,open_ended,2.3075,0.9893798828125,2026-08-09T17:25:32.811079+00:00
open_ended_205,google/gemma-2-2b,14,open_ended,2.3075,0.98370361328125,2026-08-09T17:25:32.811079+00:00
open_ended_206,google/gemma-2-2b,11,open_ended,3.5293,0.99615478515625,2026-08-09T17:25:32.811079+00:00
open_ended_206,google/gemma-2-2b,12,open_ended,3.5293,0.99658203125,2026-08-09T17:25:32.811079+00:00
open_ended_206,google/gemma-2-2b,13,open_ended,3.5293,0.98516845703125,2026-08-09T17:25:32.811079+00:00
open_ended_206,google/gemma-2-2b,14,open_ended,3.5293,0.9786376953125,2026-08-09T17:25:32.811079+00:00
open_ended_207,google/gemma-2-2b,11,open_ended,2.2001,0.9964599609375,2026-08-09T17:25:32.811079+00:00
open_ended_207,google/gemma-2-2b,12,open_ended,2.2001,0.99517822265625,2026-08-09T17:25:32.811079+00:00
open_ended_207,google/gemma-2-2b,13,open_ended,2.2001,0.9854736328125,2026-08-09T17:25:32.811079+00:00
open_ended_207,google/gemma-2-2b,14,open_ended,2.2001,0.97998046875,2026-08-09T17:25:32.811079+00:00
open_ended_208,google/gemma-2-2b,11,open_ended,2.3245,0.99627685546875,2026-08-09T17:25:32.811079+00:00
open_ended_208,google/gemma-2-2b,12,open_ended,2.3245,0.9962158203125,2026-08-09T17:25:32.811079+00:00
open_ended_208,google/gemma-2-2b,13,open_ended,2.3245,0.990966796875,2026-08-09T17:25:32.811079+00:00
open_ended_208,google/gemma-2-2b,14,open_ended,2.3245,0.9847412109375,2026-08-09T17:25:32.811079+00:00
open_ended_209,google/gemma-2-2b,11,open_ended,3.6041,0.9951171875,2026-08-09T17:25:32.811079+00:00
open_ended_209,google/gemma-2-2b,12,open_ended,3.6041,0.99371337890625,2026-08-09T17:25:32.811079+00:00
open_ended_209,google/gemma-2-2b,13,open_ended,3.6041,0.984619140625,2026-08-09T17:25:32.811079+00:00
open_ended_209,google/gemma-2-2b,14,open_ended,3.6041,0.98052978515625,2026-08-09T17:25:32.811079+00:00
open_ended_210,google/gemma-2-2b,11,open_ended,4.0319,0.99713134765625,2026-08-09T17:25:32.811079+00:00
open_ended_210,google/gemma-2-2b,12,open_ended,4.0319,0.9971923828125,2026-08-09T17:25:32.811079+00:00
open_ended_210,google/gemma-2-2b,13,open_ended,4.0319,0.9898681640625,2026-08-09T17:25:32.811079+00:00
open_ended_210,google/gemma-2-2b,14,open_ended,4.0319,0.98126220703125,2026-08-09T17:25:32.811079+00:00
open_ended_211,google/gemma-2-2b,11,open_ended,3.7059,0.99554443359375,2026-08-09T17:25:32.811079+00:00
open_ended_211,google/gemma-2-2b,12,open_ended,3.7059,0.99517822265625,2026-08-09T17:25:32.811079+00:00
open_ended_211,google/gemma-2-2b,13,open_ended,3.7059,0.9888916015625,2026-08-09T17:25:32.811079+00:00
open_ended_211,google/gemma-2-2b,14,open_ended,3.7059,0.98394775390625,2026-08-09T17:25:32.811079+00:00
open_ended_212,google/gemma-2-2b,11,open_ended,3.8263,0.99676513671875,2026-08-09T17:25:32.811079+00:00
open_ended_212,google/gemma-2-2b,12,open_ended,3.8263,0.99554443359375,2026-08-09T17:25:32.811079+00:00
open_ended_212,google/gemma-2-2b,13,open_ended,3.8263,0.98736572265625,2026-08-09T17:25:32.811079+00:00
open_ended_212,google/gemma-2-2b,14,open_ended,3.8263,0.9801025390625,2026-08-09T17:25:32.811079+00:00
open_ended_213,google/gemma-2-2b,11,open_ended,2.2999,0.99566650390625,2026-08-09T17:25:32.811079+00:00
open_ended_213,google/gemma-2-2b,12,open_ended,2.2999,0.9949951171875,2026-08-09T17:25:32.811079+00:00
open_ended_213,google/gemma-2-2b,13,open_ended,2.2999,0.9892578125,2026-08-09T17:25:32.811079+00:00
open_ended_213,google/gemma-2-2b,14,open_ended,2.2999,0.98724365234375,2026-08-09T17:25:32.811079+00:00
open_ended_214,google/gemma-2-2b,11,open_ended,3.1308,0.99530029296875,2026-08-09T17:25:32.811079+00:00
open_ended_214,google/gemma-2-2b,12,open_ended,3.1308,0.994873046875,2026-08-09T17:25:32.811079+00:00
open_ended_214,google/gemma-2-2b,13,open_ended,3.1308,0.98504638671875,2026-08-09T17:25:32.811079+00:00
open_ended_214,google/gemma-2-2b,14,open_ended,3.1308,0.97943115234375,2026-08-09T17:25:32.811079+00:00
open_ended_215,google/gemma-2-2b,11,open_ended,4.5143,0.9962158203125,2026-08-09T17:25:32.811079+00:00
open_ended_215,google/gemma-2-2b,12,open_ended,4.5143,0.99542236328125,2026-08-09T17:25:32.811079+00:00
open_ended_215,google/gemma-2-2b,13,open_ended,4.5143,0.98858642578125,2026-08-09T17:25:32.811079+00:00
open_ended_215,google/gemma-2-2b,14,open_ended,4.5143,0.98577880859375,2026-08-09T17:25:32.811079+00:00
open_ended_216,google/gemma-2-2b,11,open_ended,4.1917,0.99578857421875,2026-08-09T17:25:32.811079+00:00
open_ended_216,google/gemma-2-2b,12,open_ended,4.1917,0.995361328125,2026-08-09T17:25:32.811079+00:00
open_ended_216,google/gemma-2-2b,13,open_ended,4.1917,0.9854736328125,2026-08-09T17:25:32.811079+00:00
open_ended_216,google/gemma-2-2b,14,open_ended,4.1917,0.978271484375,2026-08-09T17:25:32.811079+00:00
open_ended_217,google/gemma-2-2b,11,open_ended,1.5749,0.9952392578125,2026-08-09T17:25:32.811079+00:00
open_ended_217,google/gemma-2-2b,12,open_ended,1.5749,0.994873046875,2026-08-09T17:25:32.811079+00:00
open_ended_217,google/gemma-2-2b,13,open_ended,1.5749,0.98809814453125,2026-08-09T17:25:32.811079+00:00
open_ended_217,google/gemma-2-2b,14,open_ended,1.5749,0.98773193359375,2026-08-09T17:25:32.811079+00:00
open_ended_218,google/gemma-2-2b,11,open_ended,3.231,0.99658203125,2026-08-09T17:25:32.811079+00:00
open_ended_218,google/gemma-2-2b,12,open_ended,3.231,0.9957275390625,2026-08-09T17:25:32.811079+00:00
open_ended_218,google/gemma-2-2b,13,open_ended,3.231,0.9864501953125,2026-08-09T17:25:32.811079+00:00
open_ended_218,google/gemma-2-2b,14,open_ended,3.231,0.97735595703125,2026-08-09T17:25:32.811079+00:00
open_ended_219,google/gemma-2-2b,11,open_ended,2.341,0.99676513671875,2026-08-09T17:25:32.811079+00:00
open_ended_219,google/gemma-2-2b,12,open_ended,2.341,0.995361328125,2026-08-09T17:25:32.811079+00:00
open_ended_219,google/gemma-2-2b,13,open_ended,2.341,0.990478515625,2026-08-09T17:25:32.811079+00:00
open_ended_219,google/gemma-2-2b,14,open_ended,2.341,0.98828125,2026-08-09T17:25:32.811079+00:00
open_ended_220,google/gemma-2-2b,11,open_ended,3.7544,0.9962158203125,2026-08-09T17:25:32.811079+00:00
open_ended_220,google/gemma-2-2b,12,open_ended,3.7544,0.9970703125,2026-08-09T17:25:32.811079+00:00
open_ended_220,google/gemma-2-2b,13,open_ended,3.7544,0.989990234375,2026-08-09T17:25:32.811079+00:00
open_ended_220,google/gemma-2-2b,14,open_ended,3.7544,0.98443603515625,2026-08-09T17:25:32.811079+00:00
open_ended_221,google/gemma-2-2b,11,open_ended,3.0558,0.9962158203125,2026-08-09T17:25:32.811079+00:00
open_ended_221,google/gemma-2-2b,12,open_ended,3.0558,0.994873046875,2026-08-09T17:25:32.811079+00:00
open_ended_221,google/gemma-2-2b,13,open_ended,3.0558,0.98712158203125,2026-08-09T17:25:32.811079+00:00
open_ended_221,google/gemma-2-2b,14,open_ended,3.0558,0.98040771484375,2026-08-09T17:25:32.811079+00:00
open_ended_222,google/gemma-2-2b,11,open_ended,4.297,0.9949951171875,2026-08-09T17:25:32.811079+00:00
open_ended_222,google/gemma-2-2b,12,open_ended,4.297,0.9952392578125,2026-08-09T17:25:32.811079+00:00
open_ended_222,google/gemma-2-2b,13,open_ended,4.297,0.98944091796875,2026-08-09T17:25:32.811079+00:00
open_ended_222,google/gemma-2-2b,14,open_ended,4.297,0.98004150390625,2026-08-09T17:25:32.811079+00:00
open_ended_223,google/gemma-2-2b,11,open_ended,3.9828,0.99658203125,2026-08-09T17:25:32.811079+00:00
open_ended_223,google/gemma-2-2b,12,open_ended,3.9828,0.99591064453125,2026-08-09T17:25:32.811079+00:00
open_ended_223,google/gemma-2-2b,13,open_ended,3.9828,0.98834228515625,2026-08-09T17:25:32.811079+00:00
open_ended_223,google/gemma-2-2b,14,open_ended,3.9828,0.97747802734375,2026-08-09T17:25:32.811079+00:00
open_ended_224,google/gemma-2-2b,11,open_ended,2.869,0.9954833984375,2026-08-09T17:25:32.811079+00:00
open_ended_224,google/gemma-2-2b,12,open_ended,2.869,0.99493408203125,2026-08-09T17:25:32.811079+00:00
open_ended_224,google/gemma-2-2b,13,open_ended,2.869,0.98712158203125,2026-08-09T17:25:32.811079+00:00
open_ended_224,google/gemma-2-2b,14,open_ended,2.869,0.9840087890625,2026-08-09T17:25:32.811079+00:00
open_ended_225,google/gemma-2-2b,11,open_ended,3.6297,0.99658203125,2026-08-09T17:25:32.811079+00:00
open_ended_225,google/gemma-2-2b,12,open_ended,3.6297,0.9959716796875,2026-08-09T17:25:32.811079+00:00
open_ended_225,google/gemma-2-2b,13,open_ended,3.6297,0.98748779296875,2026-08-09T17:25:32.811079+00:00
open_ended_225,google/gemma-2-2b,14,open_ended,3.6297,0.9793701171875,2026-08-09T17:25:32.811079+00:00
open_ended_226,google/gemma-2-2b,11,open_ended,4.4485,0.99444580078125,2026-08-09T17:25:32.811079+00:00
open_ended_226,google/gemma-2-2b,12,open_ended,4.4485,0.9935302734375,2026-08-09T17:25:32.811079+00:00
open_ended_226,google/gemma-2-2b,13,open_ended,4.4485,0.9888916015625,2026-08-09T17:25:32.811079+00:00
open_ended_226,google/gemma-2-2b,14,open_ended,4.4485,0.9842529296875,2026-08-09T17:25:32.811079+00:00
open_ended_227,google/gemma-2-2b,11,open_ended,4.2513,0.99566650390625,2026-08-09T17:25:32.811079+00:00
open_ended_227,google/gemma-2-2b,12,open_ended,4.2513,0.99517822265625,2026-08-09T17:25:32.811079+00:00
open_ended_227,google/gemma-2-2b,13,open_ended,4.2513,0.98681640625,2026-08-09T17:25:32.811079+00:00
open_ended_227,google/gemma-2-2b,14,open_ended,4.2513,0.97894287109375,2026-08-09T17:25:32.811079+00:00
open_ended_228,google/gemma-2-2b,11,open_ended,2.7428,0.9964599609375,2026-08-09T17:25:32.811079+00:00
open_ended_228,google/gemma-2-2b,12,open_ended,2.7428,0.9957275390625,2026-08-09T17:25:32.811079+00:00
open_ended_228,google/gemma-2-2b,13,open_ended,2.7428,0.9892578125,2026-08-09T17:25:32.811079+00:00
open_ended_228,google/gemma-2-2b,14,open_ended,2.7428,0.984619140625,2026-08-09T17:25:32.811079+00:00
open_ended_229,google/gemma-2-2b,11,open_ended,2.205,0.9962158203125,2026-08-09T17:25:32.811079+00:00
open_ended_229,google/gemma-2-2b,12,open_ended,2.205,0.99609375,2026-08-09T17:25:32.811079+00:00
open_ended_229,google/gemma-2-2b,13,open_ended,2.205,0.9888916015625,2026-08-09T17:25:32.811079+00:00
open_ended_229,google/gemma-2-2b,14,open_ended,2.205,0.98529052734375,2026-08-09T17:25:32.811079+00:00
open_ended_230,google/gemma-2-2b,11,open_ended,1.1678,0.99432373046875,2026-08-09T17:25:32.811079+00:00
open_ended_230,google/gemma-2-2b,12,open_ended,1.1678,0.99310302734375,2026-08-09T17:25:32.811079+00:00
open_ended_230,google/gemma-2-2b,13,open_ended,1.1678,0.98712158203125,2026-08-09T17:25:32.811079+00:00
open_ended_230,google/gemma-2-2b,14,open_ended,1.1678,0.97918701171875,2026-08-09T17:25:32.811079+00:00
open_ended_231,google/gemma-2-2b,11,open_ended,3.778,0.99676513671875,2026-08-09T17:25:32.811079+00:00
open_ended_231,google/gemma-2-2b,12,open_ended,3.778,0.99591064453125,2026-08-09T17:25:32.811079+00:00
open_ended_231,google/gemma-2-2b,13,open_ended,3.778,0.9886474609375,2026-08-09T17:25:32.811079+00:00
open_ended_231,google/gemma-2-2b,14,open_ended,3.778,0.9827880859375,2026-08-09T17:25:32.811079+00:00
open_ended_232,google/gemma-2-2b,11,open_ended,1.2561,0.995361328125,2026-08-09T17:25:32.811079+00:00
open_ended_232,google/gemma-2-2b,12,open_ended,1.2561,0.9952392578125,2026-08-09T17:25:32.811079+00:00
open_ended_232,google/gemma-2-2b,13,open_ended,1.2561,0.9849853515625,2026-08-09T17:25:32.811079+00:00
open_ended_232,google/gemma-2-2b,14,open_ended,1.2561,0.972412109375,2026-08-09T17:25:32.811079+00:00
open_ended_233,google/gemma-2-2b,11,open_ended,4.1094,0.9952392578125,2026-08-09T17:25:32.811079+00:00
open_ended_233,google/gemma-2-2b,12,open_ended,4.1094,0.99420166015625,2026-08-09T17:25:32.811079+00:00
open_ended_233,google/gemma-2-2b,13,open_ended,4.1094,0.98248291015625,2026-08-09T17:25:32.811079+00:00
open_ended_233,google/gemma-2-2b,14,open_ended,4.1094,0.9732666015625,2026-08-09T17:25:32.811079+00:00
open_ended_234,google/gemma-2-2b,11,open_ended,2.442,0.99658203125,2026-08-09T17:25:32.811079+00:00
open_ended_234,google/gemma-2-2b,12,open_ended,2.442,0.99639892578125,2026-08-09T17:25:32.811079+00:00
open_ended_234,google/gemma-2-2b,13,open_ended,2.442,0.98785400390625,2026-08-09T17:25:32.811079+00:00
open_ended_234,google/gemma-2-2b,14,open_ended,2.442,0.98486328125,2026-08-09T17:25:32.811079+00:00
open_ended_235,google/gemma-2-2b,11,open_ended,1.8021,0.9957275390625,2026-08-09T17:25:32.811079+00:00
open_ended_235,google/gemma-2-2b,12,open_ended,1.8021,0.995361328125,2026-08-09T17:25:32.811079+00:00
open_ended_235,google/gemma-2-2b,13,open_ended,1.8021,0.9891357421875,2026-08-09T17:25:32.811079+00:00
open_ended_235,google/gemma-2-2b,14,open_ended,1.8021,0.9862060546875,2026-08-09T17:25:32.811079+00:00
open_ended_236,google/gemma-2-2b,11,open_ended,3.9508,0.99639892578125,2026-08-09T17:25:32.811079+00:00
open_ended_236,google/gemma-2-2b,12,open_ended,3.9508,0.99560546875,2026-08-09T17:25:32.811079+00:00
open_ended_236,google/gemma-2-2b,13,open_ended,3.9508,0.98577880859375,2026-08-09T17:25:32.811079+00:00
open_ended_236,google/gemma-2-2b,14,open_ended,3.9508,0.97650146484375,2026-08-09T17:25:32.811079+00:00
open_ended_237,google/gemma-2-2b,11,open_ended,4.042,0.9942626953125,2026-08-09T17:25:32.811079+00:00
open_ended_237,google/gemma-2-2b,12,open_ended,4.042,0.99322509765625,2026-08-09T17:25:32.811079+00:00
open_ended_237,google/gemma-2-2b,13,open_ended,4.042,0.98907470703125,2026-08-09T17:25:32.811079+00:00
open_ended_237,google/gemma-2-2b,14,open_ended,4.042,0.988037109375,2026-08-09T17:25:32.811079+00:00
open_ended_238,google/gemma-2-2b,11,open_ended,3.706,0.9967041015625,2026-08-09T17:25:32.811079+00:00
open_ended_238,google/gemma-2-2b,12,open_ended,3.706,0.99603271484375,2026-08-09T17:25:32.811079+00:00
open_ended_238,google/gemma-2-2b,13,open_ended,3.706,0.98992919921875,2026-08-09T17:25:32.811079+00:00
open_ended_238,google/gemma-2-2b,14,open_ended,3.706,0.9822998046875,2026-08-09T17:25:32.811079+00:00
open_ended_239,google/gemma-2-2b,11,open_ended,1.9602,0.99481201171875,2026-08-09T17:25:32.811079+00:00
open_ended_239,google/gemma-2-2b,12,open_ended,1.9602,0.99383544921875,2026-08-09T17:25:32.811079+00:00
open_ended_239,google/gemma-2-2b,13,open_ended,1.9602,0.9886474609375,2026-08-09T17:25:32.811079+00:00
open_ended_239,google/gemma-2-2b,14,open_ended,1.9602,0.98748779296875,2026-08-09T17:25:32.811079+00:00
open_ended_240,google/gemma-2-2b,11,open_ended,3.9215,0.9962158203125,2026-08-09T17:25:32.811079+00:00
open_ended_240,google/gemma-2-2b,12,open_ended,3.9215,0.99639892578125,2026-08-09T17:25:32.811079+00:00
open_ended_240,google/gemma-2-2b,13,open_ended,3.9215,0.9892578125,2026-08-09T17:25:32.811079+00:00
open_ended_240,google/gemma-2-2b,14,open_ended,3.9215,0.98016357421875,2026-08-09T17:25:32.811079+00:00
open_ended_241,google/gemma-2-2b,11,open_ended,3.5377,0.99334716796875,2026-08-09T17:25:32.811079+00:00
open_ended_241,google/gemma-2-2b,12,open_ended,3.5377,0.9920654296875,2026-08-09T17:25:32.811079+00:00
open_ended_241,google/gemma-2-2b,13,open_ended,3.5377,0.98809814453125,2026-08-09T17:25:32.811079+00:00
open_ended_241,google/gemma-2-2b,14,open_ended,3.5377,0.98681640625,2026-08-09T17:25:32.811079+00:00
open_ended_242,google/gemma-2-2b,11,open_ended,4.4338,0.9962158203125,2026-08-09T17:25:32.811079+00:00
open_ended_242,google/gemma-2-2b,12,open_ended,4.4338,0.99591064453125,2026-08-09T17:25:32.811079+00:00
open_ended_242,google/gemma-2-2b,13,open_ended,4.4338,0.98736572265625,2026-08-09T17:25:32.811079+00:00
open_ended_242,google/gemma-2-2b,14,open_ended,4.4338,0.9805908203125,2026-08-09T17:25:32.811079+00:00
open_ended_243,google/gemma-2-2b,11,open_ended,3.66,0.99578857421875,2026-08-09T17:25:32.811079+00:00
open_ended_243,google/gemma-2-2b,12,open_ended,3.66,0.99420166015625,2026-08-09T17:25:32.811079+00:00
open_ended_243,google/gemma-2-2b,13,open_ended,3.66,0.98455810546875,2026-08-09T17:25:32.811079+00:00
open_ended_243,google/gemma-2-2b,14,open_ended,3.66,0.9769287109375,2026-08-09T17:25:32.811079+00:00
open_ended_244,google/gemma-2-2b,11,open_ended,2.4648,0.996337890625,2026-08-09T17:25:32.811079+00:00
open_ended_244,google/gemma-2-2b,12,open_ended,2.4648,0.99554443359375,2026-08-09T17:25:32.811079+00:00
open_ended_244,google/gemma-2-2b,13,open_ended,2.4648,0.98822021484375,2026-08-09T17:25:32.811079+00:00
open_ended_244,google/gemma-2-2b,14,open_ended,2.4648,0.9818115234375,2026-08-09T17:25:32.811079+00:00
open_ended_245,google/gemma-2-2b,11,open_ended,3.8898,0.99664306640625,2026-08-09T17:25:32.811079+00:00
open_ended_245,google/gemma-2-2b,12,open_ended,3.8898,0.99627685546875,2026-08-09T17:25:32.811079+00:00
open_ended_245,google/gemma-2-2b,13,open_ended,3.8898,0.9918212890625,2026-08-09T17:25:32.811079+00:00
open_ended_245,google/gemma-2-2b,14,open_ended,3.8898,0.989013671875,2026-08-09T17:25:32.811079+00:00
open_ended_246,google/gemma-2-2b,11,open_ended,3.9793,0.99639892578125,2026-08-09T17:25:32.811079+00:00
open_ended_246,google/gemma-2-2b,12,open_ended,3.9793,0.99517822265625,2026-08-09T17:25:32.811079+00:00
open_ended_246,google/gemma-2-2b,13,open_ended,3.9793,0.9903564453125,2026-08-09T17:25:32.811079+00:00
open_ended_246,google/gemma-2-2b,14,open_ended,3.9793,0.98675537109375,2026-08-09T17:25:32.811079+00:00
open_ended_247,google/gemma-2-2b,11,open_ended,2.535,0.9951171875,2026-08-09T17:25:32.811079+00:00
open_ended_247,google/gemma-2-2b,12,open_ended,2.535,0.99493408203125,2026-08-09T17:25:32.811079+00:00
open_ended_247,google/gemma-2-2b,13,open_ended,2.535,0.985107421875,2026-08-09T17:25:32.811079+00:00
open_ended_247,google/gemma-2-2b,14,open_ended,2.535,0.98284912109375,2026-08-09T17:25:32.811079+00:00
open_ended_248,google/gemma-2-2b,11,open_ended,3.5727,0.99591064453125,2026-08-09T17:25:32.811079+00:00
open_ended_248,google/gemma-2-2b,12,open_ended,3.5727,0.99456787109375,2026-08-09T17:25:32.811079+00:00
open_ended_248,google/gemma-2-2b,13,open_ended,3.5727,0.9849853515625,2026-08-09T17:25:32.811079+00:00
open_ended_248,google/gemma-2-2b,14,open_ended,3.5727,0.9788818359375,2026-08-09T17:25:32.811079+00:00
open_ended_249,google/gemma-2-2b,11,open_ended,3.6317,0.99664306640625,2026-08-09T17:25:32.811079+00:00
open_ended_249,google/gemma-2-2b,12,open_ended,3.6317,0.9967041015625,2026-08-09T17:25:32.811079+00:00
open_ended_249,google/gemma-2-2b,13,open_ended,3.6317,0.9864501953125,2026-08-09T17:25:32.811079+00:00
open_ended_249,google/gemma-2-2b,14,open_ended,3.6317,0.97894287109375,2026-08-09T17:25:32.811079+00:00
open_ended_250,google/gemma-2-2b,11,open_ended,3.1387,0.99371337890625,2026-08-09T17:25:32.811079+00:00
open_ended_250,google/gemma-2-2b,12,open_ended,3.1387,0.992919921875,2026-08-09T17:25:32.811079+00:00
open_ended_250,google/gemma-2-2b,13,open_ended,3.1387,0.987060546875,2026-08-09T17:25:32.811079+00:00
open_ended_250,google/gemma-2-2b,14,open_ended,3.1387,0.981689453125,2026-08-09T17:25:32.811079+00:00
adversarial_ambiguous_051,google/gemma-2-2b,11,adversarial_ambiguous,3.8581,0.995849609375,2026-08-09T17:25:32.811079+00:00
adversarial_ambiguous_051,google/gemma-2-2b,12,adversarial_ambiguous,3.8581,0.99444580078125,2026-08-09T17:25:32.811079+00:00
adversarial_ambiguous_051,google/gemma-2-2b,13,adversarial_ambiguous,3.8581,0.98907470703125,2026-08-09T17:25:32.811079+00:00
adversarial_ambiguous_051,google/gemma-2-2b,14,adversarial_ambiguous,3.8581,0.9854736328125,2026-08-09T17:25:32.811079+00:00
adversarial_ambiguous_052,google/gemma-2-2b,11,adversarial_ambiguous,3.538,0.99151611328125,2026-08-09T17:25:32.811079+00:00
adversarial_ambiguous_052,google/gemma-2-2b,12,adversarial_ambiguous,3.538,0.9888916015625,2026-08-09T17:25:32.811079+00:00
adversarial_ambiguous_052,google/gemma-2-2b,13,adversarial_ambiguous,3.538,0.982421875,2026-08-09T17:25:32.811079+00:00
adversarial_ambiguous_052,google/gemma-2-2b,14,adversarial_ambiguous,3.538,0.98150634765625,2026-08-09T17:25:32.811079+00:00
adversarial_ambiguous_053,google/gemma-2-2b,11,adversarial_ambiguous,3.8576,0.994140625,2026-08-09T17:25:32.811079+00:00
adversarial_ambiguous_053,google/gemma-2-2b,12,adversarial_ambiguous,3.8576,0.99395751953125,2026-08-09T17:25:32.811079+00:00
adversarial_ambiguous_053,google/gemma-2-2b,13,adversarial_ambiguous,3.8576,0.98883056640625,2026-08-09T17:25:32.811079+00:00
adversarial_ambiguous_053,google/gemma-2-2b,14,adversarial_ambiguous,3.8576,0.9874267578125,2026-08-09T17:25:32.811079+00:00
adversarial_ambiguous_054,google/gemma-2-2b,11,adversarial_ambiguous,3.2197,0.99627685546875,2026-08-09T17:25:32.811079+00:00
adversarial_ambiguous_054,google/gemma-2-2b,12,adversarial_ambiguous,3.2197,0.99560546875,2026-08-09T17:25:32.811079+00:00
adversarial_ambiguous_054,google/gemma-2-2b,13,adversarial_ambiguous,3.2197,0.99041748046875,2026-08-09T17:25:32.811079+00:00
adversarial_ambiguous_054,google/gemma-2-2b,14,adversarial_ambiguous,3.2197,0.98870849609375,2026-08-09T17:25:32.811079+00:00
adversarial_ambiguous_055,google/gemma-2-2b,11,adversarial_ambiguous,2.5746,0.995361328125,2026-08-09T17:25:32.811079+00:00
adversarial_ambiguous_055,google/gemma-2-2b,12,adversarial_ambiguous,2.5746,0.9945068359375,2026-08-09T17:25:32.811079+00:00
adversarial_ambiguous_055,google/gemma-2-2b,13,adversarial_ambiguous,2.5746,0.98602294921875,2026-08-09T17:25:32.811079+00:00
adversarial_ambiguous_055,google/gemma-2-2b,14,adversarial_ambiguous,2.5746,0.98309326171875,2026-08-09T17:25:32.811079+00:00
adversarial_ambiguous_056,google/gemma-2-2b,11,adversarial_ambiguous,2.2362,0.99530029296875,2026-08-09T17:25:32.811079+00:00
adversarial_ambiguous_056,google/gemma-2-2b,12,adversarial_ambiguous,2.2362,0.9957275390625,2026-08-09T17:25:32.811079+00:00
adversarial_ambiguous_056,google/gemma-2-2b,13,adversarial_ambiguous,2.2362,0.98809814453125,2026-08-09T17:25:32.811079+00:00
adversarial_ambiguous_056,google/gemma-2-2b,14,adversarial_ambiguous,2.2362,0.98516845703125,2026-08-09T17:25:32.811079+00:00
adversarial_ambiguous_057,google/gemma-2-2b,11,adversarial_ambiguous,2.2371,0.9962158203125,2026-08-09T17:25:32.811079+00:00
adversarial_ambiguous_057,google/gemma-2-2b,12,adversarial_ambiguous,2.2371,0.99542236328125,2026-08-09T17:25:32.811079+00:00
adversarial_ambiguous_057,google/gemma-2-2b,13,adversarial_ambiguous,2.2371,0.98992919921875,2026-08-09T17:25:32.811079+00:00
adversarial_ambiguous_057,google/gemma-2-2b,14,adversarial_ambiguous,2.2371,0.9881591796875,2026-08-09T17:25:32.811079+00:00
adversarial_ambiguous_058,google/gemma-2-2b,11,adversarial_ambiguous,4.6623,0.99664306640625,2026-08-09T17:25:32.811079+00:00
adversarial_ambiguous_058,google/gemma-2-2b,12,adversarial_ambiguous,4.6623,0.995361328125,2026-08-09T17:25:32.811079+00:00
adversarial_ambiguous_058,google/gemma-2-2b,13,adversarial_ambiguous,4.6623,0.9906005859375,2026-08-09T17:25:32.811079+00:00
adversarial_ambiguous_058,google/gemma-2-2b,14,adversarial_ambiguous,4.6623,0.98590087890625,2026-08-09T17:25:32.811079+00:00
adversarial_ambiguous_059,google/gemma-2-2b,11,adversarial_ambiguous,3.6761,0.9959716796875,2026-08-09T17:25:32.811079+00:00
adversarial_ambiguous_059,google/gemma-2-2b,12,adversarial_ambiguous,3.6761,0.995361328125,2026-08-09T17:25:32.811079+00:00
adversarial_ambiguous_059,google/gemma-2-2b,13,adversarial_ambiguous,3.6761,0.9876708984375,2026-08-09T17:25:32.811079+00:00
adversarial_ambiguous_059,google/gemma-2-2b,14,adversarial_ambiguous,3.6761,0.98626708984375,2026-08-09T17:25:32.811079+00:00
adversarial_ambiguous_060,google/gemma-2-2b,11,adversarial_ambiguous,2.7506,0.99407958984375,2026-08-09T17:25:32.811079+00:00
adversarial_ambiguous_060,google/gemma-2-2b,12,adversarial_ambiguous,2.7506,0.99273681640625,2026-08-09T17:25:32.811079+00:00
adversarial_ambiguous_060,google/gemma-2-2b,13,adversarial_ambiguous,2.7506,0.9852294921875,2026-08-09T17:25:32.811079+00:00
adversarial_ambiguous_060,google/gemma-2-2b,14,adversarial_ambiguous,2.7506,0.98077392578125,2026-08-09T17:25:32.811079+00:00
adversarial_ambiguous_061,google/gemma-2-2b,11,adversarial_ambiguous,4.8839,0.9945068359375,2026-08-09T17:25:32.811079+00:00
adversarial_ambiguous_061,google/gemma-2-2b,12,adversarial_ambiguous,4.8839,0.99432373046875,2026-08-09T17:25:32.811079+00:00
adversarial_ambiguous_061,google/gemma-2-2b,13,adversarial_ambiguous,4.8839,0.9876708984375,2026-08-09T17:25:32.811079+00:00
adversarial_ambiguous_061,google/gemma-2-2b,14,adversarial_ambiguous,4.8839,0.9818115234375,2026-08-09T17:25:32.811079+00:00
adversarial_ambiguous_062,google/gemma-2-2b,11,adversarial_ambiguous,2.3265,0.99560546875,2026-08-09T17:25:32.811079+00:00
adversarial_ambiguous_062,google/gemma-2-2b,12,adversarial_ambiguous,2.3265,0.99505615234375,2026-08-09T17:25:32.811079+00:00
adversarial_ambiguous_062,google/gemma-2-2b,13,adversarial_ambiguous,2.3265,0.98919677734375,2026-08-09T17:25:32.811079+00:00
adversarial_ambiguous_062,google/gemma-2-2b,14,adversarial_ambiguous,2.3265,0.9835205078125,2026-08-09T17:25:32.811079+00:00
adversarial_ambiguous_063,google/gemma-2-2b,11,adversarial_ambiguous,2.5748,0.995361328125,2026-08-09T17:25:32.811079+00:00
adversarial_ambiguous_063,google/gemma-2-2b,12,adversarial_ambiguous,2.5748,0.99468994140625,2026-08-09T17:25:32.811079+00:00
adversarial_ambiguous_063,google/gemma-2-2b,13,adversarial_ambiguous,2.5748,0.98590087890625,2026-08-09T17:25:32.811079+00:00
adversarial_ambiguous_063,google/gemma-2-2b,14,adversarial_ambiguous,2.5748,0.98065185546875,2026-08-09T17:25:32.811079+00:00
adversarial_ambiguous_064,google/gemma-2-2b,11,adversarial_ambiguous,3.9497,0.99420166015625,2026-08-09T17:25:32.811079+00:00
adversarial_ambiguous_064,google/gemma-2-2b,12,adversarial_ambiguous,3.9497,0.99432373046875,2026-08-09T17:25:32.811079+00:00
adversarial_ambiguous_064,google/gemma-2-2b,13,adversarial_ambiguous,3.9497,0.98321533203125,2026-08-09T17:25:32.811079+00:00
adversarial_ambiguous_064,google/gemma-2-2b,14,adversarial_ambiguous,3.9497,0.976318359375,2026-08-09T17:25:32.811079+00:00
adversarial_ambiguous_065,google/gemma-2-2b,11,adversarial_ambiguous,4.3131,0.99542236328125,2026-08-09T17:25:32.811079+00:00
adversarial_ambiguous_065,google/gemma-2-2b,12,adversarial_ambiguous,4.3131,0.995849609375,2026-08-09T17:25:32.811079+00:00
adversarial_ambiguous_065,google/gemma-2-2b,13,adversarial_ambiguous,4.3131,0.98846435546875,2026-08-09T17:25:32.811079+00:00
adversarial_ambiguous_065,google/gemma-2-2b,14,adversarial_ambiguous,4.3131,0.98321533203125,2026-08-09T17:25:32.811079+00:00
adversarial_ambiguous_066,google/gemma-2-2b,11,adversarial_ambiguous,3.6353,0.994384765625,2026-08-09T17:25:32.811079+00:00
adversarial_ambiguous_066,google/gemma-2-2b,12,adversarial_ambiguous,3.6353,0.9935302734375,2026-08-09T17:25:32.811079+00:00
adversarial_ambiguous_066,google/gemma-2-2b,13,adversarial_ambiguous,3.6353,0.98760986328125,2026-08-09T17:25:32.811079+00:00
adversarial_ambiguous_066,google/gemma-2-2b,14,adversarial_ambiguous,3.6353,0.9864501953125,2026-08-09T17:25:32.811079+00:00
adversarial_ambiguous_067,google/gemma-2-2b,11,adversarial_ambiguous,0.1966,0.99383544921875,2026-08-09T17:25:32.811079+00:00
adversarial_ambiguous_067,google/gemma-2-2b,12,adversarial_ambiguous,0.1966,0.99212646484375,2026-08-09T17:25:32.811079+00:00
adversarial_ambiguous_067,google/gemma-2-2b,13,adversarial_ambiguous,0.1966,0.982421875,2026-08-09T17:25:32.811079+00:00
adversarial_ambiguous_067,google/gemma-2-2b,14,adversarial_ambiguous,0.1966,0.98040771484375,2026-08-09T17:25:32.811079+00:00
adversarial_ambiguous_068,google/gemma-2-2b,11,adversarial_ambiguous,4.4191,0.9940185546875,2026-08-09T17:25:32.811079+00:00
adversarial_ambiguous_068,google/gemma-2-2b,12,adversarial_ambiguous,4.4191,0.99456787109375,2026-08-09T17:25:32.811079+00:00
adversarial_ambiguous_068,google/gemma-2-2b,13,adversarial_ambiguous,4.4191,0.9886474609375,2026-08-09T17:25:32.811079+00:00
adversarial_ambiguous_068,google/gemma-2-2b,14,adversarial_ambiguous,4.4191,0.9847412109375,2026-08-09T17:25:32.811079+00:00
adversarial_ambiguous_069,google/gemma-2-2b,11,adversarial_ambiguous,2.5745,0.995361328125,2026-08-09T17:25:32.811079+00:00
adversarial_ambiguous_069,google/gemma-2-2b,12,adversarial_ambiguous,2.5745,0.99505615234375,2026-08-09T17:25:32.811079+00:00
adversarial_ambiguous_069,google/gemma-2-2b,13,adversarial_ambiguous,2.5745,0.986328125,2026-08-09T17:25:32.811079+00:00
adversarial_ambiguous_069,google/gemma-2-2b,14,adversarial_ambiguous,2.5745,0.983642578125,2026-08-09T17:25:32.811079+00:00
adversarial_ambiguous_070,google/gemma-2-2b,11,adversarial_ambiguous,4.159,0.99542236328125,2026-08-09T17:25:32.811079+00:00
adversarial_ambiguous_070,google/gemma-2-2b,12,adversarial_ambiguous,4.159,0.9951171875,2026-08-09T17:25:32.811079+00:00
adversarial_ambiguous_070,google/gemma-2-2b,13,adversarial_ambiguous,4.159,0.98907470703125,2026-08-09T17:25:32.811079+00:00
adversarial_ambiguous_070,google/gemma-2-2b,14,adversarial_ambiguous,4.159,0.9871826171875,2026-08-09T17:25:32.811079+00:00
adversarial_ambiguous_071,google/gemma-2-2b,11,adversarial_ambiguous,2.2819,0.9947509765625,2026-08-09T17:25:32.811079+00:00
adversarial_ambiguous_071,google/gemma-2-2b,12,adversarial_ambiguous,2.2819,0.9952392578125,2026-08-09T17:25:32.811079+00:00
adversarial_ambiguous_071,google/gemma-2-2b,13,adversarial_ambiguous,2.2819,0.9881591796875,2026-08-09T17:25:32.811079+00:00
adversarial_ambiguous_071,google/gemma-2-2b,14,adversarial_ambiguous,2.2819,0.9835205078125,2026-08-09T17:25:32.811079+00:00
adversarial_ambiguous_072,google/gemma-2-2b,11,adversarial_ambiguous,3.2186,0.99517822265625,2026-08-09T17:25:32.811079+00:00
adversarial_ambiguous_072,google/gemma-2-2b,12,adversarial_ambiguous,3.2186,0.99493408203125,2026-08-09T17:25:32.811079+00:00
adversarial_ambiguous_072,google/gemma-2-2b,13,adversarial_ambiguous,3.2186,0.98870849609375,2026-08-09T17:25:32.811079+00:00
adversarial_ambiguous_072,google/gemma-2-2b,14,adversarial_ambiguous,3.2186,0.98681640625,2026-08-09T17:25:32.811079+00:00
adversarial_ambiguous_073,google/gemma-2-2b,11,adversarial_ambiguous,2.8956,0.99566650390625,2026-08-09T17:25:32.811079+00:00
adversarial_ambiguous_073,google/gemma-2-2b,12,adversarial_ambiguous,2.8956,0.9957275390625,2026-08-09T17:25:32.811079+00:00
adversarial_ambiguous_073,google/gemma-2-2b,13,adversarial_ambiguous,2.8956,0.9871826171875,2026-08-09T17:25:32.811079+00:00
adversarial_ambiguous_073,google/gemma-2-2b,14,adversarial_ambiguous,2.8956,0.97998046875,2026-08-09T17:25:32.811079+00:00
adversarial_ambiguous_074,google/gemma-2-2b,11,adversarial_ambiguous,4.189,0.99517822265625,2026-08-09T17:25:32.811079+00:00
adversarial_ambiguous_074,google/gemma-2-2b,12,adversarial_ambiguous,4.189,0.99456787109375,2026-08-09T17:25:32.811079+00:00
adversarial_ambiguous_074,google/gemma-2-2b,13,adversarial_ambiguous,4.189,0.98638916015625,2026-08-09T17:25:32.811079+00:00
adversarial_ambiguous_074,google/gemma-2-2b,14,adversarial_ambiguous,4.189,0.9815673828125,2026-08-09T17:25:32.811079+00:00
adversarial_ambiguous_075,google/gemma-2-2b,11,adversarial_ambiguous,4.3275,0.994873046875,2026-08-09T17:25:32.811079+00:00
adversarial_ambiguous_075,google/gemma-2-2b,12,adversarial_ambiguous,4.3275,0.99493408203125,2026-08-09T17:25:32.811079+00:00
adversarial_ambiguous_075,google/gemma-2-2b,13,adversarial_ambiguous,4.3275,0.987548828125,2026-08-09T17:25:32.811079+00:00
adversarial_ambiguous_075,google/gemma-2-2b,14,adversarial_ambiguous,4.3275,0.9849853515625,2026-08-09T17:25:32.811079+00:00
adversarial_ambiguous_076,google/gemma-2-2b,11,adversarial_ambiguous,1.9017,0.9947509765625,2026-08-09T17:25:32.811079+00:00
adversarial_ambiguous_076,google/gemma-2-2b,12,adversarial_ambiguous,1.9017,0.99395751953125,2026-08-09T17:25:32.811079+00:00
adversarial_ambiguous_076,google/gemma-2-2b,13,adversarial_ambiguous,1.9017,0.98455810546875,2026-08-09T17:25:32.811079+00:00
adversarial_ambiguous_076,google/gemma-2-2b,14,adversarial_ambiguous,1.9017,0.97503662109375,2026-08-09T17:25:32.811079+00:00
adversarial_ambiguous_077,google/gemma-2-2b,11,adversarial_ambiguous,4.0217,0.993896484375,2026-08-09T17:25:32.811079+00:00
adversarial_ambiguous_077,google/gemma-2-2b,12,adversarial_ambiguous,4.0217,0.9932861328125,2026-08-09T17:25:32.811079+00:00
adversarial_ambiguous_077,google/gemma-2-2b,13,adversarial_ambiguous,4.0217,0.98773193359375,2026-08-09T17:25:32.811079+00:00
adversarial_ambiguous_077,google/gemma-2-2b,14,adversarial_ambiguous,4.0217,0.9859619140625,2026-08-09T17:25:32.811079+00:00
adversarial_ambiguous_078,google/gemma-2-2b,11,adversarial_ambiguous,2.7045,0.99383544921875,2026-08-09T17:25:32.811079+00:00
adversarial_ambiguous_078,google/gemma-2-2b,12,adversarial_ambiguous,2.7045,0.99322509765625,2026-08-09T17:25:32.811079+00:00
adversarial_ambiguous_078,google/gemma-2-2b,13,adversarial_ambiguous,2.7045,0.98577880859375,2026-08-09T17:25:32.811079+00:00
adversarial_ambiguous_078,google/gemma-2-2b,14,adversarial_ambiguous,2.7045,0.98211669921875,2026-08-09T17:25:32.811079+00:00
adversarial_ambiguous_079,google/gemma-2-2b,11,adversarial_ambiguous,3.5859,0.994873046875,2026-08-09T17:25:32.811079+00:00
adversarial_ambiguous_079,google/gemma-2-2b,12,adversarial_ambiguous,3.5859,0.99346923828125,2026-08-09T17:25:32.811079+00:00
adversarial_ambiguous_079,google/gemma-2-2b,13,adversarial_ambiguous,3.5859,0.98846435546875,2026-08-09T17:25:32.811079+00:00
adversarial_ambiguous_079,google/gemma-2-2b,14,adversarial_ambiguous,3.5859,0.98199462890625,2026-08-09T17:25:32.811079+00:00
adversarial_ambiguous_080,google/gemma-2-2b,11,adversarial_ambiguous,1.3907,0.99359130859375,2026-08-09T17:25:32.811079+00:00
adversarial_ambiguous_080,google/gemma-2-2b,12,adversarial_ambiguous,1.3907,0.9940185546875,2026-08-09T17:25:32.811079+00:00
adversarial_ambiguous_080,google/gemma-2-2b,13,adversarial_ambiguous,1.3907,0.9879150390625,2026-08-09T17:25:32.811079+00:00
adversarial_ambiguous_080,google/gemma-2-2b,14,adversarial_ambiguous,1.3907,0.98468017578125,2026-08-09T17:25:32.811079+00:00
adversarial_ambiguous_081,google/gemma-2-2b,11,adversarial_ambiguous,3.104,0.99200439453125,2026-08-09T17:25:32.811079+00:00
adversarial_ambiguous_081,google/gemma-2-2b,12,adversarial_ambiguous,3.104,0.9903564453125,2026-08-09T17:25:32.811079+00:00
adversarial_ambiguous_081,google/gemma-2-2b,13,adversarial_ambiguous,3.104,0.9842529296875,2026-08-09T17:25:32.811079+00:00
adversarial_ambiguous_081,google/gemma-2-2b,14,adversarial_ambiguous,3.104,0.9830322265625,2026-08-09T17:25:32.811079+00:00
adversarial_ambiguous_082,google/gemma-2-2b,11,adversarial_ambiguous,4.5186,0.99530029296875,2026-08-09T17:25:32.811079+00:00
adversarial_ambiguous_082,google/gemma-2-2b,12,adversarial_ambiguous,4.5186,0.99560546875,2026-08-09T17:25:32.811079+00:00
adversarial_ambiguous_082,google/gemma-2-2b,13,adversarial_ambiguous,4.5186,0.98980712890625,2026-08-09T17:25:32.811079+00:00
adversarial_ambiguous_082,google/gemma-2-2b,14,adversarial_ambiguous,4.5186,0.98712158203125,2026-08-09T17:25:32.811079+00:00
adversarial_ambiguous_083,google/gemma-2-2b,11,adversarial_ambiguous,4.578,0.993408203125,2026-08-09T17:25:32.811079+00:00
adversarial_ambiguous_083,google/gemma-2-2b,12,adversarial_ambiguous,4.578,0.9935302734375,2026-08-09T17:25:32.811079+00:00
adversarial_ambiguous_083,google/gemma-2-2b,13,adversarial_ambiguous,4.578,0.98712158203125,2026-08-09T17:25:32.811079+00:00
adversarial_ambiguous_083,google/gemma-2-2b,14,adversarial_ambiguous,4.578,0.984130859375,2026-08-09T17:25:32.811079+00:00
adversarial_ambiguous_084,google/gemma-2-2b,11,adversarial_ambiguous,3.4238,0.9940185546875,2026-08-09T17:25:32.811079+00:00
adversarial_ambiguous_084,google/gemma-2-2b,12,adversarial_ambiguous,3.4238,0.9947509765625,2026-08-09T17:25:32.811079+00:00
adversarial_ambiguous_084,google/gemma-2-2b,13,adversarial_ambiguous,3.4238,0.9876708984375,2026-08-09T17:25:32.811079+00:00
adversarial_ambiguous_084,google/gemma-2-2b,14,adversarial_ambiguous,3.4238,0.9818115234375,2026-08-09T17:25:32.811079+00:00
adversarial_ambiguous_085,google/gemma-2-2b,11,adversarial_ambiguous,4.3497,0.9945068359375,2026-08-09T17:25:32.811079+00:00
adversarial_ambiguous_085,google/gemma-2-2b,12,adversarial_ambiguous,4.3497,0.99444580078125,2026-08-09T17:25:32.811079+00:00
adversarial_ambiguous_085,google/gemma-2-2b,13,adversarial_ambiguous,4.3497,0.98980712890625,2026-08-09T17:25:32.811079+00:00
adversarial_ambiguous_085,google/gemma-2-2b,14,adversarial_ambiguous,4.3497,0.98712158203125,2026-08-09T17:25:32.811079+00:00
adversarial_ambiguous_086,google/gemma-2-2b,11,adversarial_ambiguous,2.5666,0.99359130859375,2026-08-09T17:25:32.811079+00:00
adversarial_ambiguous_086,google/gemma-2-2b,12,adversarial_ambiguous,2.5666,0.99261474609375,2026-08-09T17:25:32.811079+00:00
adversarial_ambiguous_086,google/gemma-2-2b,13,adversarial_ambiguous,2.5666,0.98681640625,2026-08-09T17:25:32.811079+00:00
adversarial_ambiguous_086,google/gemma-2-2b,14,adversarial_ambiguous,2.5666,0.98321533203125,2026-08-09T17:25:32.811079+00:00
adversarial_ambiguous_087,google/gemma-2-2b,11,adversarial_ambiguous,4.0473,0.9940185546875,2026-08-09T17:25:32.811079+00:00
adversarial_ambiguous_087,google/gemma-2-2b,12,adversarial_ambiguous,4.0473,0.9937744140625,2026-08-09T17:25:32.811079+00:00
adversarial_ambiguous_087,google/gemma-2-2b,13,adversarial_ambiguous,4.0473,0.98553466796875,2026-08-09T17:25:32.811079+00:00
adversarial_ambiguous_087,google/gemma-2-2b,14,adversarial_ambiguous,4.0473,0.9847412109375,2026-08-09T17:25:32.811079+00:00
adversarial_ambiguous_088,google/gemma-2-2b,11,adversarial_ambiguous,3.6583,0.99566650390625,2026-08-09T17:25:32.811079+00:00
adversarial_ambiguous_088,google/gemma-2-2b,12,adversarial_ambiguous,3.6583,0.9949951171875,2026-08-09T17:25:32.811079+00:00
adversarial_ambiguous_088,google/gemma-2-2b,13,adversarial_ambiguous,3.6583,0.9884033203125,2026-08-09T17:25:32.811079+00:00
adversarial_ambiguous_088,google/gemma-2-2b,14,adversarial_ambiguous,3.6583,0.986083984375,2026-08-09T17:25:32.811079+00:00
adversarial_ambiguous_089,google/gemma-2-2b,11,adversarial_ambiguous,3.5145,0.9925537109375,2026-08-09T17:25:32.811079+00:00
adversarial_ambiguous_089,google/gemma-2-2b,12,adversarial_ambiguous,3.5145,0.99298095703125,2026-08-09T17:25:32.811079+00:00
adversarial_ambiguous_089,google/gemma-2-2b,13,adversarial_ambiguous,3.5145,0.9852294921875,2026-08-09T17:25:32.811079+00:00
adversarial_ambiguous_089,google/gemma-2-2b,14,adversarial_ambiguous,3.5145,0.98760986328125,2026-08-09T17:25:32.811079+00:00
adversarial_ambiguous_090,google/gemma-2-2b,11,adversarial_ambiguous,4.5839,0.9951171875,2026-08-09T17:25:32.811079+00:00
adversarial_ambiguous_090,google/gemma-2-2b,12,adversarial_ambiguous,4.5839,0.99407958984375,2026-08-09T17:25:32.811079+00:00
adversarial_ambiguous_090,google/gemma-2-2b,13,adversarial_ambiguous,4.5839,0.9871826171875,2026-08-09T17:25:32.811079+00:00
adversarial_ambiguous_090,google/gemma-2-2b,14,adversarial_ambiguous,4.5839,0.9815673828125,2026-08-09T17:25:32.811079+00:00
adversarial_ambiguous_091,google/gemma-2-2b,11,adversarial_ambiguous,3.3544,0.99462890625,2026-08-09T17:25:32.811079+00:00
adversarial_ambiguous_091,google/gemma-2-2b,12,adversarial_ambiguous,3.3544,0.99505615234375,2026-08-09T17:25:32.811079+00:00
adversarial_ambiguous_091,google/gemma-2-2b,13,adversarial_ambiguous,3.3544,0.989501953125,2026-08-09T17:25:32.811079+00:00
adversarial_ambiguous_091,google/gemma-2-2b,14,adversarial_ambiguous,3.3544,0.98577880859375,2026-08-09T17:25:32.811079+00:00
adversarial_ambiguous_092,google/gemma-2-2b,11,adversarial_ambiguous,2.3781,0.99456787109375,2026-08-09T17:25:32.811079+00:00
adversarial_ambiguous_092,google/gemma-2-2b,12,adversarial_ambiguous,2.3781,0.9931640625,2026-08-09T17:25:32.811079+00:00
adversarial_ambiguous_092,google/gemma-2-2b,13,adversarial_ambiguous,2.3781,0.98895263671875,2026-08-09T17:25:32.811079+00:00
adversarial_ambiguous_092,google/gemma-2-2b,14,adversarial_ambiguous,2.3781,0.98565673828125,2026-08-09T17:25:32.811079+00:00
adversarial_ambiguous_093,google/gemma-2-2b,11,adversarial_ambiguous,4.4812,0.99542236328125,2026-08-09T17:25:32.811079+00:00
adversarial_ambiguous_093,google/gemma-2-2b,12,adversarial_ambiguous,4.4812,0.9945068359375,2026-08-09T17:25:32.811079+00:00
adversarial_ambiguous_093,google/gemma-2-2b,13,adversarial_ambiguous,4.4812,0.98974609375,2026-08-09T17:25:32.811079+00:00
adversarial_ambiguous_093,google/gemma-2-2b,14,adversarial_ambiguous,4.4812,0.988525390625,2026-08-09T17:25:32.811079+00:00
adversarial_ambiguous_094,google/gemma-2-2b,11,adversarial_ambiguous,4.1002,0.995849609375,2026-08-09T17:25:32.811079+00:00
adversarial_ambiguous_094,google/gemma-2-2b,12,adversarial_ambiguous,4.1002,0.99615478515625,2026-08-09T17:25:32.811079+00:00
adversarial_ambiguous_094,google/gemma-2-2b,13,adversarial_ambiguous,4.1002,0.98797607421875,2026-08-09T17:25:32.811079+00:00
adversarial_ambiguous_094,google/gemma-2-2b,14,adversarial_ambiguous,4.1002,0.981201171875,2026-08-09T17:25:32.811079+00:00
adversarial_ambiguous_095,google/gemma-2-2b,11,adversarial_ambiguous,3.6567,0.99505615234375,2026-08-09T17:25:32.811079+00:00
adversarial_ambiguous_095,google/gemma-2-2b,12,adversarial_ambiguous,3.6567,0.9947509765625,2026-08-09T17:25:32.811079+00:00
adversarial_ambiguous_095,google/gemma-2-2b,13,adversarial_ambiguous,3.6567,0.98895263671875,2026-08-09T17:25:32.811079+00:00
adversarial_ambiguous_095,google/gemma-2-2b,14,adversarial_ambiguous,3.6567,0.98724365234375,2026-08-09T17:25:32.811079+00:00
adversarial_ambiguous_096,google/gemma-2-2b,11,adversarial_ambiguous,1.8427,0.9932861328125,2026-08-09T17:25:32.811079+00:00
adversarial_ambiguous_096,google/gemma-2-2b,12,adversarial_ambiguous,1.8427,0.99334716796875,2026-08-09T17:25:32.811079+00:00
adversarial_ambiguous_096,google/gemma-2-2b,13,adversarial_ambiguous,1.8427,0.984130859375,2026-08-09T17:25:32.811079+00:00
adversarial_ambiguous_096,google/gemma-2-2b,14,adversarial_ambiguous,1.8427,0.98052978515625,2026-08-09T17:25:32.811079+00:00
adversarial_ambiguous_097,google/gemma-2-2b,11,adversarial_ambiguous,3.8687,0.9947509765625,2026-08-09T17:25:32.811079+00:00
adversarial_ambiguous_097,google/gemma-2-2b,12,adversarial_ambiguous,3.8687,0.99468994140625,2026-08-09T17:25:32.811079+00:00
adversarial_ambiguous_097,google/gemma-2-2b,13,adversarial_ambiguous,3.8687,0.98297119140625,2026-08-09T17:25:32.811079+00:00
adversarial_ambiguous_097,google/gemma-2-2b,14,adversarial_ambiguous,3.8687,0.97882080078125,2026-08-09T17:25:32.811079+00:00
adversarial_ambiguous_098,google/gemma-2-2b,11,adversarial_ambiguous,4.0945,0.99713134765625,2026-08-09T17:25:32.811079+00:00
adversarial_ambiguous_098,google/gemma-2-2b,12,adversarial_ambiguous,4.0945,0.99664306640625,2026-08-09T17:25:32.811079+00:00
adversarial_ambiguous_098,google/gemma-2-2b,13,adversarial_ambiguous,4.0945,0.99267578125,2026-08-09T17:25:32.811079+00:00
adversarial_ambiguous_098,google/gemma-2-2b,14,adversarial_ambiguous,4.0945,0.9896240234375,2026-08-09T17:25:32.811079+00:00
adversarial_ambiguous_099,google/gemma-2-2b,11,adversarial_ambiguous,4.2633,0.9931640625,2026-08-09T17:25:32.811079+00:00
adversarial_ambiguous_099,google/gemma-2-2b,12,adversarial_ambiguous,4.2633,0.9935302734375,2026-08-09T17:25:32.811079+00:00
adversarial_ambiguous_099,google/gemma-2-2b,13,adversarial_ambiguous,4.2633,0.98907470703125,2026-08-09T17:25:32.811079+00:00
adversarial_ambiguous_099,google/gemma-2-2b,14,adversarial_ambiguous,4.2633,0.9862060546875,2026-08-09T17:25:32.811079+00:00
adversarial_ambiguous_100,google/gemma-2-2b,11,adversarial_ambiguous,4.2493,0.99542236328125,2026-08-09T17:25:32.811079+00:00
adversarial_ambiguous_100,google/gemma-2-2b,12,adversarial_ambiguous,4.2493,0.99530029296875,2026-08-09T17:25:32.811079+00:00
adversarial_ambiguous_100,google/gemma-2-2b,13,adversarial_ambiguous,4.2493,0.98876953125,2026-08-09T17:25:32.811079+00:00
adversarial_ambiguous_100,google/gemma-2-2b,14,adversarial_ambiguous,4.2493,0.98406982421875,2026-08-09T17:25:32.811079+00:00
adversarial_ambiguous_101,google/gemma-2-2b,11,adversarial_ambiguous,4.4009,0.99530029296875,2026-08-09T17:25:32.811079+00:00
adversarial_ambiguous_101,google/gemma-2-2b,12,adversarial_ambiguous,4.4009,0.9945068359375,2026-08-09T17:25:32.811079+00:00
adversarial_ambiguous_101,google/gemma-2-2b,13,adversarial_ambiguous,4.4009,0.98858642578125,2026-08-09T17:25:32.811079+00:00
adversarial_ambiguous_101,google/gemma-2-2b,14,adversarial_ambiguous,4.4009,0.98419189453125,2026-08-09T17:25:32.811079+00:00
adversarial_ambiguous_102,google/gemma-2-2b,11,adversarial_ambiguous,3.682,0.9925537109375,2026-08-09T17:25:32.811079+00:00
adversarial_ambiguous_102,google/gemma-2-2b,12,adversarial_ambiguous,3.682,0.9898681640625,2026-08-09T17:25:32.811079+00:00
adversarial_ambiguous_102,google/gemma-2-2b,13,adversarial_ambiguous,3.682,0.98388671875,2026-08-09T17:25:32.811079+00:00
adversarial_ambiguous_102,google/gemma-2-2b,14,adversarial_ambiguous,3.682,0.98272705078125,2026-08-09T17:25:32.811079+00:00
adversarial_ambiguous_103,google/gemma-2-2b,11,adversarial_ambiguous,4.2916,0.99383544921875,2026-08-09T17:25:32.811079+00:00
adversarial_ambiguous_103,google/gemma-2-2b,12,adversarial_ambiguous,4.2916,0.99407958984375,2026-08-09T17:25:32.811079+00:00
adversarial_ambiguous_103,google/gemma-2-2b,13,adversarial_ambiguous,4.2916,0.98895263671875,2026-08-09T17:25:32.811079+00:00
adversarial_ambiguous_103,google/gemma-2-2b,14,adversarial_ambiguous,4.2916,0.9854736328125,2026-08-09T17:25:32.811079+00:00
adversarial_ambiguous_104,google/gemma-2-2b,11,adversarial_ambiguous,3.4184,0.99591064453125,2026-08-09T17:25:32.811079+00:00
adversarial_ambiguous_104,google/gemma-2-2b,12,adversarial_ambiguous,3.4184,0.9951171875,2026-08-09T17:25:32.811079+00:00
adversarial_ambiguous_104,google/gemma-2-2b,13,adversarial_ambiguous,3.4184,0.9903564453125,2026-08-09T17:25:32.811079+00:00
adversarial_ambiguous_104,google/gemma-2-2b,14,adversarial_ambiguous,3.4184,0.9873046875,2026-08-09T17:25:32.811079+00:00
adversarial_ambiguous_105,google/gemma-2-2b,11,adversarial_ambiguous,3.1011,0.99530029296875,2026-08-09T17:25:32.811079+00:00
adversarial_ambiguous_105,google/gemma-2-2b,12,adversarial_ambiguous,3.1011,0.99407958984375,2026-08-09T17:25:32.811079+00:00
adversarial_ambiguous_105,google/gemma-2-2b,13,adversarial_ambiguous,3.1011,0.98626708984375,2026-08-09T17:25:32.811079+00:00
adversarial_ambiguous_105,google/gemma-2-2b,14,adversarial_ambiguous,3.1011,0.97998046875,2026-08-09T17:25:32.811079+00:00
adversarial_ambiguous_106,google/gemma-2-2b,11,adversarial_ambiguous,2.5781,0.99456787109375,2026-08-09T17:25:32.811079+00:00
adversarial_ambiguous_106,google/gemma-2-2b,12,adversarial_ambiguous,2.5781,0.99530029296875,2026-08-09T17:25:32.811079+00:00
adversarial_ambiguous_106,google/gemma-2-2b,13,adversarial_ambiguous,2.5781,0.9891357421875,2026-08-09T17:25:32.811079+00:00
adversarial_ambiguous_106,google/gemma-2-2b,14,adversarial_ambiguous,2.5781,0.98541259765625,2026-08-09T17:25:32.811079+00:00
adversarial_ambiguous_107,google/gemma-2-2b,11,adversarial_ambiguous,2.857,0.996337890625,2026-08-09T17:25:32.811079+00:00
adversarial_ambiguous_107,google/gemma-2-2b,12,adversarial_ambiguous,2.857,0.9964599609375,2026-08-09T17:25:32.811079+00:00
adversarial_ambiguous_107,google/gemma-2-2b,13,adversarial_ambiguous,2.857,0.99029541015625,2026-08-09T17:25:32.811079+00:00
adversarial_ambiguous_107,google/gemma-2-2b,14,adversarial_ambiguous,2.857,0.9881591796875,2026-08-09T17:25:32.811079+00:00
adversarial_ambiguous_108,google/gemma-2-2b,11,adversarial_ambiguous,4.7348,0.9967041015625,2026-08-09T17:25:32.811079+00:00
adversarial_ambiguous_108,google/gemma-2-2b,12,adversarial_ambiguous,4.7348,0.99603271484375,2026-08-09T17:25:32.811079+00:00
adversarial_ambiguous_108,google/gemma-2-2b,13,adversarial_ambiguous,4.7348,0.9912109375,2026-08-09T17:25:32.811079+00:00
adversarial_ambiguous_108,google/gemma-2-2b,14,adversarial_ambiguous,4.7348,0.98602294921875,2026-08-09T17:25:32.811079+00:00
adversarial_ambiguous_109,google/gemma-2-2b,11,adversarial_ambiguous,4.0324,0.99609375,2026-08-09T17:25:32.811079+00:00
adversarial_ambiguous_109,google/gemma-2-2b,12,adversarial_ambiguous,4.0324,0.99639892578125,2026-08-09T17:25:32.811079+00:00
adversarial_ambiguous_109,google/gemma-2-2b,13,adversarial_ambiguous,4.0324,0.9896240234375,2026-08-09T17:25:32.811079+00:00
adversarial_ambiguous_109,google/gemma-2-2b,14,adversarial_ambiguous,4.0324,0.98626708984375,2026-08-09T17:25:32.811079+00:00
adversarial_ambiguous_110,google/gemma-2-2b,11,adversarial_ambiguous,2.8022,0.99249267578125,2026-08-09T17:25:32.811079+00:00
adversarial_ambiguous_110,google/gemma-2-2b,12,adversarial_ambiguous,2.8022,0.99212646484375,2026-08-09T17:25:32.811079+00:00
adversarial_ambiguous_110,google/gemma-2-2b,13,adversarial_ambiguous,2.8022,0.9854736328125,2026-08-09T17:25:32.811079+00:00
adversarial_ambiguous_110,google/gemma-2-2b,14,adversarial_ambiguous,2.8022,0.98101806640625,2026-08-09T17:25:32.811079+00:00
adversarial_ambiguous_111,google/gemma-2-2b,11,adversarial_ambiguous,5.1155,0.9937744140625,2026-08-09T17:25:32.811079+00:00
adversarial_ambiguous_111,google/gemma-2-2b,12,adversarial_ambiguous,5.1155,0.99383544921875,2026-08-09T17:25:32.811079+00:00
adversarial_ambiguous_111,google/gemma-2-2b,13,adversarial_ambiguous,5.1155,0.986328125,2026-08-09T17:25:32.811079+00:00
adversarial_ambiguous_111,google/gemma-2-2b,14,adversarial_ambiguous,5.1155,0.981689453125,2026-08-09T17:25:32.811079+00:00
adversarial_ambiguous_112,google/gemma-2-2b,11,adversarial_ambiguous,2.3949,0.99578857421875,2026-08-09T17:25:32.811079+00:00
adversarial_ambiguous_112,google/gemma-2-2b,12,adversarial_ambiguous,2.3949,0.99542236328125,2026-08-09T17:25:32.811079+00:00
adversarial_ambiguous_112,google/gemma-2-2b,13,adversarial_ambiguous,2.3949,0.99072265625,2026-08-09T17:25:32.811079+00:00
adversarial_ambiguous_112,google/gemma-2-2b,14,adversarial_ambiguous,2.3949,0.9847412109375,2026-08-09T17:25:32.811079+00:00
adversarial_ambiguous_113,google/gemma-2-2b,11,adversarial_ambiguous,2.7763,0.9957275390625,2026-08-09T17:25:32.811079+00:00
adversarial_ambiguous_113,google/gemma-2-2b,12,adversarial_ambiguous,2.7763,0.99456787109375,2026-08-09T17:25:32.811079+00:00
adversarial_ambiguous_113,google/gemma-2-2b,13,adversarial_ambiguous,2.7763,0.98529052734375,2026-08-09T17:25:32.811079+00:00
adversarial_ambiguous_113,google/gemma-2-2b,14,adversarial_ambiguous,2.7763,0.981201171875,2026-08-09T17:25:32.811079+00:00
adversarial_ambiguous_114,google/gemma-2-2b,11,adversarial_ambiguous,3.6957,0.99383544921875,2026-08-09T17:25:32.811079+00:00
adversarial_ambiguous_114,google/gemma-2-2b,12,adversarial_ambiguous,3.6957,0.9945068359375,2026-08-09T17:25:32.811079+00:00
adversarial_ambiguous_114,google/gemma-2-2b,13,adversarial_ambiguous,3.6957,0.98394775390625,2026-08-09T17:25:32.811079+00:00
adversarial_ambiguous_114,google/gemma-2-2b,14,adversarial_ambiguous,3.6957,0.974365234375,2026-08-09T17:25:32.811079+00:00
adversarial_ambiguous_115,google/gemma-2-2b,11,adversarial_ambiguous,4.5797,0.9957275390625,2026-08-09T17:25:32.811079+00:00
adversarial_ambiguous_115,google/gemma-2-2b,12,adversarial_ambiguous,4.5797,0.99639892578125,2026-08-09T17:25:32.811079+00:00
adversarial_ambiguous_115,google/gemma-2-2b,13,adversarial_ambiguous,4.5797,0.98980712890625,2026-08-09T17:25:32.811079+00:00
adversarial_ambiguous_115,google/gemma-2-2b,14,adversarial_ambiguous,4.5797,0.98455810546875,2026-08-09T17:25:32.811079+00:00
adversarial_ambiguous_116,google/gemma-2-2b,11,adversarial_ambiguous,4.0615,0.99432373046875,2026-08-09T17:25:32.811079+00:00
adversarial_ambiguous_116,google/gemma-2-2b,12,adversarial_ambiguous,4.0615,0.99407958984375,2026-08-09T17:25:32.811079+00:00
adversarial_ambiguous_116,google/gemma-2-2b,13,adversarial_ambiguous,4.0615,0.988525390625,2026-08-09T17:25:32.811079+00:00
adversarial_ambiguous_116,google/gemma-2-2b,14,adversarial_ambiguous,4.0615,0.9853515625,2026-08-09T17:25:32.811079+00:00
adversarial_ambiguous_117,google/gemma-2-2b,11,adversarial_ambiguous,0.8723,0.99432373046875,2026-08-09T17:25:32.811079+00:00
adversarial_ambiguous_117,google/gemma-2-2b,12,adversarial_ambiguous,0.8723,0.99285888671875,2026-08-09T17:25:32.811079+00:00
adversarial_ambiguous_117,google/gemma-2-2b,13,adversarial_ambiguous,0.8723,0.9833984375,2026-08-09T17:25:32.811079+00:00
adversarial_ambiguous_117,google/gemma-2-2b,14,adversarial_ambiguous,0.8723,0.98004150390625,2026-08-09T17:25:32.811079+00:00
adversarial_ambiguous_118,google/gemma-2-2b,11,adversarial_ambiguous,4.4001,0.99481201171875,2026-08-09T17:25:32.811079+00:00
adversarial_ambiguous_118,google/gemma-2-2b,12,adversarial_ambiguous,4.4001,0.99468994140625,2026-08-09T17:25:32.811079+00:00
adversarial_ambiguous_118,google/gemma-2-2b,13,adversarial_ambiguous,4.4001,0.98779296875,2026-08-09T17:25:32.811079+00:00
adversarial_ambiguous_118,google/gemma-2-2b,14,adversarial_ambiguous,4.4001,0.9832763671875,2026-08-09T17:25:32.811079+00:00
adversarial_ambiguous_119,google/gemma-2-2b,11,adversarial_ambiguous,2.3888,0.9949951171875,2026-08-09T17:25:32.811079+00:00
adversarial_ambiguous_119,google/gemma-2-2b,12,adversarial_ambiguous,2.3888,0.9937744140625,2026-08-09T17:25:32.811079+00:00
adversarial_ambiguous_119,google/gemma-2-2b,13,adversarial_ambiguous,2.3888,0.986328125,2026-08-09T17:25:32.811079+00:00
adversarial_ambiguous_119,google/gemma-2-2b,14,adversarial_ambiguous,2.3888,0.98468017578125,2026-08-09T17:25:32.811079+00:00
adversarial_ambiguous_120,google/gemma-2-2b,11,adversarial_ambiguous,4.6251,0.99505615234375,2026-08-09T17:25:32.811079+00:00
adversarial_ambiguous_120,google/gemma-2-2b,12,adversarial_ambiguous,4.6251,0.9949951171875,2026-08-09T17:25:32.811079+00:00
adversarial_ambiguous_120,google/gemma-2-2b,13,adversarial_ambiguous,4.6251,0.98895263671875,2026-08-09T17:25:32.811079+00:00
adversarial_ambiguous_120,google/gemma-2-2b,14,adversarial_ambiguous,4.6251,0.98687744140625,2026-08-09T17:25:32.811079+00:00
adversarial_ambiguous_121,google/gemma-2-2b,11,adversarial_ambiguous,2.1645,0.99359130859375,2026-08-09T17:25:32.811079+00:00
adversarial_ambiguous_121,google/gemma-2-2b,12,adversarial_ambiguous,2.1645,0.9935302734375,2026-08-09T17:25:32.811079+00:00
adversarial_ambiguous_121,google/gemma-2-2b,13,adversarial_ambiguous,2.1645,0.9874267578125,2026-08-09T17:25:32.811079+00:00
adversarial_ambiguous_121,google/gemma-2-2b,14,adversarial_ambiguous,2.1645,0.981201171875,2026-08-09T17:25:32.811079+00:00
adversarial_ambiguous_122,google/gemma-2-2b,11,adversarial_ambiguous,3.4825,0.99554443359375,2026-08-09T17:25:32.811079+00:00
adversarial_ambiguous_122,google/gemma-2-2b,12,adversarial_ambiguous,3.4825,0.9951171875,2026-08-09T17:25:32.811079+00:00
adversarial_ambiguous_122,google/gemma-2-2b,13,adversarial_ambiguous,3.4825,0.98883056640625,2026-08-09T17:25:32.811079+00:00
adversarial_ambiguous_122,google/gemma-2-2b,14,adversarial_ambiguous,3.4825,0.98614501953125,2026-08-09T17:25:32.811079+00:00
adversarial_ambiguous_123,google/gemma-2-2b,11,adversarial_ambiguous,2.8908,0.99505615234375,2026-08-09T17:25:32.811079+00:00
adversarial_ambiguous_123,google/gemma-2-2b,12,adversarial_ambiguous,2.8908,0.99566650390625,2026-08-09T17:25:32.811079+00:00
adversarial_ambiguous_123,google/gemma-2-2b,13,adversarial_ambiguous,2.8908,0.98724365234375,2026-08-09T17:25:32.811079+00:00
adversarial_ambiguous_123,google/gemma-2-2b,14,adversarial_ambiguous,2.8908,0.97979736328125,2026-08-09T17:25:32.811079+00:00
adversarial_ambiguous_124,google/gemma-2-2b,11,adversarial_ambiguous,3.8181,0.9940185546875,2026-08-09T17:25:32.811079+00:00
adversarial_ambiguous_124,google/gemma-2-2b,12,adversarial_ambiguous,3.8181,0.99462890625,2026-08-09T17:25:32.811079+00:00
adversarial_ambiguous_124,google/gemma-2-2b,13,adversarial_ambiguous,3.8181,0.98773193359375,2026-08-09T17:25:32.811079+00:00
adversarial_ambiguous_124,google/gemma-2-2b,14,adversarial_ambiguous,3.8181,0.982421875,2026-08-09T17:25:32.811079+00:00
adversarial_ambiguous_125,google/gemma-2-2b,11,adversarial_ambiguous,4.9399,0.9947509765625,2026-08-09T17:25:32.811079+00:00
adversarial_ambiguous_125,google/gemma-2-2b,12,adversarial_ambiguous,4.9399,0.99493408203125,2026-08-09T17:25:32.811079+00:00
adversarial_ambiguous_125,google/gemma-2-2b,13,adversarial_ambiguous,4.9399,0.98699951171875,2026-08-09T17:25:32.811079+00:00
adversarial_ambiguous_125,google/gemma-2-2b,14,adversarial_ambiguous,4.9399,0.98455810546875,2026-08-09T17:25:32.811079+00:00
adversarial_ambiguous_126,google/gemma-2-2b,11,adversarial_ambiguous,2.4943,0.9949951171875,2026-08-09T17:25:32.811079+00:00
adversarial_ambiguous_126,google/gemma-2-2b,12,adversarial_ambiguous,2.4943,0.99383544921875,2026-08-09T17:25:32.811079+00:00
adversarial_ambiguous_126,google/gemma-2-2b,13,adversarial_ambiguous,2.4943,0.984619140625,2026-08-09T17:25:32.811079+00:00
adversarial_ambiguous_126,google/gemma-2-2b,14,adversarial_ambiguous,2.4943,0.97039794921875,2026-08-09T17:25:32.811079+00:00
adversarial_ambiguous_127,google/gemma-2-2b,11,adversarial_ambiguous,4.4502,0.99383544921875,2026-08-09T17:25:32.811079+00:00
adversarial_ambiguous_127,google/gemma-2-2b,12,adversarial_ambiguous,4.4502,0.993408203125,2026-08-09T17:25:32.811079+00:00
adversarial_ambiguous_127,google/gemma-2-2b,13,adversarial_ambiguous,4.4502,0.9873046875,2026-08-09T17:25:32.811079+00:00
adversarial_ambiguous_127,google/gemma-2-2b,14,adversarial_ambiguous,4.4502,0.98675537109375,2026-08-09T17:25:32.811079+00:00
adversarial_ambiguous_128,google/gemma-2-2b,11,adversarial_ambiguous,2.815,0.99420166015625,2026-08-09T17:25:32.811079+00:00
adversarial_ambiguous_128,google/gemma-2-2b,12,adversarial_ambiguous,2.815,0.99371337890625,2026-08-09T17:25:32.811079+00:00
adversarial_ambiguous_128,google/gemma-2-2b,13,adversarial_ambiguous,2.815,0.9866943359375,2026-08-09T17:25:32.811079+00:00
adversarial_ambiguous_128,google/gemma-2-2b,14,adversarial_ambiguous,2.815,0.98291015625,2026-08-09T17:25:32.811079+00:00
adversarial_ambiguous_129,google/gemma-2-2b,11,adversarial_ambiguous,3.395,0.9949951171875,2026-08-09T17:25:32.811079+00:00
adversarial_ambiguous_129,google/gemma-2-2b,12,adversarial_ambiguous,3.395,0.99267578125,2026-08-09T17:25:32.811079+00:00
adversarial_ambiguous_129,google/gemma-2-2b,13,adversarial_ambiguous,3.395,0.987548828125,2026-08-09T17:25:32.811079+00:00
adversarial_ambiguous_129,google/gemma-2-2b,14,adversarial_ambiguous,3.395,0.9815673828125,2026-08-09T17:25:32.811079+00:00
adversarial_ambiguous_130,google/gemma-2-2b,11,adversarial_ambiguous,1.5003,0.99334716796875,2026-08-09T17:25:32.811079+00:00
adversarial_ambiguous_130,google/gemma-2-2b,12,adversarial_ambiguous,1.5003,0.99395751953125,2026-08-09T17:25:32.811079+00:00
adversarial_ambiguous_130,google/gemma-2-2b,13,adversarial_ambiguous,1.5003,0.98651123046875,2026-08-09T17:25:32.811079+00:00
adversarial_ambiguous_130,google/gemma-2-2b,14,adversarial_ambiguous,1.5003,0.98602294921875,2026-08-09T17:25:32.811079+00:00
adversarial_ambiguous_131,google/gemma-2-2b,11,adversarial_ambiguous,3.3132,0.9923095703125,2026-08-09T17:25:32.811079+00:00
adversarial_ambiguous_131,google/gemma-2-2b,12,adversarial_ambiguous,3.3132,0.9906005859375,2026-08-09T17:25:32.811079+00:00
adversarial_ambiguous_131,google/gemma-2-2b,13,adversarial_ambiguous,3.3132,0.98388671875,2026-08-09T17:25:32.811079+00:00
adversarial_ambiguous_131,google/gemma-2-2b,14,adversarial_ambiguous,3.3132,0.9798583984375,2026-08-09T17:25:32.811079+00:00
adversarial_ambiguous_132,google/gemma-2-2b,11,adversarial_ambiguous,4.7056,0.99530029296875,2026-08-09T17:25:32.811079+00:00
adversarial_ambiguous_132,google/gemma-2-2b,12,adversarial_ambiguous,4.7056,0.99505615234375,2026-08-09T17:25:32.811079+00:00
adversarial_ambiguous_132,google/gemma-2-2b,13,adversarial_ambiguous,4.7056,0.9898681640625,2026-08-09T17:25:32.811079+00:00
adversarial_ambiguous_132,google/gemma-2-2b,14,adversarial_ambiguous,4.7056,0.985595703125,2026-08-09T17:25:32.811079+00:00
adversarial_ambiguous_133,google/gemma-2-2b,11,adversarial_ambiguous,4.4818,0.9931640625,2026-08-09T17:25:32.811079+00:00
adversarial_ambiguous_133,google/gemma-2-2b,12,adversarial_ambiguous,4.4818,0.99346923828125,2026-08-09T17:25:32.811079+00:00
adversarial_ambiguous_133,google/gemma-2-2b,13,adversarial_ambiguous,4.4818,0.986572265625,2026-08-09T17:25:32.811079+00:00
adversarial_ambiguous_133,google/gemma-2-2b,14,adversarial_ambiguous,4.4818,0.981689453125,2026-08-09T17:25:32.811079+00:00
adversarial_ambiguous_134,google/gemma-2-2b,11,adversarial_ambiguous,3.2826,0.99383544921875,2026-08-09T17:25:32.811079+00:00
adversarial_ambiguous_134,google/gemma-2-2b,12,adversarial_ambiguous,3.2826,0.994140625,2026-08-09T17:25:32.811079+00:00
adversarial_ambiguous_134,google/gemma-2-2b,13,adversarial_ambiguous,3.2826,0.98699951171875,2026-08-09T17:25:32.811079+00:00
adversarial_ambiguous_134,google/gemma-2-2b,14,adversarial_ambiguous,3.2826,0.9815673828125,2026-08-09T17:25:32.811079+00:00
adversarial_ambiguous_135,google/gemma-2-2b,11,adversarial_ambiguous,4.6244,0.99407958984375,2026-08-09T17:25:32.811079+00:00
adversarial_ambiguous_135,google/gemma-2-2b,12,adversarial_ambiguous,4.6244,0.99420166015625,2026-08-09T17:25:32.811079+00:00
adversarial_ambiguous_135,google/gemma-2-2b,13,adversarial_ambiguous,4.6244,0.9884033203125,2026-08-09T17:25:32.811079+00:00
adversarial_ambiguous_135,google/gemma-2-2b,14,adversarial_ambiguous,4.6244,0.9859619140625,2026-08-09T17:25:32.811079+00:00
adversarial_ambiguous_136,google/gemma-2-2b,11,adversarial_ambiguous,2.746,0.993408203125,2026-08-09T17:25:32.811079+00:00
adversarial_ambiguous_136,google/gemma-2-2b,12,adversarial_ambiguous,2.746,0.991943359375,2026-08-09T17:25:32.811079+00:00
adversarial_ambiguous_136,google/gemma-2-2b,13,adversarial_ambiguous,2.746,0.9864501953125,2026-08-09T17:25:32.811079+00:00
adversarial_ambiguous_136,google/gemma-2-2b,14,adversarial_ambiguous,2.746,0.982421875,2026-08-09T17:25:32.811079+00:00
adversarial_ambiguous_137,google/gemma-2-2b,11,adversarial_ambiguous,4.1517,0.9931640625,2026-08-09T17:25:32.811079+00:00
adversarial_ambiguous_137,google/gemma-2-2b,12,adversarial_ambiguous,4.1517,0.994384765625,2026-08-09T17:25:32.811079+00:00
adversarial_ambiguous_137,google/gemma-2-2b,13,adversarial_ambiguous,4.1517,0.9864501953125,2026-08-09T17:25:32.811079+00:00
adversarial_ambiguous_137,google/gemma-2-2b,14,adversarial_ambiguous,4.1517,0.9857177734375,2026-08-09T17:25:32.811079+00:00
adversarial_ambiguous_138,google/gemma-2-2b,11,adversarial_ambiguous,4.0455,0.99566650390625,2026-08-09T17:25:32.811079+00:00
adversarial_ambiguous_138,google/gemma-2-2b,12,adversarial_ambiguous,4.0455,0.99481201171875,2026-08-09T17:25:32.811079+00:00
adversarial_ambiguous_138,google/gemma-2-2b,13,adversarial_ambiguous,4.0455,0.98773193359375,2026-08-09T17:25:32.811079+00:00
adversarial_ambiguous_138,google/gemma-2-2b,14,adversarial_ambiguous,4.0455,0.98516845703125,2026-08-09T17:25:32.811079+00:00
adversarial_ambiguous_139,google/gemma-2-2b,11,adversarial_ambiguous,3.6345,0.99322509765625,2026-08-09T17:25:32.811079+00:00
adversarial_ambiguous_139,google/gemma-2-2b,12,adversarial_ambiguous,3.6345,0.99249267578125,2026-08-09T17:25:32.811079+00:00
adversarial_ambiguous_139,google/gemma-2-2b,13,adversarial_ambiguous,3.6345,0.98468017578125,2026-08-09T17:25:32.811079+00:00
adversarial_ambiguous_139,google/gemma-2-2b,14,adversarial_ambiguous,3.6345,0.9842529296875,2026-08-09T17:25:32.811079+00:00
adversarial_ambiguous_140,google/gemma-2-2b,11,adversarial_ambiguous,4.7969,0.995361328125,2026-08-09T17:25:32.811079+00:00
adversarial_ambiguous_140,google/gemma-2-2b,12,adversarial_ambiguous,4.7969,0.99481201171875,2026-08-09T17:25:32.811079+00:00
adversarial_ambiguous_140,google/gemma-2-2b,13,adversarial_ambiguous,4.7969,0.9876708984375,2026-08-09T17:25:32.811079+00:00
adversarial_ambiguous_140,google/gemma-2-2b,14,adversarial_ambiguous,4.7969,0.98016357421875,2026-08-09T17:25:32.811079+00:00
adversarial_ambiguous_141,google/gemma-2-2b,11,adversarial_ambiguous,3.2782,0.99493408203125,2026-08-09T17:25:32.811079+00:00
adversarial_ambiguous_141,google/gemma-2-2b,12,adversarial_ambiguous,3.2782,0.99462890625,2026-08-09T17:25:32.811079+00:00
adversarial_ambiguous_141,google/gemma-2-2b,13,adversarial_ambiguous,3.2782,0.98883056640625,2026-08-09T17:25:32.811079+00:00
adversarial_ambiguous_141,google/gemma-2-2b,14,adversarial_ambiguous,3.2782,0.9833984375,2026-08-09T17:25:32.811079+00:00
adversarial_ambiguous_142,google/gemma-2-2b,11,adversarial_ambiguous,2.3165,0.99407958984375,2026-08-09T17:25:32.811079+00:00
adversarial_ambiguous_142,google/gemma-2-2b,12,adversarial_ambiguous,2.3165,0.99346923828125,2026-08-09T17:25:32.811079+00:00
adversarial_ambiguous_142,google/gemma-2-2b,13,adversarial_ambiguous,2.3165,0.98834228515625,2026-08-09T17:25:32.811079+00:00
adversarial_ambiguous_142,google/gemma-2-2b,14,adversarial_ambiguous,2.3165,0.9810791015625,2026-08-09T17:25:32.811079+00:00
adversarial_ambiguous_143,google/gemma-2-2b,11,adversarial_ambiguous,4.695,0.994873046875,2026-08-09T17:25:32.811079+00:00
adversarial_ambiguous_143,google/gemma-2-2b,12,adversarial_ambiguous,4.695,0.99432373046875,2026-08-09T17:25:32.811079+00:00
adversarial_ambiguous_143,google/gemma-2-2b,13,adversarial_ambiguous,4.695,0.98895263671875,2026-08-09T17:25:32.811079+00:00
adversarial_ambiguous_143,google/gemma-2-2b,14,adversarial_ambiguous,4.695,0.98663330078125,2026-08-09T17:25:32.811079+00:00
adversarial_ambiguous_144,google/gemma-2-2b,11,adversarial_ambiguous,4.1531,0.9954833984375,2026-08-09T17:25:32.811079+00:00
adversarial_ambiguous_144,google/gemma-2-2b,12,adversarial_ambiguous,4.1531,0.99505615234375,2026-08-09T17:25:32.811079+00:00
adversarial_ambiguous_144,google/gemma-2-2b,13,adversarial_ambiguous,4.1531,0.98779296875,2026-08-09T17:25:32.811079+00:00
adversarial_ambiguous_144,google/gemma-2-2b,14,adversarial_ambiguous,4.1531,0.98236083984375,2026-08-09T17:25:32.811079+00:00
adversarial_ambiguous_145,google/gemma-2-2b,11,adversarial_ambiguous,4.1306,0.994384765625,2026-08-09T17:25:32.811079+00:00
adversarial_ambiguous_145,google/gemma-2-2b,12,adversarial_ambiguous,4.1306,0.99444580078125,2026-08-09T17:25:32.811079+00:00
adversarial_ambiguous_145,google/gemma-2-2b,13,adversarial_ambiguous,4.1306,0.9876708984375,2026-08-09T17:25:32.811079+00:00
adversarial_ambiguous_145,google/gemma-2-2b,14,adversarial_ambiguous,4.1306,0.98486328125,2026-08-09T17:25:32.811079+00:00
adversarial_ambiguous_146,google/gemma-2-2b,11,adversarial_ambiguous,2.1225,0.99322509765625,2026-08-09T17:25:32.811079+00:00
adversarial_ambiguous_146,google/gemma-2-2b,12,adversarial_ambiguous,2.1225,0.99334716796875,2026-08-09T17:25:32.811079+00:00
adversarial_ambiguous_146,google/gemma-2-2b,13,adversarial_ambiguous,2.1225,0.98272705078125,2026-08-09T17:25:32.811079+00:00
adversarial_ambiguous_146,google/gemma-2-2b,14,adversarial_ambiguous,2.1225,0.9775390625,2026-08-09T17:25:32.811079+00:00
adversarial_ambiguous_147,google/gemma-2-2b,11,adversarial_ambiguous,4.2004,0.99505615234375,2026-08-09T17:25:32.811079+00:00
adversarial_ambiguous_147,google/gemma-2-2b,12,adversarial_ambiguous,4.2004,0.9952392578125,2026-08-09T17:25:32.811079+00:00
adversarial_ambiguous_147,google/gemma-2-2b,13,adversarial_ambiguous,4.2004,0.98541259765625,2026-08-09T17:25:32.811079+00:00
adversarial_ambiguous_147,google/gemma-2-2b,14,adversarial_ambiguous,4.2004,0.97967529296875,2026-08-09T17:25:32.811079+00:00
adversarial_ambiguous_148,google/gemma-2-2b,11,adversarial_ambiguous,4.0435,0.9969482421875,2026-08-09T17:25:32.811079+00:00
adversarial_ambiguous_148,google/gemma-2-2b,12,adversarial_ambiguous,4.0435,0.99603271484375,2026-08-09T17:25:32.811079+00:00
adversarial_ambiguous_148,google/gemma-2-2b,13,adversarial_ambiguous,4.0435,0.99176025390625,2026-08-09T17:25:32.811079+00:00
adversarial_ambiguous_148,google/gemma-2-2b,14,adversarial_ambiguous,4.0435,0.98980712890625,2026-08-09T17:25:32.811079+00:00
adversarial_ambiguous_149,google/gemma-2-2b,11,adversarial_ambiguous,4.7605,0.9923095703125,2026-08-09T17:25:32.811079+00:00
adversarial_ambiguous_149,google/gemma-2-2b,12,adversarial_ambiguous,4.7605,0.99298095703125,2026-08-09T17:25:32.811079+00:00
adversarial_ambiguous_149,google/gemma-2-2b,13,adversarial_ambiguous,4.7605,0.9876708984375,2026-08-09T17:25:32.811079+00:00
adversarial_ambiguous_149,google/gemma-2-2b,14,adversarial_ambiguous,4.7605,0.9822998046875,2026-08-09T17:25:32.811079+00:00
adversarial_ambiguous_150,google/gemma-2-2b,11,adversarial_ambiguous,4.1755,0.99560546875,2026-08-09T17:25:32.811079+00:00
adversarial_ambiguous_150,google/gemma-2-2b,12,adversarial_ambiguous,4.1755,0.99456787109375,2026-08-09T17:25:32.811079+00:00
adversarial_ambiguous_150,google/gemma-2-2b,13,adversarial_ambiguous,4.1755,0.98974609375,2026-08-09T17:25:32.811079+00:00
adversarial_ambiguous_150,google/gemma-2-2b,14,adversarial_ambiguous,4.1755,0.9835205078125,2026-08-09T17:25:32.811079+00:00
adversarial_ambiguous_151,google/gemma-2-2b,11,adversarial_ambiguous,4.9318,0.99554443359375,2026-08-09T17:25:32.811079+00:00
adversarial_ambiguous_151,google/gemma-2-2b,12,adversarial_ambiguous,4.9318,0.99481201171875,2026-08-09T17:25:32.811079+00:00
adversarial_ambiguous_151,google/gemma-2-2b,13,adversarial_ambiguous,4.9318,0.989990234375,2026-08-09T17:25:32.811079+00:00
adversarial_ambiguous_151,google/gemma-2-2b,14,adversarial_ambiguous,4.9318,0.98638916015625,2026-08-09T17:25:32.811079+00:00
adversarial_ambiguous_152,google/gemma-2-2b,11,adversarial_ambiguous,3.7223,0.9927978515625,2026-08-09T17:25:32.811079+00:00
adversarial_ambiguous_152,google/gemma-2-2b,12,adversarial_ambiguous,3.7223,0.98980712890625,2026-08-09T17:25:32.811079+00:00
adversarial_ambiguous_152,google/gemma-2-2b,13,adversarial_ambiguous,3.7223,0.9853515625,2026-08-09T17:25:32.811079+00:00
adversarial_ambiguous_152,google/gemma-2-2b,14,adversarial_ambiguous,3.7223,0.98388671875,2026-08-09T17:25:32.811079+00:00
adversarial_ambiguous_153,google/gemma-2-2b,11,adversarial_ambiguous,4.5146,0.99542236328125,2026-08-09T17:25:32.811079+00:00
adversarial_ambiguous_153,google/gemma-2-2b,12,adversarial_ambiguous,4.5146,0.9954833984375,2026-08-09T17:25:32.811079+00:00
adversarial_ambiguous_153,google/gemma-2-2b,13,adversarial_ambiguous,4.5146,0.98931884765625,2026-08-09T17:25:32.811079+00:00
adversarial_ambiguous_153,google/gemma-2-2b,14,adversarial_ambiguous,4.5146,0.98785400390625,2026-08-09T17:25:32.811079+00:00
adversarial_ambiguous_154,google/gemma-2-2b,11,adversarial_ambiguous,3.3779,0.9951171875,2026-08-09T17:25:32.811079+00:00
adversarial_ambiguous_154,google/gemma-2-2b,12,adversarial_ambiguous,3.3779,0.99468994140625,2026-08-09T17:25:32.811079+00:00
adversarial_ambiguous_154,google/gemma-2-2b,13,adversarial_ambiguous,3.3779,0.98931884765625,2026-08-09T17:25:32.811079+00:00
adversarial_ambiguous_154,google/gemma-2-2b,14,adversarial_ambiguous,3.3779,0.9842529296875,2026-08-09T17:25:32.811079+00:00
adversarial_ambiguous_155,google/gemma-2-2b,11,adversarial_ambiguous,3.0257,0.99578857421875,2026-08-09T17:25:32.811079+00:00
adversarial_ambiguous_155,google/gemma-2-2b,12,adversarial_ambiguous,3.0257,0.99493408203125,2026-08-09T17:25:32.811079+00:00
adversarial_ambiguous_155,google/gemma-2-2b,13,adversarial_ambiguous,3.0257,0.98779296875,2026-08-09T17:25:32.811079+00:00
adversarial_ambiguous_155,google/gemma-2-2b,14,adversarial_ambiguous,3.0257,0.98358154296875,2026-08-09T17:25:32.811079+00:00
adversarial_ambiguous_156,google/gemma-2-2b,11,adversarial_ambiguous,2.354,0.9954833984375,2026-08-09T17:25:32.811079+00:00
adversarial_ambiguous_156,google/gemma-2-2b,12,adversarial_ambiguous,2.354,0.9949951171875,2026-08-09T17:25:32.811079+00:00
adversarial_ambiguous_156,google/gemma-2-2b,13,adversarial_ambiguous,2.354,0.9857177734375,2026-08-09T17:25:32.811079+00:00
adversarial_ambiguous_156,google/gemma-2-2b,14,adversarial_ambiguous,2.354,0.98370361328125,2026-08-09T17:25:32.811079+00:00
adversarial_ambiguous_157,google/gemma-2-2b,11,adversarial_ambiguous,2.3421,0.99554443359375,2026-08-09T17:25:32.811079+00:00
adversarial_ambiguous_157,google/gemma-2-2b,12,adversarial_ambiguous,2.3421,0.9949951171875,2026-08-09T17:25:32.811079+00:00
adversarial_ambiguous_157,google/gemma-2-2b,13,adversarial_ambiguous,2.3421,0.98883056640625,2026-08-09T17:25:32.811079+00:00
adversarial_ambiguous_157,google/gemma-2-2b,14,adversarial_ambiguous,2.3421,0.98614501953125,2026-08-09T17:25:32.811079+00:00
adversarial_ambiguous_158,google/gemma-2-2b,11,adversarial_ambiguous,4.7853,0.99627685546875,2026-08-09T17:25:32.811079+00:00
adversarial_ambiguous_158,google/gemma-2-2b,12,adversarial_ambiguous,4.7853,0.99554443359375,2026-08-09T17:25:32.811079+00:00
adversarial_ambiguous_158,google/gemma-2-2b,13,adversarial_ambiguous,4.7853,0.99029541015625,2026-08-09T17:25:32.811079+00:00
adversarial_ambiguous_158,google/gemma-2-2b,14,adversarial_ambiguous,4.7853,0.9873046875,2026-08-09T17:25:32.811079+00:00
adversarial_ambiguous_159,google/gemma-2-2b,11,adversarial_ambiguous,3.4927,0.9957275390625,2026-08-09T17:25:32.811079+00:00
adversarial_ambiguous_159,google/gemma-2-2b,12,adversarial_ambiguous,3.4927,0.99505615234375,2026-08-09T17:25:32.811079+00:00
adversarial_ambiguous_159,google/gemma-2-2b,13,adversarial_ambiguous,3.4927,0.98834228515625,2026-08-09T17:25:32.811079+00:00
adversarial_ambiguous_159,google/gemma-2-2b,14,adversarial_ambiguous,3.4927,0.98651123046875,2026-08-09T17:25:32.811079+00:00
adversarial_ambiguous_160,google/gemma-2-2b,11,adversarial_ambiguous,2.7961,0.9930419921875,2026-08-09T17:25:32.811079+00:00
adversarial_ambiguous_160,google/gemma-2-2b,12,adversarial_ambiguous,2.7961,0.99224853515625,2026-08-09T17:25:32.811079+00:00
adversarial_ambiguous_160,google/gemma-2-2b,13,adversarial_ambiguous,2.7961,0.98419189453125,2026-08-09T17:25:32.811079+00:00
adversarial_ambiguous_160,google/gemma-2-2b,14,adversarial_ambiguous,2.7961,0.98040771484375,2026-08-09T17:25:32.811079+00:00
adversarial_ambiguous_161,google/gemma-2-2b,11,adversarial_ambiguous,4.9113,0.9951171875,2026-08-09T17:25:32.811079+00:00
adversarial_ambiguous_161,google/gemma-2-2b,12,adversarial_ambiguous,4.9113,0.9940185546875,2026-08-09T17:25:32.811079+00:00
adversarial_ambiguous_161,google/gemma-2-2b,13,adversarial_ambiguous,4.9113,0.98797607421875,2026-08-09T17:25:32.811079+00:00
adversarial_ambiguous_161,google/gemma-2-2b,14,adversarial_ambiguous,4.9113,0.98406982421875,2026-08-09T17:25:32.811079+00:00
adversarial_ambiguous_162,google/gemma-2-2b,11,adversarial_ambiguous,2.7938,0.99578857421875,2026-08-09T17:25:32.811079+00:00
adversarial_ambiguous_162,google/gemma-2-2b,12,adversarial_ambiguous,2.7938,0.99578857421875,2026-08-09T17:25:32.811079+00:00
adversarial_ambiguous_162,google/gemma-2-2b,13,adversarial_ambiguous,2.7938,0.98974609375,2026-08-09T17:25:32.811079+00:00
adversarial_ambiguous_162,google/gemma-2-2b,14,adversarial_ambiguous,2.7938,0.98480224609375,2026-08-09T17:25:32.811079+00:00
adversarial_ambiguous_163,google/gemma-2-2b,11,adversarial_ambiguous,2.526,0.99493408203125,2026-08-09T17:25:32.811079+00:00
adversarial_ambiguous_163,google/gemma-2-2b,12,adversarial_ambiguous,2.526,0.99481201171875,2026-08-09T17:25:32.811079+00:00
adversarial_ambiguous_163,google/gemma-2-2b,13,adversarial_ambiguous,2.526,0.9866943359375,2026-08-09T17:25:32.811079+00:00
adversarial_ambiguous_163,google/gemma-2-2b,14,adversarial_ambiguous,2.526,0.9822998046875,2026-08-09T17:25:32.811079+00:00
adversarial_ambiguous_164,google/gemma-2-2b,11,adversarial_ambiguous,3.8904,0.99444580078125,2026-08-09T17:25:32.811079+00:00
adversarial_ambiguous_164,google/gemma-2-2b,12,adversarial_ambiguous,3.8904,0.99444580078125,2026-08-09T17:25:32.811079+00:00
adversarial_ambiguous_164,google/gemma-2-2b,13,adversarial_ambiguous,3.8904,0.98516845703125,2026-08-09T17:25:32.811079+00:00
adversarial_ambiguous_164,google/gemma-2-2b,14,adversarial_ambiguous,3.8904,0.97503662109375,2026-08-09T17:25:32.811079+00:00
adversarial_ambiguous_165,google/gemma-2-2b,11,adversarial_ambiguous,4.6384,0.99566650390625,2026-08-09T17:25:32.811079+00:00
adversarial_ambiguous_165,google/gemma-2-2b,12,adversarial_ambiguous,4.6384,0.99591064453125,2026-08-09T17:25:32.811079+00:00
adversarial_ambiguous_165,google/gemma-2-2b,13,adversarial_ambiguous,4.6384,0.98724365234375,2026-08-09T17:25:32.811079+00:00
adversarial_ambiguous_165,google/gemma-2-2b,14,adversarial_ambiguous,4.6384,0.9805908203125,2026-08-09T17:25:32.811079+00:00
adversarial_ambiguous_166,google/gemma-2-2b,11,adversarial_ambiguous,3.39,0.994873046875,2026-08-09T17:25:32.811079+00:00
adversarial_ambiguous_166,google/gemma-2-2b,12,adversarial_ambiguous,3.39,0.99371337890625,2026-08-09T17:25:32.811079+00:00
adversarial_ambiguous_166,google/gemma-2-2b,13,adversarial_ambiguous,3.39,0.9888916015625,2026-08-09T17:25:32.811079+00:00
adversarial_ambiguous_166,google/gemma-2-2b,14,adversarial_ambiguous,3.39,0.9879150390625,2026-08-09T17:25:32.811079+00:00
adversarial_ambiguous_167,google/gemma-2-2b,11,adversarial_ambiguous,1.198,0.992919921875,2026-08-09T17:25:32.811079+00:00
adversarial_ambiguous_167,google/gemma-2-2b,12,adversarial_ambiguous,1.198,0.99041748046875,2026-08-09T17:25:32.811079+00:00
adversarial_ambiguous_167,google/gemma-2-2b,13,adversarial_ambiguous,1.198,0.9801025390625,2026-08-09T17:25:32.811079+00:00
adversarial_ambiguous_167,google/gemma-2-2b,14,adversarial_ambiguous,1.198,0.97845458984375,2026-08-09T17:25:32.811079+00:00
adversarial_ambiguous_168,google/gemma-2-2b,11,adversarial_ambiguous,4.6885,0.99591064453125,2026-08-09T17:25:32.811079+00:00
adversarial_ambiguous_168,google/gemma-2-2b,12,adversarial_ambiguous,4.6885,0.99530029296875,2026-08-09T17:25:32.811079+00:00
adversarial_ambiguous_168,google/gemma-2-2b,13,adversarial_ambiguous,4.6885,0.98724365234375,2026-08-09T17:25:32.811079+00:00
adversarial_ambiguous_168,google/gemma-2-2b,14,adversarial_ambiguous,4.6885,0.98553466796875,2026-08-09T17:25:32.811079+00:00
adversarial_ambiguous_169,google/gemma-2-2b,11,adversarial_ambiguous,2.3401,0.99615478515625,2026-08-09T17:25:32.811079+00:00
adversarial_ambiguous_169,google/gemma-2-2b,12,adversarial_ambiguous,2.3401,0.9952392578125,2026-08-09T17:25:32.811079+00:00
adversarial_ambiguous_169,google/gemma-2-2b,13,adversarial_ambiguous,2.3401,0.9853515625,2026-08-09T17:25:32.811079+00:00
adversarial_ambiguous_169,google/gemma-2-2b,14,adversarial_ambiguous,2.3401,0.98431396484375,2026-08-09T17:25:32.811079+00:00
adversarial_ambiguous_170,google/gemma-2-2b,11,adversarial_ambiguous,4.6851,0.99456787109375,2026-08-09T17:25:32.811079+00:00
adversarial_ambiguous_170,google/gemma-2-2b,12,adversarial_ambiguous,4.6851,0.99481201171875,2026-08-09T17:25:32.811079+00:00
adversarial_ambiguous_170,google/gemma-2-2b,13,adversarial_ambiguous,4.6851,0.99066162109375,2026-08-09T17:25:32.811079+00:00
adversarial_ambiguous_170,google/gemma-2-2b,14,adversarial_ambiguous,4.6851,0.98797607421875,2026-08-09T17:25:32.811079+00:00
adversarial_ambiguous_171,google/gemma-2-2b,11,adversarial_ambiguous,2.062,0.9940185546875,2026-08-09T17:25:32.811079+00:00
adversarial_ambiguous_171,google/gemma-2-2b,12,adversarial_ambiguous,2.062,0.99395751953125,2026-08-09T17:25:32.811079+00:00
adversarial_ambiguous_171,google/gemma-2-2b,13,adversarial_ambiguous,2.062,0.9879150390625,2026-08-09T17:25:32.811079+00:00
adversarial_ambiguous_171,google/gemma-2-2b,14,adversarial_ambiguous,2.062,0.983154296875,2026-08-09T17:25:32.811079+00:00
adversarial_ambiguous_172,google/gemma-2-2b,11,adversarial_ambiguous,3.6571,0.99578857421875,2026-08-09T17:25:32.811079+00:00
adversarial_ambiguous_172,google/gemma-2-2b,12,adversarial_ambiguous,3.6571,0.99468994140625,2026-08-09T17:25:32.811079+00:00
adversarial_ambiguous_172,google/gemma-2-2b,13,adversarial_ambiguous,3.6571,0.98974609375,2026-08-09T17:25:32.811079+00:00
adversarial_ambiguous_172,google/gemma-2-2b,14,adversarial_ambiguous,3.6571,0.9864501953125,2026-08-09T17:25:32.811079+00:00
adversarial_ambiguous_173,google/gemma-2-2b,11,adversarial_ambiguous,2.8068,0.99456787109375,2026-08-09T17:25:32.811079+00:00
adversarial_ambiguous_173,google/gemma-2-2b,12,adversarial_ambiguous,2.8068,0.99481201171875,2026-08-09T17:25:32.811079+00:00
adversarial_ambiguous_173,google/gemma-2-2b,13,adversarial_ambiguous,2.8068,0.9869384765625,2026-08-09T17:25:32.811079+00:00
adversarial_ambiguous_173,google/gemma-2-2b,14,adversarial_ambiguous,2.8068,0.98162841796875,2026-08-09T17:25:32.811079+00:00
adversarial_ambiguous_174,google/gemma-2-2b,11,adversarial_ambiguous,4.0442,0.9954833984375,2026-08-09T17:25:32.811079+00:00
adversarial_ambiguous_174,google/gemma-2-2b,12,adversarial_ambiguous,4.0442,0.99530029296875,2026-08-09T17:25:32.811079+00:00
adversarial_ambiguous_174,google/gemma-2-2b,13,adversarial_ambiguous,4.0442,0.98834228515625,2026-08-09T17:25:32.811079+00:00
adversarial_ambiguous_174,google/gemma-2-2b,14,adversarial_ambiguous,4.0442,0.986083984375,2026-08-09T17:25:32.811079+00:00
adversarial_ambiguous_175,google/gemma-2-2b,11,adversarial_ambiguous,4.8953,0.9949951171875,2026-08-09T17:25:32.811079+00:00
adversarial_ambiguous_175,google/gemma-2-2b,12,adversarial_ambiguous,4.8953,0.994140625,2026-08-09T17:25:32.811079+00:00
adversarial_ambiguous_175,google/gemma-2-2b,13,adversarial_ambiguous,4.8953,0.9874267578125,2026-08-09T17:25:32.811079+00:00
adversarial_ambiguous_175,google/gemma-2-2b,14,adversarial_ambiguous,4.8953,0.98602294921875,2026-08-09T17:25:32.811079+00:00
adversarial_ambiguous_176,google/gemma-2-2b,11,adversarial_ambiguous,3.5276,0.99505615234375,2026-08-09T17:25:32.811079+00:00
adversarial_ambiguous_176,google/gemma-2-2b,12,adversarial_ambiguous,3.5276,0.99365234375,2026-08-09T17:25:32.811079+00:00
adversarial_ambiguous_176,google/gemma-2-2b,13,adversarial_ambiguous,3.5276,0.9842529296875,2026-08-09T17:25:32.811079+00:00
adversarial_ambiguous_176,google/gemma-2-2b,14,adversarial_ambiguous,3.5276,0.97314453125,2026-08-09T17:25:32.811079+00:00
adversarial_ambiguous_177,google/gemma-2-2b,11,adversarial_ambiguous,4.1554,0.9942626953125,2026-08-09T17:25:32.811079+00:00
adversarial_ambiguous_177,google/gemma-2-2b,12,adversarial_ambiguous,4.1554,0.99322509765625,2026-08-09T17:25:32.811079+00:00
adversarial_ambiguous_177,google/gemma-2-2b,13,adversarial_ambiguous,4.1554,0.9853515625,2026-08-09T17:25:32.811079+00:00
adversarial_ambiguous_177,google/gemma-2-2b,14,adversarial_ambiguous,4.1554,0.98260498046875,2026-08-09T17:25:32.811079+00:00
adversarial_ambiguous_178,google/gemma-2-2b,11,adversarial_ambiguous,2.7812,0.9931640625,2026-08-09T17:25:32.811079+00:00
adversarial_ambiguous_178,google/gemma-2-2b,12,adversarial_ambiguous,2.7812,0.99359130859375,2026-08-09T17:25:32.811079+00:00
adversarial_ambiguous_178,google/gemma-2-2b,13,adversarial_ambiguous,2.7812,0.9852294921875,2026-08-09T17:25:32.811079+00:00
adversarial_ambiguous_178,google/gemma-2-2b,14,adversarial_ambiguous,2.7812,0.98272705078125,2026-08-09T17:25:32.811079+00:00
adversarial_ambiguous_179,google/gemma-2-2b,11,adversarial_ambiguous,3.5664,0.994384765625,2026-08-09T17:25:32.811079+00:00
adversarial_ambiguous_179,google/gemma-2-2b,12,adversarial_ambiguous,3.5664,0.99322509765625,2026-08-09T17:25:32.811079+00:00
adversarial_ambiguous_179,google/gemma-2-2b,13,adversarial_ambiguous,3.5664,0.9873046875,2026-08-09T17:25:32.811079+00:00
adversarial_ambiguous_179,google/gemma-2-2b,14,adversarial_ambiguous,3.5664,0.9833984375,2026-08-09T17:25:32.811079+00:00
adversarial_ambiguous_180,google/gemma-2-2b,11,adversarial_ambiguous,1.4834,0.99468994140625,2026-08-09T17:25:32.811079+00:00
adversarial_ambiguous_180,google/gemma-2-2b,12,adversarial_ambiguous,1.4834,0.994873046875,2026-08-09T17:25:32.811079+00:00
adversarial_ambiguous_180,google/gemma-2-2b,13,adversarial_ambiguous,1.4834,0.98944091796875,2026-08-09T17:25:32.811079+00:00
adversarial_ambiguous_180,google/gemma-2-2b,14,adversarial_ambiguous,1.4834,0.9866943359375,2026-08-09T17:25:32.811079+00:00
adversarial_ambiguous_181,google/gemma-2-2b,11,adversarial_ambiguous,3.0241,0.9912109375,2026-08-09T17:25:32.811079+00:00
adversarial_ambiguous_181,google/gemma-2-2b,12,adversarial_ambiguous,3.0241,0.990234375,2026-08-09T17:25:32.811079+00:00
adversarial_ambiguous_181,google/gemma-2-2b,13,adversarial_ambiguous,3.0241,0.9842529296875,2026-08-09T17:25:32.811079+00:00
adversarial_ambiguous_181,google/gemma-2-2b,14,adversarial_ambiguous,3.0241,0.9814453125,2026-08-09T17:25:32.811079+00:00
adversarial_ambiguous_182,google/gemma-2-2b,11,adversarial_ambiguous,4.511,0.994384765625,2026-08-09T17:25:32.811079+00:00
adversarial_ambiguous_182,google/gemma-2-2b,12,adversarial_ambiguous,4.511,0.9949951171875,2026-08-09T17:25:32.811079+00:00
adversarial_ambiguous_182,google/gemma-2-2b,13,adversarial_ambiguous,4.511,0.98992919921875,2026-08-09T17:25:32.811079+00:00
adversarial_ambiguous_182,google/gemma-2-2b,14,adversarial_ambiguous,4.511,0.9854736328125,2026-08-09T17:25:32.811079+00:00
adversarial_ambiguous_183,google/gemma-2-2b,11,adversarial_ambiguous,4.3702,0.99383544921875,2026-08-09T17:25:32.811079+00:00
adversarial_ambiguous_183,google/gemma-2-2b,12,adversarial_ambiguous,4.3702,0.99432373046875,2026-08-09T17:25:32.811079+00:00
adversarial_ambiguous_183,google/gemma-2-2b,13,adversarial_ambiguous,4.3702,0.9879150390625,2026-08-09T17:25:32.811079+00:00
adversarial_ambiguous_183,google/gemma-2-2b,14,adversarial_ambiguous,4.3702,0.98187255859375,2026-08-09T17:25:32.811079+00:00
adversarial_ambiguous_184,google/gemma-2-2b,11,adversarial_ambiguous,4.0532,0.99468994140625,2026-08-09T17:25:32.811079+00:00
adversarial_ambiguous_184,google/gemma-2-2b,12,adversarial_ambiguous,4.0532,0.99432373046875,2026-08-09T17:25:32.811079+00:00
adversarial_ambiguous_184,google/gemma-2-2b,13,adversarial_ambiguous,4.0532,0.98736572265625,2026-08-09T17:25:32.811079+00:00
adversarial_ambiguous_184,google/gemma-2-2b,14,adversarial_ambiguous,4.0532,0.9832763671875,2026-08-09T17:25:32.811079+00:00
adversarial_ambiguous_185,google/gemma-2-2b,11,adversarial_ambiguous,4.548,0.99444580078125,2026-08-09T17:25:32.811079+00:00
adversarial_ambiguous_185,google/gemma-2-2b,12,adversarial_ambiguous,4.548,0.99383544921875,2026-08-09T17:25:32.811079+00:00
adversarial_ambiguous_185,google/gemma-2-2b,13,adversarial_ambiguous,4.548,0.9896240234375,2026-08-09T17:25:32.811079+00:00
adversarial_ambiguous_185,google/gemma-2-2b,14,adversarial_ambiguous,4.548,0.984619140625,2026-08-09T17:25:32.811079+00:00
adversarial_ambiguous_186,google/gemma-2-2b,11,adversarial_ambiguous,2.6701,0.99285888671875,2026-08-09T17:25:32.811079+00:00
adversarial_ambiguous_186,google/gemma-2-2b,12,adversarial_ambiguous,2.6701,0.9920654296875,2026-08-09T17:25:32.811079+00:00
adversarial_ambiguous_186,google/gemma-2-2b,13,adversarial_ambiguous,2.6701,0.98577880859375,2026-08-09T17:25:32.811079+00:00
adversarial_ambiguous_186,google/gemma-2-2b,14,adversarial_ambiguous,2.6701,0.98284912109375,2026-08-09T17:25:32.811079+00:00
adversarial_ambiguous_187,google/gemma-2-2b,11,adversarial_ambiguous,3.277,0.99273681640625,2026-08-09T17:25:32.811079+00:00
adversarial_ambiguous_187,google/gemma-2-2b,12,adversarial_ambiguous,3.277,0.99285888671875,2026-08-09T17:25:32.811079+00:00
adversarial_ambiguous_187,google/gemma-2-2b,13,adversarial_ambiguous,3.277,0.98516845703125,2026-08-09T17:25:32.811079+00:00
adversarial_ambiguous_187,google/gemma-2-2b,14,adversarial_ambiguous,3.277,0.98406982421875,2026-08-09T17:25:32.811079+00:00
adversarial_ambiguous_188,google/gemma-2-2b,11,adversarial_ambiguous,3.9416,0.99493408203125,2026-08-09T17:25:32.811079+00:00
adversarial_ambiguous_188,google/gemma-2-2b,12,adversarial_ambiguous,3.9416,0.99407958984375,2026-08-09T17:25:32.811079+00:00
adversarial_ambiguous_188,google/gemma-2-2b,13,adversarial_ambiguous,3.9416,0.98663330078125,2026-08-09T17:25:32.811079+00:00
adversarial_ambiguous_188,google/gemma-2-2b,14,adversarial_ambiguous,3.9416,0.9849853515625,2026-08-09T17:25:32.811079+00:00
adversarial_ambiguous_189,google/gemma-2-2b,11,adversarial_ambiguous,3.6902,0.99200439453125,2026-08-09T17:25:32.811079+00:00
adversarial_ambiguous_189,google/gemma-2-2b,12,adversarial_ambiguous,3.6902,0.99346923828125,2026-08-09T17:25:32.811079+00:00
adversarial_ambiguous_189,google/gemma-2-2b,13,adversarial_ambiguous,3.6902,0.98699951171875,2026-08-09T17:25:32.811079+00:00
adversarial_ambiguous_189,google/gemma-2-2b,14,adversarial_ambiguous,3.6902,0.985107421875,2026-08-09T17:25:32.811079+00:00
adversarial_ambiguous_190,google/gemma-2-2b,11,adversarial_ambiguous,4.5889,0.9959716796875,2026-08-09T17:25:32.811079+00:00
adversarial_ambiguous_190,google/gemma-2-2b,12,adversarial_ambiguous,4.5889,0.99432373046875,2026-08-09T17:25:32.811079+00:00
adversarial_ambiguous_190,google/gemma-2-2b,13,adversarial_ambiguous,4.5889,0.9873046875,2026-08-09T17:25:32.811079+00:00
adversarial_ambiguous_190,google/gemma-2-2b,14,adversarial_ambiguous,4.5889,0.980712890625,2026-08-09T17:25:32.811079+00:00
adversarial_ambiguous_191,google/gemma-2-2b,11,adversarial_ambiguous,4.0108,0.99371337890625,2026-08-09T17:25:32.811079+00:00
adversarial_ambiguous_191,google/gemma-2-2b,12,adversarial_ambiguous,4.0108,0.99456787109375,2026-08-09T17:25:32.811079+00:00
adversarial_ambiguous_191,google/gemma-2-2b,13,adversarial_ambiguous,4.0108,0.9874267578125,2026-08-09T17:25:32.811079+00:00
adversarial_ambiguous_191,google/gemma-2-2b,14,adversarial_ambiguous,4.0108,0.982666015625,2026-08-09T17:25:32.811079+00:00
adversarial_ambiguous_192,google/gemma-2-2b,11,adversarial_ambiguous,2.3858,0.99481201171875,2026-08-09T17:25:32.811079+00:00
adversarial_ambiguous_192,google/gemma-2-2b,12,adversarial_ambiguous,2.3858,0.99383544921875,2026-08-09T17:25:32.811079+00:00
adversarial_ambiguous_192,google/gemma-2-2b,13,adversarial_ambiguous,2.3858,0.988525390625,2026-08-09T17:25:32.811079+00:00
adversarial_ambiguous_192,google/gemma-2-2b,14,adversarial_ambiguous,2.3858,0.98150634765625,2026-08-09T17:25:32.811079+00:00
adversarial_ambiguous_193,google/gemma-2-2b,11,adversarial_ambiguous,4.8144,0.995361328125,2026-08-09T17:25:32.811079+00:00
adversarial_ambiguous_193,google/gemma-2-2b,12,adversarial_ambiguous,4.8144,0.9951171875,2026-08-09T17:25:32.811079+00:00
adversarial_ambiguous_193,google/gemma-2-2b,13,adversarial_ambiguous,4.8144,0.99017333984375,2026-08-09T17:25:32.811079+00:00
adversarial_ambiguous_193,google/gemma-2-2b,14,adversarial_ambiguous,4.8144,0.9859619140625,2026-08-09T17:25:32.811079+00:00
adversarial_ambiguous_194,google/gemma-2-2b,11,adversarial_ambiguous,4.3485,0.99615478515625,2026-08-09T17:25:32.811079+00:00
adversarial_ambiguous_194,google/gemma-2-2b,12,adversarial_ambiguous,4.3485,0.99493408203125,2026-08-09T17:25:32.811079+00:00
adversarial_ambiguous_194,google/gemma-2-2b,13,adversarial_ambiguous,4.3485,0.98883056640625,2026-08-09T17:25:32.811079+00:00
adversarial_ambiguous_194,google/gemma-2-2b,14,adversarial_ambiguous,4.3485,0.9844970703125,2026-08-09T17:25:32.811079+00:00
adversarial_ambiguous_195,google/gemma-2-2b,11,adversarial_ambiguous,4.1582,0.9952392578125,2026-08-09T17:25:32.811079+00:00
adversarial_ambiguous_195,google/gemma-2-2b,12,adversarial_ambiguous,4.1582,0.9949951171875,2026-08-09T17:25:32.811079+00:00
adversarial_ambiguous_195,google/gemma-2-2b,13,adversarial_ambiguous,4.1582,0.98919677734375,2026-08-09T17:25:32.811079+00:00
adversarial_ambiguous_195,google/gemma-2-2b,14,adversarial_ambiguous,4.1582,0.9864501953125,2026-08-09T17:25:32.811079+00:00
adversarial_ambiguous_196,google/gemma-2-2b,11,adversarial_ambiguous,2.2279,0.99267578125,2026-08-09T17:25:32.811079+00:00
adversarial_ambiguous_196,google/gemma-2-2b,12,adversarial_ambiguous,2.2279,0.99371337890625,2026-08-09T17:25:32.811079+00:00
adversarial_ambiguous_196,google/gemma-2-2b,13,adversarial_ambiguous,2.2279,0.9853515625,2026-08-09T17:25:32.811079+00:00
adversarial_ambiguous_196,google/gemma-2-2b,14,adversarial_ambiguous,2.2279,0.97845458984375,2026-08-09T17:25:32.811079+00:00
adversarial_ambiguous_197,google/gemma-2-2b,11,adversarial_ambiguous,4.2959,0.99542236328125,2026-08-09T17:25:32.811079+00:00
adversarial_ambiguous_197,google/gemma-2-2b,12,adversarial_ambiguous,4.2959,0.99505615234375,2026-08-09T17:25:32.811079+00:00
adversarial_ambiguous_197,google/gemma-2-2b,13,adversarial_ambiguous,4.2959,0.98297119140625,2026-08-09T17:25:32.811079+00:00
adversarial_ambiguous_197,google/gemma-2-2b,14,adversarial_ambiguous,4.2959,0.98126220703125,2026-08-09T17:25:32.811079+00:00
adversarial_ambiguous_198,google/gemma-2-2b,11,adversarial_ambiguous,3.8193,0.9969482421875,2026-08-09T17:25:32.811079+00:00
adversarial_ambiguous_198,google/gemma-2-2b,12,adversarial_ambiguous,3.8193,0.9962158203125,2026-08-09T17:25:32.811079+00:00
adversarial_ambiguous_198,google/gemma-2-2b,13,adversarial_ambiguous,3.8193,0.99237060546875,2026-08-09T17:25:32.811079+00:00
adversarial_ambiguous_198,google/gemma-2-2b,14,adversarial_ambiguous,3.8193,0.99102783203125,2026-08-09T17:25:32.811079+00:00
adversarial_ambiguous_199,google/gemma-2-2b,11,adversarial_ambiguous,4.3033,0.99267578125,2026-08-09T17:25:32.811079+00:00
adversarial_ambiguous_199,google/gemma-2-2b,12,adversarial_ambiguous,4.3033,0.99322509765625,2026-08-09T17:25:32.811079+00:00
adversarial_ambiguous_199,google/gemma-2-2b,13,adversarial_ambiguous,4.3033,0.98809814453125,2026-08-09T17:25:32.811079+00:00
adversarial_ambiguous_199,google/gemma-2-2b,14,adversarial_ambiguous,4.3033,0.98321533203125,2026-08-09T17:25:32.811079+00:00
adversarial_ambiguous_200,google/gemma-2-2b,11,adversarial_ambiguous,4.1995,0.9951171875,2026-08-09T17:25:32.811079+00:00
adversarial_ambiguous_200,google/gemma-2-2b,12,adversarial_ambiguous,4.1995,0.994140625,2026-08-09T17:25:32.811079+00:00
adversarial_ambiguous_200,google/gemma-2-2b,13,adversarial_ambiguous,4.1995,0.9879150390625,2026-08-09T17:25:32.811079+00:00
adversarial_ambiguous_200,google/gemma-2-2b,14,adversarial_ambiguous,4.1995,0.98651123046875,2026-08-09T17:25:32.811079+00:00
adversarial_ambiguous_201,google/gemma-2-2b,11,adversarial_ambiguous,3.7182,0.99639892578125,2026-08-09T17:25:32.811079+00:00
adversarial_ambiguous_201,google/gemma-2-2b,12,adversarial_ambiguous,3.7182,0.994384765625,2026-08-09T17:25:32.811079+00:00
adversarial_ambiguous_201,google/gemma-2-2b,13,adversarial_ambiguous,3.7182,0.98968505859375,2026-08-09T17:25:32.811079+00:00
adversarial_ambiguous_201,google/gemma-2-2b,14,adversarial_ambiguous,3.7182,0.98565673828125,2026-08-09T17:25:32.811079+00:00
adversarial_ambiguous_202,google/gemma-2-2b,11,adversarial_ambiguous,3.769,0.9923095703125,2026-08-09T17:25:32.811079+00:00
adversarial_ambiguous_202,google/gemma-2-2b,12,adversarial_ambiguous,3.769,0.98968505859375,2026-08-09T17:25:32.811079+00:00
adversarial_ambiguous_202,google/gemma-2-2b,13,adversarial_ambiguous,3.769,0.98541259765625,2026-08-09T17:25:32.811079+00:00
adversarial_ambiguous_202,google/gemma-2-2b,14,adversarial_ambiguous,3.769,0.98394775390625,2026-08-09T17:25:32.811079+00:00
adversarial_ambiguous_203,google/gemma-2-2b,11,adversarial_ambiguous,4.395,0.99481201171875,2026-08-09T17:25:32.811079+00:00
adversarial_ambiguous_203,google/gemma-2-2b,12,adversarial_ambiguous,4.395,0.994873046875,2026-08-09T17:25:32.811079+00:00
adversarial_ambiguous_203,google/gemma-2-2b,13,adversarial_ambiguous,4.395,0.9908447265625,2026-08-09T17:25:32.811079+00:00
adversarial_ambiguous_203,google/gemma-2-2b,14,adversarial_ambiguous,4.395,0.9884033203125,2026-08-09T17:25:32.811079+00:00
adversarial_ambiguous_204,google/gemma-2-2b,11,adversarial_ambiguous,3.324,0.99493408203125,2026-08-09T17:25:32.811079+00:00
adversarial_ambiguous_204,google/gemma-2-2b,12,adversarial_ambiguous,3.324,0.99468994140625,2026-08-09T17:25:32.811079+00:00
adversarial_ambiguous_204,google/gemma-2-2b,13,adversarial_ambiguous,3.324,0.9901123046875,2026-08-09T17:25:32.811079+00:00
adversarial_ambiguous_204,google/gemma-2-2b,14,adversarial_ambiguous,3.324,0.9864501953125,2026-08-09T17:25:32.811079+00:00
adversarial_ambiguous_205,google/gemma-2-2b,11,adversarial_ambiguous,2.9213,0.995849609375,2026-08-09T17:25:32.811079+00:00
adversarial_ambiguous_205,google/gemma-2-2b,12,adversarial_ambiguous,2.9213,0.9947509765625,2026-08-09T17:25:32.811079+00:00
adversarial_ambiguous_205,google/gemma-2-2b,13,adversarial_ambiguous,2.9213,0.9881591796875,2026-08-09T17:25:32.811079+00:00
adversarial_ambiguous_205,google/gemma-2-2b,14,adversarial_ambiguous,2.9213,0.9827880859375,2026-08-09T17:25:32.811079+00:00
adversarial_ambiguous_206,google/gemma-2-2b,11,adversarial_ambiguous,2.3819,0.994873046875,2026-08-09T17:25:32.811079+00:00
adversarial_ambiguous_206,google/gemma-2-2b,12,adversarial_ambiguous,2.3819,0.995361328125,2026-08-09T17:25:32.811079+00:00
adversarial_ambiguous_206,google/gemma-2-2b,13,adversarial_ambiguous,2.3819,0.98663330078125,2026-08-09T17:25:32.811079+00:00
adversarial_ambiguous_206,google/gemma-2-2b,14,adversarial_ambiguous,2.3819,0.98577880859375,2026-08-09T17:25:32.811079+00:00
adversarial_ambiguous_207,google/gemma-2-2b,11,adversarial_ambiguous,3.2152,0.9967041015625,2026-08-09T17:25:32.811079+00:00
adversarial_ambiguous_207,google/gemma-2-2b,12,adversarial_ambiguous,3.2152,0.99603271484375,2026-08-09T17:25:32.811079+00:00
adversarial_ambiguous_207,google/gemma-2-2b,13,adversarial_ambiguous,3.2152,0.99188232421875,2026-08-09T17:25:32.811079+00:00
adversarial_ambiguous_207,google/gemma-2-2b,14,adversarial_ambiguous,3.2152,0.9893798828125,2026-08-09T17:25:32.811079+00:00
adversarial_ambiguous_208,google/gemma-2-2b,11,adversarial_ambiguous,4.8338,0.996337890625,2026-08-09T17:25:32.811079+00:00
adversarial_ambiguous_208,google/gemma-2-2b,12,adversarial_ambiguous,4.8338,0.99591064453125,2026-08-09T17:25:32.811079+00:00
adversarial_ambiguous_208,google/gemma-2-2b,13,adversarial_ambiguous,4.8338,0.9913330078125,2026-08-09T17:25:32.811079+00:00
adversarial_ambiguous_208,google/gemma-2-2b,14,adversarial_ambiguous,4.8338,0.9886474609375,2026-08-09T17:25:32.811079+00:00
adversarial_ambiguous_209,google/gemma-2-2b,11,adversarial_ambiguous,3.8863,0.9962158203125,2026-08-09T17:25:32.811079+00:00
adversarial_ambiguous_209,google/gemma-2-2b,12,adversarial_ambiguous,3.8863,0.9949951171875,2026-08-09T17:25:32.811079+00:00
adversarial_ambiguous_209,google/gemma-2-2b,13,adversarial_ambiguous,3.8863,0.9888916015625,2026-08-09T17:25:32.811079+00:00
adversarial_ambiguous_209,google/gemma-2-2b,14,adversarial_ambiguous,3.8863,0.986572265625,2026-08-09T17:25:32.811079+00:00
adversarial_ambiguous_210,google/gemma-2-2b,11,adversarial_ambiguous,2.8557,0.9940185546875,2026-08-09T17:25:32.811079+00:00
adversarial_ambiguous_210,google/gemma-2-2b,12,adversarial_ambiguous,2.8557,0.992919921875,2026-08-09T17:25:32.811079+00:00
adversarial_ambiguous_210,google/gemma-2-2b,13,adversarial_ambiguous,2.8557,0.98614501953125,2026-08-09T17:25:32.811079+00:00
adversarial_ambiguous_210,google/gemma-2-2b,14,adversarial_ambiguous,2.8557,0.98333740234375,2026-08-09T17:25:32.811079+00:00
adversarial_ambiguous_211,google/gemma-2-2b,11,adversarial_ambiguous,4.8003,0.994873046875,2026-08-09T17:25:32.811079+00:00
adversarial_ambiguous_211,google/gemma-2-2b,12,adversarial_ambiguous,4.8003,0.99517822265625,2026-08-09T17:25:32.811079+00:00
adversarial_ambiguous_211,google/gemma-2-2b,13,adversarial_ambiguous,4.8003,0.99102783203125,2026-08-09T17:25:32.811079+00:00
adversarial_ambiguous_211,google/gemma-2-2b,14,adversarial_ambiguous,4.8003,0.9853515625,2026-08-09T17:25:32.811079+00:00
adversarial_ambiguous_212,google/gemma-2-2b,11,adversarial_ambiguous,2.7743,0.99591064453125,2026-08-09T17:25:32.811079+00:00
adversarial_ambiguous_212,google/gemma-2-2b,12,adversarial_ambiguous,2.7743,0.99566650390625,2026-08-09T17:25:32.811079+00:00
adversarial_ambiguous_212,google/gemma-2-2b,13,adversarial_ambiguous,2.7743,0.98931884765625,2026-08-09T17:25:32.811079+00:00
adversarial_ambiguous_212,google/gemma-2-2b,14,adversarial_ambiguous,2.7743,0.98388671875,2026-08-09T17:25:32.811079+00:00
adversarial_ambiguous_213,google/gemma-2-2b,11,adversarial_ambiguous,2.9943,0.9945068359375,2026-08-09T17:25:32.811079+00:00
adversarial_ambiguous_213,google/gemma-2-2b,12,adversarial_ambiguous,2.9943,0.994140625,2026-08-09T17:25:32.811079+00:00
adversarial_ambiguous_213,google/gemma-2-2b,13,adversarial_ambiguous,2.9943,0.984619140625,2026-08-09T17:25:32.811079+00:00
adversarial_ambiguous_213,google/gemma-2-2b,14,adversarial_ambiguous,2.9943,0.97674560546875,2026-08-09T17:25:32.811079+00:00
adversarial_ambiguous_214,google/gemma-2-2b,11,adversarial_ambiguous,5.1771,0.9940185546875,2026-08-09T17:25:32.811079+00:00
adversarial_ambiguous_214,google/gemma-2-2b,12,adversarial_ambiguous,5.1771,0.99371337890625,2026-08-09T17:25:32.811079+00:00
adversarial_ambiguous_214,google/gemma-2-2b,13,adversarial_ambiguous,5.1771,0.98248291015625,2026-08-09T17:25:32.811079+00:00
adversarial_ambiguous_214,google/gemma-2-2b,14,adversarial_ambiguous,5.1771,0.9747314453125,2026-08-09T17:25:32.811079+00:00
adversarial_ambiguous_215,google/gemma-2-2b,11,adversarial_ambiguous,4.5872,0.9962158203125,2026-08-09T17:25:32.811079+00:00
adversarial_ambiguous_215,google/gemma-2-2b,12,adversarial_ambiguous,4.5872,0.99603271484375,2026-08-09T17:25:32.811079+00:00
adversarial_ambiguous_215,google/gemma-2-2b,13,adversarial_ambiguous,4.5872,0.9903564453125,2026-08-09T17:25:32.811079+00:00
adversarial_ambiguous_215,google/gemma-2-2b,14,adversarial_ambiguous,4.5872,0.9835205078125,2026-08-09T17:25:32.811079+00:00
adversarial_ambiguous_216,google/gemma-2-2b,11,adversarial_ambiguous,3.2662,0.99462890625,2026-08-09T17:25:32.811079+00:00
adversarial_ambiguous_216,google/gemma-2-2b,12,adversarial_ambiguous,3.2662,0.99365234375,2026-08-09T17:25:32.811079+00:00
adversarial_ambiguous_216,google/gemma-2-2b,13,adversarial_ambiguous,3.2662,0.98919677734375,2026-08-09T17:25:32.811079+00:00
adversarial_ambiguous_216,google/gemma-2-2b,14,adversarial_ambiguous,3.2662,0.9871826171875,2026-08-09T17:25:32.811079+00:00
adversarial_ambiguous_217,google/gemma-2-2b,11,adversarial_ambiguous,0.6542,0.9931640625,2026-08-09T17:25:32.811079+00:00
adversarial_ambiguous_217,google/gemma-2-2b,12,adversarial_ambiguous,0.6542,0.99237060546875,2026-08-09T17:25:32.811079+00:00
adversarial_ambiguous_217,google/gemma-2-2b,13,adversarial_ambiguous,0.6542,0.98193359375,2026-08-09T17:25:32.811079+00:00
adversarial_ambiguous_217,google/gemma-2-2b,14,adversarial_ambiguous,0.6542,0.97955322265625,2026-08-09T17:25:32.811079+00:00
adversarial_ambiguous_218,google/gemma-2-2b,11,adversarial_ambiguous,4.7631,0.9952392578125,2026-08-09T17:25:32.811079+00:00
adversarial_ambiguous_218,google/gemma-2-2b,12,adversarial_ambiguous,4.7631,0.99493408203125,2026-08-09T17:25:32.811079+00:00
adversarial_ambiguous_218,google/gemma-2-2b,13,adversarial_ambiguous,4.7631,0.9888916015625,2026-08-09T17:25:32.811079+00:00
adversarial_ambiguous_218,google/gemma-2-2b,14,adversarial_ambiguous,4.7631,0.986083984375,2026-08-09T17:25:32.811079+00:00
adversarial_ambiguous_219,google/gemma-2-2b,11,adversarial_ambiguous,2.4647,0.995361328125,2026-08-09T17:25:32.811079+00:00
adversarial_ambiguous_219,google/gemma-2-2b,12,adversarial_ambiguous,2.4647,0.994384765625,2026-08-09T17:25:32.811079+00:00
adversarial_ambiguous_219,google/gemma-2-2b,13,adversarial_ambiguous,2.4647,0.98663330078125,2026-08-09T17:25:32.811079+00:00
adversarial_ambiguous_219,google/gemma-2-2b,14,adversarial_ambiguous,2.4647,0.9844970703125,2026-08-09T17:25:32.811079+00:00
adversarial_ambiguous_220,google/gemma-2-2b,11,adversarial_ambiguous,4.3634,0.995849609375,2026-08-09T17:25:32.811079+00:00
adversarial_ambiguous_220,google/gemma-2-2b,12,adversarial_ambiguous,4.3634,0.99554443359375,2026-08-09T17:25:32.811079+00:00
adversarial_ambiguous_220,google/gemma-2-2b,13,adversarial_ambiguous,4.3634,0.9913330078125,2026-08-09T17:25:32.811079+00:00
adversarial_ambiguous_220,google/gemma-2-2b,14,adversarial_ambiguous,4.3634,0.98846435546875,2026-08-09T17:25:32.811079+00:00
adversarial_ambiguous_221,google/gemma-2-2b,11,adversarial_ambiguous,2.3219,0.994140625,2026-08-09T17:25:32.811079+00:00
adversarial_ambiguous_221,google/gemma-2-2b,12,adversarial_ambiguous,2.3219,0.994384765625,2026-08-09T17:25:32.811079+00:00
adversarial_ambiguous_221,google/gemma-2-2b,13,adversarial_ambiguous,2.3219,0.98809814453125,2026-08-09T17:25:32.811079+00:00
adversarial_ambiguous_221,google/gemma-2-2b,14,adversarial_ambiguous,2.3219,0.98333740234375,2026-08-09T17:25:32.811079+00:00
adversarial_ambiguous_222,google/gemma-2-2b,11,adversarial_ambiguous,3.338,0.99554443359375,2026-08-09T17:25:32.811079+00:00
adversarial_ambiguous_222,google/gemma-2-2b,12,adversarial_ambiguous,3.338,0.9945068359375,2026-08-09T17:25:32.811079+00:00
adversarial_ambiguous_222,google/gemma-2-2b,13,adversarial_ambiguous,3.338,0.99078369140625,2026-08-09T17:25:32.811079+00:00
adversarial_ambiguous_222,google/gemma-2-2b,14,adversarial_ambiguous,3.338,0.9886474609375,2026-08-09T17:25:32.811079+00:00
adversarial_ambiguous_223,google/gemma-2-2b,11,adversarial_ambiguous,2.8122,0.99652099609375,2026-08-09T17:25:32.811079+00:00
adversarial_ambiguous_223,google/gemma-2-2b,12,adversarial_ambiguous,2.8122,0.9959716796875,2026-08-09T17:25:32.811079+00:00
adversarial_ambiguous_223,google/gemma-2-2b,13,adversarial_ambiguous,2.8122,0.9896240234375,2026-08-09T17:25:32.811079+00:00
adversarial_ambiguous_223,google/gemma-2-2b,14,adversarial_ambiguous,2.8122,0.982177734375,2026-08-09T17:25:32.811079+00:00
adversarial_ambiguous_224,google/gemma-2-2b,11,adversarial_ambiguous,3.7617,0.99420166015625,2026-08-09T17:25:32.811079+00:00
adversarial_ambiguous_224,google/gemma-2-2b,12,adversarial_ambiguous,3.7617,0.994140625,2026-08-09T17:25:32.811079+00:00
adversarial_ambiguous_224,google/gemma-2-2b,13,adversarial_ambiguous,3.7617,0.9893798828125,2026-08-09T17:25:32.811079+00:00
adversarial_ambiguous_224,google/gemma-2-2b,14,adversarial_ambiguous,3.7617,0.98614501953125,2026-08-09T17:25:32.811079+00:00
adversarial_ambiguous_225,google/gemma-2-2b,11,adversarial_ambiguous,4.6271,0.99591064453125,2026-08-09T17:25:32.811079+00:00
adversarial_ambiguous_225,google/gemma-2-2b,12,adversarial_ambiguous,4.6271,0.995361328125,2026-08-09T17:25:32.811079+00:00
adversarial_ambiguous_225,google/gemma-2-2b,13,adversarial_ambiguous,4.6271,0.9901123046875,2026-08-09T17:25:32.811079+00:00
adversarial_ambiguous_225,google/gemma-2-2b,14,adversarial_ambiguous,4.6271,0.98663330078125,2026-08-09T17:25:32.811079+00:00
adversarial_ambiguous_226,google/gemma-2-2b,11,adversarial_ambiguous,3.3327,0.99493408203125,2026-08-09T17:25:32.811079+00:00
adversarial_ambiguous_226,google/gemma-2-2b,12,adversarial_ambiguous,3.3327,0.99420166015625,2026-08-09T17:25:32.811079+00:00
adversarial_ambiguous_226,google/gemma-2-2b,13,adversarial_ambiguous,3.3327,0.984619140625,2026-08-09T17:25:32.811079+00:00
adversarial_ambiguous_226,google/gemma-2-2b,14,adversarial_ambiguous,3.3327,0.96929931640625,2026-08-09T17:25:32.811079+00:00
adversarial_ambiguous_227,google/gemma-2-2b,11,adversarial_ambiguous,3.9892,0.995361328125,2026-08-09T17:25:32.811079+00:00
adversarial_ambiguous_227,google/gemma-2-2b,12,adversarial_ambiguous,3.9892,0.9940185546875,2026-08-09T17:25:32.811079+00:00
adversarial_ambiguous_227,google/gemma-2-2b,13,adversarial_ambiguous,3.9892,0.98895263671875,2026-08-09T17:25:32.811079+00:00
adversarial_ambiguous_227,google/gemma-2-2b,14,adversarial_ambiguous,3.9892,0.98553466796875,2026-08-09T17:25:32.811079+00:00
adversarial_ambiguous_228,google/gemma-2-2b,11,adversarial_ambiguous,2.6368,0.99334716796875,2026-08-09T17:25:32.811079+00:00
adversarial_ambiguous_228,google/gemma-2-2b,12,adversarial_ambiguous,2.6368,0.9931640625,2026-08-09T17:25:32.811079+00:00
adversarial_ambiguous_228,google/gemma-2-2b,13,adversarial_ambiguous,2.6368,0.98468017578125,2026-08-09T17:25:32.811079+00:00
adversarial_ambiguous_228,google/gemma-2-2b,14,adversarial_ambiguous,2.6368,0.98126220703125,2026-08-09T17:25:32.811079+00:00
adversarial_ambiguous_229,google/gemma-2-2b,11,adversarial_ambiguous,3.269,0.99456787109375,2026-08-09T17:25:32.811079+00:00
adversarial_ambiguous_229,google/gemma-2-2b,12,adversarial_ambiguous,3.269,0.99407958984375,2026-08-09T17:25:32.811079+00:00
adversarial_ambiguous_229,google/gemma-2-2b,13,adversarial_ambiguous,3.269,0.98956298828125,2026-08-09T17:25:32.811079+00:00
adversarial_ambiguous_229,google/gemma-2-2b,14,adversarial_ambiguous,3.269,0.987548828125,2026-08-09T17:25:32.811079+00:00
adversarial_ambiguous_230,google/gemma-2-2b,11,adversarial_ambiguous,1.4915,0.99371337890625,2026-08-09T17:25:32.811079+00:00
adversarial_ambiguous_230,google/gemma-2-2b,12,adversarial_ambiguous,1.4915,0.99407958984375,2026-08-09T17:25:32.811079+00:00
adversarial_ambiguous_230,google/gemma-2-2b,13,adversarial_ambiguous,1.4915,0.98834228515625,2026-08-09T17:25:32.811079+00:00
adversarial_ambiguous_230,google/gemma-2-2b,14,adversarial_ambiguous,1.4915,0.986572265625,2026-08-09T17:25:32.811079+00:00
adversarial_ambiguous_231,google/gemma-2-2b,11,adversarial_ambiguous,3.1993,0.99273681640625,2026-08-09T17:25:32.811079+00:00
adversarial_ambiguous_231,google/gemma-2-2b,12,adversarial_ambiguous,3.1993,0.9921875,2026-08-09T17:25:32.811079+00:00
adversarial_ambiguous_231,google/gemma-2-2b,13,adversarial_ambiguous,3.1993,0.98516845703125,2026-08-09T17:25:32.811079+00:00
adversarial_ambiguous_231,google/gemma-2-2b,14,adversarial_ambiguous,3.1993,0.9825439453125,2026-08-09T17:25:32.811079+00:00
adversarial_ambiguous_232,google/gemma-2-2b,11,adversarial_ambiguous,4.4838,0.99560546875,2026-08-09T17:25:32.811079+00:00
adversarial_ambiguous_232,google/gemma-2-2b,12,adversarial_ambiguous,4.4838,0.99505615234375,2026-08-09T17:25:32.811079+00:00
adversarial_ambiguous_232,google/gemma-2-2b,13,adversarial_ambiguous,4.4838,0.990234375,2026-08-09T17:25:32.811079+00:00
adversarial_ambiguous_232,google/gemma-2-2b,14,adversarial_ambiguous,4.4838,0.987548828125,2026-08-09T17:25:32.811079+00:00
adversarial_ambiguous_233,google/gemma-2-2b,11,adversarial_ambiguous,4.7388,0.994140625,2026-08-09T17:25:32.811079+00:00
adversarial_ambiguous_233,google/gemma-2-2b,12,adversarial_ambiguous,4.7388,0.99468994140625,2026-08-09T17:25:32.811079+00:00
adversarial_ambiguous_233,google/gemma-2-2b,13,adversarial_ambiguous,4.7388,0.989990234375,2026-08-09T17:25:32.811079+00:00
adversarial_ambiguous_233,google/gemma-2-2b,14,adversarial_ambiguous,4.7388,0.9840087890625,2026-08-09T17:25:32.811079+00:00
adversarial_ambiguous_234,google/gemma-2-2b,11,adversarial_ambiguous,3.8691,0.99591064453125,2026-08-09T17:25:32.811079+00:00
adversarial_ambiguous_234,google/gemma-2-2b,12,adversarial_ambiguous,3.8691,0.9942626953125,2026-08-09T17:25:32.811079+00:00
adversarial_ambiguous_234,google/gemma-2-2b,13,adversarial_ambiguous,3.8691,0.98712158203125,2026-08-09T17:25:32.811079+00:00
adversarial_ambiguous_234,google/gemma-2-2b,14,adversarial_ambiguous,3.8691,0.9854736328125,2026-08-09T17:25:32.811079+00:00
adversarial_ambiguous_235,google/gemma-2-2b,11,adversarial_ambiguous,4.2285,0.99407958984375,2026-08-09T17:25:32.811079+00:00
adversarial_ambiguous_235,google/gemma-2-2b,12,adversarial_ambiguous,4.2285,0.99346923828125,2026-08-09T17:25:32.811079+00:00
adversarial_ambiguous_235,google/gemma-2-2b,13,adversarial_ambiguous,4.2285,0.9884033203125,2026-08-09T17:25:32.811079+00:00
adversarial_ambiguous_235,google/gemma-2-2b,14,adversarial_ambiguous,4.2285,0.98602294921875,2026-08-09T17:25:32.811079+00:00
adversarial_ambiguous_236,google/gemma-2-2b,11,adversarial_ambiguous,3.0227,0.9927978515625,2026-08-09T17:25:32.811079+00:00
adversarial_ambiguous_236,google/gemma-2-2b,12,adversarial_ambiguous,3.0227,0.99200439453125,2026-08-09T17:25:32.811079+00:00
adversarial_ambiguous_236,google/gemma-2-2b,13,adversarial_ambiguous,3.0227,0.98681640625,2026-08-09T17:25:32.811079+00:00
adversarial_ambiguous_236,google/gemma-2-2b,14,adversarial_ambiguous,3.0227,0.9832763671875,2026-08-09T17:25:32.811079+00:00
adversarial_ambiguous_237,google/gemma-2-2b,11,adversarial_ambiguous,4.0675,0.99566650390625,2026-08-09T17:25:32.811079+00:00
adversarial_ambiguous_237,google/gemma-2-2b,12,adversarial_ambiguous,4.0675,0.9942626953125,2026-08-09T17:25:32.811079+00:00
adversarial_ambiguous_237,google/gemma-2-2b,13,adversarial_ambiguous,4.0675,0.98834228515625,2026-08-09T17:25:32.811079+00:00
adversarial_ambiguous_237,google/gemma-2-2b,14,adversarial_ambiguous,4.0675,0.98638916015625,2026-08-09T17:25:32.811079+00:00
adversarial_ambiguous_238,google/gemma-2-2b,11,adversarial_ambiguous,3.8994,0.99432373046875,2026-08-09T17:25:32.811079+00:00
adversarial_ambiguous_238,google/gemma-2-2b,12,adversarial_ambiguous,3.8994,0.99359130859375,2026-08-09T17:25:32.811079+00:00
adversarial_ambiguous_238,google/gemma-2-2b,13,adversarial_ambiguous,3.8994,0.98797607421875,2026-08-09T17:25:32.811079+00:00
adversarial_ambiguous_238,google/gemma-2-2b,14,adversarial_ambiguous,3.8994,0.9864501953125,2026-08-09T17:25:32.811079+00:00
adversarial_ambiguous_239,google/gemma-2-2b,11,adversarial_ambiguous,3.4537,0.99359130859375,2026-08-09T17:25:32.811079+00:00
adversarial_ambiguous_239,google/gemma-2-2b,12,adversarial_ambiguous,3.4537,0.99273681640625,2026-08-09T17:25:32.811079+00:00
adversarial_ambiguous_239,google/gemma-2-2b,13,adversarial_ambiguous,3.4537,0.98516845703125,2026-08-09T17:25:32.811079+00:00
adversarial_ambiguous_239,google/gemma-2-2b,14,adversarial_ambiguous,3.4537,0.982177734375,2026-08-09T17:25:32.811079+00:00
adversarial_ambiguous_240,google/gemma-2-2b,11,adversarial_ambiguous,4.6561,0.99554443359375,2026-08-09T17:25:32.811079+00:00
adversarial_ambiguous_240,google/gemma-2-2b,12,adversarial_ambiguous,4.6561,0.99505615234375,2026-08-09T17:25:32.811079+00:00
adversarial_ambiguous_240,google/gemma-2-2b,13,adversarial_ambiguous,4.6561,0.990234375,2026-08-09T17:25:32.811079+00:00
adversarial_ambiguous_240,google/gemma-2-2b,14,adversarial_ambiguous,4.6561,0.9853515625,2026-08-09T17:25:32.811079+00:00
adversarial_ambiguous_241,google/gemma-2-2b,11,adversarial_ambiguous,4.1453,0.99639892578125,2026-08-09T17:25:32.811079+00:00
adversarial_ambiguous_241,google/gemma-2-2b,12,adversarial_ambiguous,4.1453,0.9949951171875,2026-08-09T17:25:32.811079+00:00
adversarial_ambiguous_241,google/gemma-2-2b,13,adversarial_ambiguous,4.1453,0.9915771484375,2026-08-09T17:25:32.811079+00:00
adversarial_ambiguous_241,google/gemma-2-2b,14,adversarial_ambiguous,4.1453,0.98797607421875,2026-08-09T17:25:32.811079+00:00
adversarial_ambiguous_242,google/gemma-2-2b,11,adversarial_ambiguous,2.8387,0.99322509765625,2026-08-09T17:25:32.811079+00:00
adversarial_ambiguous_242,google/gemma-2-2b,12,adversarial_ambiguous,2.8387,0.9930419921875,2026-08-09T17:25:32.811079+00:00
adversarial_ambiguous_242,google/gemma-2-2b,13,adversarial_ambiguous,2.8387,0.98907470703125,2026-08-09T17:25:32.811079+00:00
adversarial_ambiguous_242,google/gemma-2-2b,14,adversarial_ambiguous,2.8387,0.9818115234375,2026-08-09T17:25:32.811079+00:00
adversarial_ambiguous_243,google/gemma-2-2b,11,adversarial_ambiguous,4.6699,0.996337890625,2026-08-09T17:25:32.811079+00:00
adversarial_ambiguous_243,google/gemma-2-2b,12,adversarial_ambiguous,4.6699,0.99560546875,2026-08-09T17:25:32.811079+00:00
adversarial_ambiguous_243,google/gemma-2-2b,13,adversarial_ambiguous,4.6699,0.99127197265625,2026-08-09T17:25:32.811079+00:00
adversarial_ambiguous_243,google/gemma-2-2b,14,adversarial_ambiguous,4.6699,0.98980712890625,2026-08-09T17:25:32.811079+00:00
adversarial_ambiguous_244,google/gemma-2-2b,11,adversarial_ambiguous,4.1116,0.99566650390625,2026-08-09T17:25:32.811079+00:00
adversarial_ambiguous_244,google/gemma-2-2b,12,adversarial_ambiguous,4.1116,0.9959716796875,2026-08-09T17:25:32.811079+00:00
adversarial_ambiguous_244,google/gemma-2-2b,13,adversarial_ambiguous,4.1116,0.98907470703125,2026-08-09T17:25:32.811079+00:00
adversarial_ambiguous_244,google/gemma-2-2b,14,adversarial_ambiguous,4.1116,0.98236083984375,2026-08-09T17:25:32.811079+00:00
adversarial_ambiguous_245,google/gemma-2-2b,11,adversarial_ambiguous,4.3087,0.99615478515625,2026-08-09T17:25:32.811079+00:00
adversarial_ambiguous_245,google/gemma-2-2b,12,adversarial_ambiguous,4.3087,0.994384765625,2026-08-09T17:25:32.811079+00:00
adversarial_ambiguous_245,google/gemma-2-2b,13,adversarial_ambiguous,4.3087,0.9912109375,2026-08-09T17:25:32.811079+00:00
adversarial_ambiguous_245,google/gemma-2-2b,14,adversarial_ambiguous,4.3087,0.9892578125,2026-08-09T17:25:32.811079+00:00
adversarial_ambiguous_246,google/gemma-2-2b,11,adversarial_ambiguous,2.1907,0.992919921875,2026-08-09T17:25:32.811079+00:00
adversarial_ambiguous_246,google/gemma-2-2b,12,adversarial_ambiguous,2.1907,0.99310302734375,2026-08-09T17:25:32.811079+00:00
adversarial_ambiguous_246,google/gemma-2-2b,13,adversarial_ambiguous,2.1907,0.98333740234375,2026-08-09T17:25:32.811079+00:00
adversarial_ambiguous_246,google/gemma-2-2b,14,adversarial_ambiguous,2.1907,0.9775390625,2026-08-09T17:25:32.811079+00:00
adversarial_ambiguous_247,google/gemma-2-2b,11,adversarial_ambiguous,4.2673,0.9949951171875,2026-08-09T17:25:32.811079+00:00
adversarial_ambiguous_247,google/gemma-2-2b,12,adversarial_ambiguous,4.2673,0.9952392578125,2026-08-09T17:25:32.811079+00:00
adversarial_ambiguous_247,google/gemma-2-2b,13,adversarial_ambiguous,4.2673,0.9864501953125,2026-08-09T17:25:32.811079+00:00
adversarial_ambiguous_247,google/gemma-2-2b,14,adversarial_ambiguous,4.2673,0.981201171875,2026-08-09T17:25:32.811079+00:00
adversarial_ambiguous_248,google/gemma-2-2b,11,adversarial_ambiguous,3.9817,0.99688720703125,2026-08-09T17:25:32.811079+00:00
adversarial_ambiguous_248,google/gemma-2-2b,12,adversarial_ambiguous,3.9817,0.996826171875,2026-08-09T17:25:32.811079+00:00
adversarial_ambiguous_248,google/gemma-2-2b,13,adversarial_ambiguous,3.9817,0.9918212890625,2026-08-09T17:25:32.811079+00:00
adversarial_ambiguous_248,google/gemma-2-2b,14,adversarial_ambiguous,3.9817,0.990234375,2026-08-09T17:25:32.811079+00:00
adversarial_ambiguous_249,google/gemma-2-2b,11,adversarial_ambiguous,4.6563,0.9954833984375,2026-08-09T17:25:32.811079+00:00
adversarial_ambiguous_249,google/gemma-2-2b,12,adversarial_ambiguous,4.6563,0.9942626953125,2026-08-09T17:25:32.811079+00:00
adversarial_ambiguous_249,google/gemma-2-2b,13,adversarial_ambiguous,4.6563,0.98980712890625,2026-08-09T17:25:32.811079+00:00
adversarial_ambiguous_249,google/gemma-2-2b,14,adversarial_ambiguous,4.6563,0.986328125,2026-08-09T17:25:32.811079+00:00
adversarial_ambiguous_250,google/gemma-2-2b,11,adversarial_ambiguous,3.942,0.9954833984375,2026-08-09T17:25:32.811079+00:00
adversarial_ambiguous_250,google/gemma-2-2b,12,adversarial_ambiguous,3.942,0.9942626953125,2026-08-09T17:25:32.811079+00:00
adversarial_ambiguous_250,google/gemma-2-2b,13,adversarial_ambiguous,3.942,0.988525390625,2026-08-09T17:25:32.811079+00:00
adversarial_ambiguous_250,google/gemma-2-2b,14,adversarial_ambiguous,3.942,0.986328125,2026-08-09T17:25:32.811079+00:00
constrained_factual_051,gpt2,5,constrained_factual,5.6719,0.9954020182291666,2026-08-09T17:34:23.446114+00:00
constrained_factual_051,gpt2,6,constrained_factual,5.6719,0.9812825520833334,2026-08-09T17:34:23.446114+00:00
constrained_factual_051,gpt2,7,constrained_factual,5.6719,0.903076171875,2026-08-09T17:34:23.446114+00:00
constrained_factual_051,gpt2,8,constrained_factual,5.6719,0.8467610677083334,2026-08-09T17:34:23.446114+00:00
constrained_factual_052,gpt2,5,constrained_factual,5.4297,0.9940999348958334,2026-08-09T17:34:23.446114+00:00
constrained_factual_052,gpt2,6,constrained_factual,5.4297,0.9876708984375,2026-08-09T17:34:23.446114+00:00
constrained_factual_052,gpt2,7,constrained_factual,5.4297,0.9380289713541666,2026-08-09T17:34:23.446114+00:00
constrained_factual_052,gpt2,8,constrained_factual,5.4297,0.908203125,2026-08-09T17:34:23.446114+00:00
constrained_factual_053,gpt2,5,constrained_factual,1.8184,0.9990641276041666,2026-08-09T17:34:23.446114+00:00
constrained_factual_053,gpt2,6,constrained_factual,1.8184,0.9982096354166666,2026-08-09T17:34:23.446114+00:00
constrained_factual_053,gpt2,7,constrained_factual,1.8184,0.9944661458333334,2026-08-09T17:34:23.446114+00:00
constrained_factual_053,gpt2,8,constrained_factual,1.8184,0.9888102213541666,2026-08-09T17:34:23.446114+00:00
constrained_factual_054,gpt2,5,constrained_factual,5.6289,0.9954427083333334,2026-08-09T17:34:23.446114+00:00
constrained_factual_054,gpt2,6,constrained_factual,5.6289,0.9924723307291666,2026-08-09T17:34:23.446114+00:00
constrained_factual_054,gpt2,7,constrained_factual,5.6289,0.9664713541666666,2026-08-09T17:34:23.446114+00:00
constrained_factual_054,gpt2,8,constrained_factual,5.6289,0.9554850260416666,2026-08-09T17:34:23.446114+00:00
constrained_factual_055,gpt2,5,constrained_factual,5.3594,0.9937337239583334,2026-08-09T17:34:23.446114+00:00
constrained_factual_055,gpt2,6,constrained_factual,5.3594,0.986328125,2026-08-09T17:34:23.446114+00:00
constrained_factual_055,gpt2,7,constrained_factual,5.3594,0.9395345052083334,2026-08-09T17:34:23.446114+00:00
constrained_factual_055,gpt2,8,constrained_factual,5.3594,0.9105631510416666,2026-08-09T17:34:23.446114+00:00
constrained_factual_056,gpt2,5,constrained_factual,4.9375,0.9971516927083334,2026-08-09T17:34:23.446114+00:00
constrained_factual_056,gpt2,6,constrained_factual,4.9375,0.9947102864583334,2026-08-09T17:34:23.446114+00:00
constrained_factual_056,gpt2,7,constrained_factual,4.9375,0.9768880208333334,2026-08-09T17:34:23.446114+00:00
constrained_factual_056,gpt2,8,constrained_factual,4.9375,0.9586995442708334,2026-08-09T17:34:23.446114+00:00
constrained_factual_057,gpt2,5,constrained_factual,6.6797,0.9963785807291666,2026-08-09T17:34:23.446114+00:00
constrained_factual_057,gpt2,6,constrained_factual,6.6797,0.992431640625,2026-08-09T17:34:23.446114+00:00
constrained_factual_057,gpt2,7,constrained_factual,6.6797,0.9828287760416666,2026-08-09T17:34:23.446114+00:00
constrained_factual_057,gpt2,8,constrained_factual,6.6797,0.9727783203125,2026-08-09T17:34:23.446114+00:00
constrained_factual_058,gpt2,5,constrained_factual,1.0674,0.9860026041666666,2026-08-09T17:34:23.446114+00:00
constrained_factual_058,gpt2,6,constrained_factual,1.0674,0.9626871744791666,2026-08-09T17:34:23.446114+00:00
constrained_factual_058,gpt2,7,constrained_factual,1.0674,0.9069010416666666,2026-08-09T17:34:23.446114+00:00
constrained_factual_058,gpt2,8,constrained_factual,1.0674,0.8455810546875,2026-08-09T17:34:23.446114+00:00
constrained_factual_059,gpt2,5,constrained_factual,6.3477,0.9934895833333334,2026-08-09T17:34:23.446114+00:00
constrained_factual_059,gpt2,6,constrained_factual,6.3477,0.9821370442708334,2026-08-09T17:34:23.446114+00:00
constrained_factual_059,gpt2,7,constrained_factual,6.3477,0.8848876953125,2026-08-09T17:34:23.446114+00:00
constrained_factual_059,gpt2,8,constrained_factual,6.3477,0.796142578125,2026-08-09T17:34:23.446114+00:00
constrained_factual_060,gpt2,5,constrained_factual,5.5156,0.9972737630208334,2026-08-09T17:34:23.446114+00:00
constrained_factual_060,gpt2,6,constrained_factual,5.5156,0.9954427083333334,2026-08-09T17:34:23.446114+00:00
constrained_factual_060,gpt2,7,constrained_factual,5.5156,0.9819742838541666,2026-08-09T17:34:23.446114+00:00
constrained_factual_060,gpt2,8,constrained_factual,5.5156,0.9654947916666666,2026-08-09T17:34:23.446114+00:00
constrained_factual_061,gpt2,5,constrained_factual,4.9805,0.9954833984375,2026-08-09T17:34:23.446114+00:00
constrained_factual_061,gpt2,6,constrained_factual,4.9805,0.9932047526041666,2026-08-09T17:34:23.446114+00:00
constrained_factual_061,gpt2,7,constrained_factual,4.9805,0.9718017578125,2026-08-09T17:34:23.446114+00:00
constrained_factual_061,gpt2,8,constrained_factual,4.9805,0.953369140625,2026-08-09T17:34:23.446114+00:00
constrained_factual_062,gpt2,5,constrained_factual,4.1172,0.9928792317708334,2026-08-09T17:34:23.446114+00:00
constrained_factual_062,gpt2,6,constrained_factual,4.1172,0.9732666015625,2026-08-09T17:34:23.446114+00:00
constrained_factual_062,gpt2,7,constrained_factual,4.1172,0.8726806640625,2026-08-09T17:34:23.446114+00:00
constrained_factual_062,gpt2,8,constrained_factual,4.1172,0.7926025390625,2026-08-09T17:34:23.446114+00:00
constrained_factual_063,gpt2,5,constrained_factual,5.1719,0.9939778645833334,2026-08-09T17:34:23.446114+00:00
constrained_factual_063,gpt2,6,constrained_factual,5.1719,0.9808349609375,2026-08-09T17:34:23.446114+00:00
constrained_factual_063,gpt2,7,constrained_factual,5.1719,0.8847249348958334,2026-08-09T17:34:23.446114+00:00
constrained_factual_063,gpt2,8,constrained_factual,5.1719,0.8531901041666666,2026-08-09T17:34:23.446114+00:00
constrained_factual_064,gpt2,5,constrained_factual,5.3789,0.9973958333333334,2026-08-09T17:34:23.446114+00:00
constrained_factual_064,gpt2,6,constrained_factual,5.3789,0.9940185546875,2026-08-09T17:34:23.446114+00:00
constrained_factual_064,gpt2,7,constrained_factual,5.3789,0.9707845052083334,2026-08-09T17:34:23.446114+00:00
constrained_factual_064,gpt2,8,constrained_factual,5.3789,0.9270833333333334,2026-08-09T17:34:23.446114+00:00
constrained_factual_065,gpt2,5,constrained_factual,4.9883,0.9958089192708334,2026-08-09T17:34:23.446114+00:00
constrained_factual_065,gpt2,6,constrained_factual,4.9883,0.9912923177083334,2026-08-09T17:34:23.446114+00:00
constrained_factual_065,gpt2,7,constrained_factual,4.9883,0.9612630208333334,2026-08-09T17:34:23.446114+00:00
constrained_factual_065,gpt2,8,constrained_factual,4.9883,0.9578450520833334,2026-08-09T17:34:23.446114+00:00
constrained_factual_066,gpt2,5,constrained_factual,6.3359,0.9956868489583334,2026-08-09T17:34:23.446114+00:00
constrained_factual_066,gpt2,6,constrained_factual,6.3359,0.9927978515625,2026-08-09T17:34:23.446114+00:00
constrained_factual_066,gpt2,7,constrained_factual,6.3359,0.9519449869791666,2026-08-09T17:34:23.446114+00:00
constrained_factual_066,gpt2,8,constrained_factual,6.3359,0.9296061197916666,2026-08-09T17:34:23.446114+00:00
constrained_factual_067,gpt2,5,constrained_factual,5.5039,0.9969482421875,2026-08-09T17:34:23.446114+00:00
constrained_factual_067,gpt2,6,constrained_factual,5.5039,0.9930013020833334,2026-08-09T17:34:23.446114+00:00
constrained_factual_067,gpt2,7,constrained_factual,5.5039,0.9622395833333334,2026-08-09T17:34:23.446114+00:00
constrained_factual_067,gpt2,8,constrained_factual,5.5039,0.9410400390625,2026-08-09T17:34:23.446114+00:00
constrained_factual_068,gpt2,5,constrained_factual,0.7935,0.9986979166666666,2026-08-09T17:34:23.446114+00:00
constrained_factual_068,gpt2,6,constrained_factual,0.7935,0.9983317057291666,2026-08-09T17:34:23.446114+00:00
constrained_factual_068,gpt2,7,constrained_factual,0.7935,0.9969075520833334,2026-08-09T17:34:23.446114+00:00
constrained_factual_068,gpt2,8,constrained_factual,0.7935,0.9951171875,2026-08-09T17:34:23.446114+00:00
constrained_factual_069,gpt2,5,constrained_factual,5.3555,0.9953206380208334,2026-08-09T17:34:23.446114+00:00
constrained_factual_069,gpt2,6,constrained_factual,5.3555,0.9833170572916666,2026-08-09T17:34:23.446114+00:00
constrained_factual_069,gpt2,7,constrained_factual,5.3555,0.908935546875,2026-08-09T17:34:23.446114+00:00
constrained_factual_069,gpt2,8,constrained_factual,5.3555,0.8538004557291666,2026-08-09T17:34:23.446114+00:00
constrained_factual_070,gpt2,5,constrained_factual,5.6836,0.9957682291666666,2026-08-09T17:34:23.446114+00:00
constrained_factual_070,gpt2,6,constrained_factual,5.6836,0.9888916015625,2026-08-09T17:34:23.446114+00:00
constrained_factual_070,gpt2,7,constrained_factual,5.6836,0.9553629557291666,2026-08-09T17:34:23.446114+00:00
constrained_factual_070,gpt2,8,constrained_factual,5.6836,0.9485270182291666,2026-08-09T17:34:23.446114+00:00
constrained_factual_071,gpt2,5,constrained_factual,5.8477,0.9925537109375,2026-08-09T17:34:23.446114+00:00
constrained_factual_071,gpt2,6,constrained_factual,5.8477,0.9639485677083334,2026-08-09T17:34:23.446114+00:00
constrained_factual_071,gpt2,7,constrained_factual,5.8477,0.8778889973958334,2026-08-09T17:34:23.446114+00:00
constrained_factual_071,gpt2,8,constrained_factual,5.8477,0.8736572265625,2026-08-09T17:34:23.446114+00:00
constrained_factual_072,gpt2,5,constrained_factual,5.4258,0.9933268229166666,2026-08-09T17:34:23.446114+00:00
constrained_factual_072,gpt2,6,constrained_factual,5.4258,0.9862060546875,2026-08-09T17:34:23.446114+00:00
constrained_factual_072,gpt2,7,constrained_factual,5.4258,0.9214680989583334,2026-08-09T17:34:23.446114+00:00
constrained_factual_072,gpt2,8,constrained_factual,5.4258,0.8818359375,2026-08-09T17:34:23.446114+00:00
constrained_factual_073,gpt2,5,constrained_factual,7.2969,0.9971110026041666,2026-08-09T17:34:23.446114+00:00
constrained_factual_073,gpt2,6,constrained_factual,7.2969,0.9923909505208334,2026-08-09T17:34:23.446114+00:00
constrained_factual_073,gpt2,7,constrained_factual,7.2969,0.9595133463541666,2026-08-09T17:34:23.446114+00:00
constrained_factual_073,gpt2,8,constrained_factual,7.2969,0.8712158203125,2026-08-09T17:34:23.446114+00:00
constrained_factual_074,gpt2,5,constrained_factual,5.7695,0.9956868489583334,2026-08-09T17:34:23.446114+00:00
constrained_factual_074,gpt2,6,constrained_factual,5.7695,0.9844970703125,2026-08-09T17:34:23.446114+00:00
constrained_factual_074,gpt2,7,constrained_factual,5.7695,0.9205322265625,2026-08-09T17:34:23.446114+00:00
constrained_factual_074,gpt2,8,constrained_factual,5.7695,0.8766682942708334,2026-08-09T17:34:23.446114+00:00
constrained_factual_075,gpt2,5,constrained_factual,3.1582,0.9933675130208334,2026-08-09T17:34:23.446114+00:00
constrained_factual_075,gpt2,6,constrained_factual,3.1582,0.9898274739583334,2026-08-09T17:34:23.446114+00:00
constrained_factual_075,gpt2,7,constrained_factual,3.1582,0.9551188151041666,2026-08-09T17:34:23.446114+00:00
constrained_factual_075,gpt2,8,constrained_factual,3.1582,0.9444986979166666,2026-08-09T17:34:23.446114+00:00
constrained_factual_076,gpt2,5,constrained_factual,4.8086,0.9960530598958334,2026-08-09T17:34:23.446114+00:00
constrained_factual_076,gpt2,6,constrained_factual,4.8086,0.9891764322916666,2026-08-09T17:34:23.446114+00:00
constrained_factual_076,gpt2,7,constrained_factual,4.8086,0.94921875,2026-08-09T17:34:23.446114+00:00
constrained_factual_076,gpt2,8,constrained_factual,4.8086,0.9223225911458334,2026-08-09T17:34:23.446114+00:00
constrained_factual_077,gpt2,5,constrained_factual,6.2969,0.9937744140625,2026-08-09T17:34:23.446114+00:00
constrained_factual_077,gpt2,6,constrained_factual,6.2969,0.9866536458333334,2026-08-09T17:34:23.446114+00:00
constrained_factual_077,gpt2,7,constrained_factual,6.2969,0.9065755208333334,2026-08-09T17:34:23.446114+00:00
constrained_factual_077,gpt2,8,constrained_factual,6.2969,0.87451171875,2026-08-09T17:34:23.446114+00:00
constrained_factual_078,gpt2,5,constrained_factual,5.7109,0.9966227213541666,2026-08-09T17:34:23.446114+00:00
constrained_factual_078,gpt2,6,constrained_factual,5.7109,0.9871419270833334,2026-08-09T17:34:23.446114+00:00
constrained_factual_078,gpt2,7,constrained_factual,5.7109,0.9200439453125,2026-08-09T17:34:23.446114+00:00
constrained_factual_078,gpt2,8,constrained_factual,5.7109,0.870361328125,2026-08-09T17:34:23.446114+00:00
constrained_factual_079,gpt2,5,constrained_factual,5.4688,0.9981282552083334,2026-08-09T17:34:23.446114+00:00
constrained_factual_079,gpt2,6,constrained_factual,5.4688,0.9962972005208334,2026-08-09T17:34:23.446114+00:00
constrained_factual_079,gpt2,7,constrained_factual,5.4688,0.9823811848958334,2026-08-09T17:34:23.446114+00:00
constrained_factual_079,gpt2,8,constrained_factual,5.4688,0.9728597005208334,2026-08-09T17:34:23.446114+00:00
constrained_factual_080,gpt2,5,constrained_factual,7.1016,0.9940999348958334,2026-08-09T17:34:23.446114+00:00
constrained_factual_080,gpt2,6,constrained_factual,7.1016,0.986083984375,2026-08-09T17:34:23.446114+00:00
constrained_factual_080,gpt2,7,constrained_factual,7.1016,0.9201253255208334,2026-08-09T17:34:23.446114+00:00
constrained_factual_080,gpt2,8,constrained_factual,7.1016,0.850341796875,2026-08-09T17:34:23.446114+00:00
constrained_factual_081,gpt2,5,constrained_factual,5.4688,0.9955647786458334,2026-08-09T17:34:23.446114+00:00
constrained_factual_081,gpt2,6,constrained_factual,5.4688,0.9818115234375,2026-08-09T17:34:23.446114+00:00
constrained_factual_081,gpt2,7,constrained_factual,5.4688,0.8991292317708334,2026-08-09T17:34:23.446114+00:00
constrained_factual_081,gpt2,8,constrained_factual,5.4688,0.84912109375,2026-08-09T17:34:23.446114+00:00
constrained_factual_082,gpt2,5,constrained_factual,5.1914,0.9976806640625,2026-08-09T17:34:23.446114+00:00
constrained_factual_082,gpt2,6,constrained_factual,5.1914,0.9951171875,2026-08-09T17:34:23.446114+00:00
constrained_factual_082,gpt2,7,constrained_factual,5.1914,0.9816487630208334,2026-08-09T17:34:23.446114+00:00
constrained_factual_082,gpt2,8,constrained_factual,5.1914,0.9566243489583334,2026-08-09T17:34:23.446114+00:00
constrained_factual_083,gpt2,5,constrained_factual,4.6758,0.9908447265625,2026-08-09T17:34:23.446114+00:00
constrained_factual_083,gpt2,6,constrained_factual,4.6758,0.9748942057291666,2026-08-09T17:34:23.446114+00:00
constrained_factual_083,gpt2,7,constrained_factual,4.6758,0.9222819010416666,2026-08-09T17:34:23.446114+00:00
constrained_factual_083,gpt2,8,constrained_factual,4.6758,0.9035237630208334,2026-08-09T17:34:23.446114+00:00
constrained_factual_084,gpt2,5,constrained_factual,5.5312,0.9970296223958334,2026-08-09T17:34:23.446114+00:00
constrained_factual_084,gpt2,6,constrained_factual,5.5312,0.9943033854166666,2026-08-09T17:34:23.446114+00:00
constrained_factual_084,gpt2,7,constrained_factual,5.5312,0.9687906901041666,2026-08-09T17:34:23.446114+00:00
constrained_factual_084,gpt2,8,constrained_factual,5.5312,0.9441731770833334,2026-08-09T17:34:23.446114+00:00
constrained_factual_085,gpt2,5,constrained_factual,5.25,0.9967854817708334,2026-08-09T17:34:23.446114+00:00
constrained_factual_085,gpt2,6,constrained_factual,5.25,0.9934895833333334,2026-08-09T17:34:23.446114+00:00
constrained_factual_085,gpt2,7,constrained_factual,5.25,0.9683430989583334,2026-08-09T17:34:23.446114+00:00
constrained_factual_085,gpt2,8,constrained_factual,5.25,0.9356282552083334,2026-08-09T17:34:23.446114+00:00
constrained_factual_086,gpt2,5,constrained_factual,5.5273,0.9959309895833334,2026-08-09T17:34:23.446114+00:00
constrained_factual_086,gpt2,6,constrained_factual,5.5273,0.9854736328125,2026-08-09T17:34:23.446114+00:00
constrained_factual_086,gpt2,7,constrained_factual,5.5273,0.9141845703125,2026-08-09T17:34:23.446114+00:00
constrained_factual_086,gpt2,8,constrained_factual,5.5273,0.866455078125,2026-08-09T17:34:23.446114+00:00
constrained_factual_087,gpt2,5,constrained_factual,4.4492,0.9974772135416666,2026-08-09T17:34:23.446114+00:00
constrained_factual_087,gpt2,6,constrained_factual,4.4492,0.9960123697916666,2026-08-09T17:34:23.446114+00:00
constrained_factual_087,gpt2,7,constrained_factual,4.4492,0.9799397786458334,2026-08-09T17:34:23.446114+00:00
constrained_factual_087,gpt2,8,constrained_factual,4.4492,0.96484375,2026-08-09T17:34:23.446114+00:00
constrained_factual_088,gpt2,5,constrained_factual,5.8398,0.9958902994791666,2026-08-09T17:34:23.446114+00:00
constrained_factual_088,gpt2,6,constrained_factual,5.8398,0.9844563802083334,2026-08-09T17:34:23.446114+00:00
constrained_factual_088,gpt2,7,constrained_factual,5.8398,0.9224446614583334,2026-08-09T17:34:23.446114+00:00
constrained_factual_088,gpt2,8,constrained_factual,5.8398,0.8707682291666666,2026-08-09T17:34:23.446114+00:00
constrained_factual_089,gpt2,5,constrained_factual,6.5234,0.9981282552083334,2026-08-09T17:34:23.446114+00:00
constrained_factual_089,gpt2,6,constrained_factual,6.5234,0.9947102864583334,2026-08-09T17:34:23.446114+00:00
constrained_factual_089,gpt2,7,constrained_factual,6.5234,0.98388671875,2026-08-09T17:34:23.446114+00:00
constrained_factual_089,gpt2,8,constrained_factual,6.5234,0.9715576171875,2026-08-09T17:34:23.446114+00:00
constrained_factual_090,gpt2,5,constrained_factual,5.8281,0.9959309895833334,2026-08-09T17:34:23.446114+00:00
constrained_factual_090,gpt2,6,constrained_factual,5.8281,0.9858805338541666,2026-08-09T17:34:23.446114+00:00
constrained_factual_090,gpt2,7,constrained_factual,5.8281,0.9185384114583334,2026-08-09T17:34:23.446114+00:00
constrained_factual_090,gpt2,8,constrained_factual,5.8281,0.8651123046875,2026-08-09T17:34:23.446114+00:00
constrained_factual_091,gpt2,5,constrained_factual,5.9102,0.9967041015625,2026-08-09T17:34:23.446114+00:00
constrained_factual_091,gpt2,6,constrained_factual,5.9102,0.9939778645833334,2026-08-09T17:34:23.446114+00:00
constrained_factual_091,gpt2,7,constrained_factual,5.9102,0.9694417317708334,2026-08-09T17:34:23.446114+00:00
constrained_factual_091,gpt2,8,constrained_factual,5.9102,0.942138671875,2026-08-09T17:34:23.446114+00:00
constrained_factual_092,gpt2,5,constrained_factual,5.8945,0.9943033854166666,2026-08-09T17:34:23.446114+00:00
constrained_factual_092,gpt2,6,constrained_factual,5.8945,0.9927571614583334,2026-08-09T17:34:23.446114+00:00
constrained_factual_092,gpt2,7,constrained_factual,5.8945,0.9645182291666666,2026-08-09T17:34:23.446114+00:00
constrained_factual_092,gpt2,8,constrained_factual,5.8945,0.93994140625,2026-08-09T17:34:23.446114+00:00
constrained_factual_093,gpt2,5,constrained_factual,5.9766,0.9951985677083334,2026-08-09T17:34:23.446114+00:00
constrained_factual_093,gpt2,6,constrained_factual,5.9766,0.9821370442708334,2026-08-09T17:34:23.446114+00:00
constrained_factual_093,gpt2,7,constrained_factual,5.9766,0.9051106770833334,2026-08-09T17:34:23.446114+00:00
constrained_factual_093,gpt2,8,constrained_factual,5.9766,0.8587646484375,2026-08-09T17:34:23.446114+00:00
constrained_factual_094,gpt2,5,constrained_factual,5.4492,0.996826171875,2026-08-09T17:34:23.446114+00:00
constrained_factual_094,gpt2,6,constrained_factual,5.4492,0.9906005859375,2026-08-09T17:34:23.446114+00:00
constrained_factual_094,gpt2,7,constrained_factual,5.4492,0.9336751302083334,2026-08-09T17:34:23.446114+00:00
constrained_factual_094,gpt2,8,constrained_factual,5.4492,0.8805745442708334,2026-08-09T17:34:23.446114+00:00
constrained_factual_095,gpt2,5,constrained_factual,5.7695,0.9956868489583334,2026-08-09T17:34:23.446114+00:00
constrained_factual_095,gpt2,6,constrained_factual,5.7695,0.9849853515625,2026-08-09T17:34:23.446114+00:00
constrained_factual_095,gpt2,7,constrained_factual,5.7695,0.908447265625,2026-08-09T17:34:23.446114+00:00
constrained_factual_095,gpt2,8,constrained_factual,5.7695,0.8675944010416666,2026-08-09T17:34:23.446114+00:00
constrained_factual_096,gpt2,5,constrained_factual,5.6133,0.9969889322916666,2026-08-09T17:34:23.446114+00:00
constrained_factual_096,gpt2,6,constrained_factual,5.6133,0.9939371744791666,2026-08-09T17:34:23.446114+00:00
constrained_factual_096,gpt2,7,constrained_factual,5.6133,0.9729817708333334,2026-08-09T17:34:23.446114+00:00
constrained_factual_096,gpt2,8,constrained_factual,5.6133,0.9453938802083334,2026-08-09T17:34:23.446114+00:00
constrained_factual_097,gpt2,5,constrained_factual,6.8594,0.9936930338541666,2026-08-09T17:34:23.446114+00:00
constrained_factual_097,gpt2,6,constrained_factual,6.8594,0.9867757161458334,2026-08-09T17:34:23.446114+00:00
constrained_factual_097,gpt2,7,constrained_factual,6.8594,0.924560546875,2026-08-09T17:34:23.446114+00:00
constrained_factual_097,gpt2,8,constrained_factual,6.8594,0.8692220052083334,2026-08-09T17:34:23.446114+00:00
constrained_factual_098,gpt2,5,constrained_factual,5.6406,0.9949544270833334,2026-08-09T17:34:23.446114+00:00
constrained_factual_098,gpt2,6,constrained_factual,5.6406,0.9833170572916666,2026-08-09T17:34:23.446114+00:00
constrained_factual_098,gpt2,7,constrained_factual,5.6406,0.9066569010416666,2026-08-09T17:34:23.446114+00:00
constrained_factual_098,gpt2,8,constrained_factual,5.6406,0.8628336588541666,2026-08-09T17:34:23.446114+00:00
constrained_factual_099,gpt2,5,constrained_factual,5.9844,0.9978841145833334,2026-08-09T17:34:23.446114+00:00
constrained_factual_099,gpt2,6,constrained_factual,5.9844,0.99560546875,2026-08-09T17:34:23.446114+00:00
constrained_factual_099,gpt2,7,constrained_factual,5.9844,0.9816487630208334,2026-08-09T17:34:23.446114+00:00
constrained_factual_099,gpt2,8,constrained_factual,5.9844,0.9690348307291666,2026-08-09T17:34:23.446114+00:00
constrained_factual_100,gpt2,5,constrained_factual,5.6719,0.9953206380208334,2026-08-09T17:34:23.446114+00:00
constrained_factual_100,gpt2,6,constrained_factual,5.6719,0.9830729166666666,2026-08-09T17:34:23.446114+00:00
constrained_factual_100,gpt2,7,constrained_factual,5.6719,0.9171549479166666,2026-08-09T17:34:23.446114+00:00
constrained_factual_100,gpt2,8,constrained_factual,5.6719,0.868896484375,2026-08-09T17:34:23.446114+00:00
constrained_factual_101,gpt2,5,constrained_factual,5.9414,0.9942220052083334,2026-08-09T17:34:23.446114+00:00
constrained_factual_101,gpt2,6,constrained_factual,5.9414,0.9817708333333334,2026-08-09T17:34:23.446114+00:00
constrained_factual_101,gpt2,7,constrained_factual,5.9414,0.9187825520833334,2026-08-09T17:34:23.446114+00:00
constrained_factual_101,gpt2,8,constrained_factual,5.9414,0.8518473307291666,2026-08-09T17:34:23.446114+00:00
constrained_factual_102,gpt2,5,constrained_factual,5.5547,0.992431640625,2026-08-09T17:34:23.446114+00:00
constrained_factual_102,gpt2,6,constrained_factual,5.5547,0.9893798828125,2026-08-09T17:34:23.446114+00:00
constrained_factual_102,gpt2,7,constrained_factual,5.5547,0.9438069661458334,2026-08-09T17:34:23.446114+00:00
constrained_factual_102,gpt2,8,constrained_factual,5.5547,0.8983154296875,2026-08-09T17:34:23.446114+00:00
constrained_factual_103,gpt2,5,constrained_factual,1.7832,0.9993082682291666,2026-08-09T17:34:23.446114+00:00
constrained_factual_103,gpt2,6,constrained_factual,1.7832,0.99853515625,2026-08-09T17:34:23.446114+00:00
constrained_factual_103,gpt2,7,constrained_factual,1.7832,0.9956461588541666,2026-08-09T17:34:23.446114+00:00
constrained_factual_103,gpt2,8,constrained_factual,1.7832,0.989501953125,2026-08-09T17:34:23.446114+00:00
constrained_factual_104,gpt2,5,constrained_factual,5.7695,0.9935709635416666,2026-08-09T17:34:23.446114+00:00
constrained_factual_104,gpt2,6,constrained_factual,5.7695,0.9916585286458334,2026-08-09T17:34:23.446114+00:00
constrained_factual_104,gpt2,7,constrained_factual,5.7695,0.964111328125,2026-08-09T17:34:23.446114+00:00
constrained_factual_104,gpt2,8,constrained_factual,5.7695,0.9422200520833334,2026-08-09T17:34:23.446114+00:00
constrained_factual_105,gpt2,5,constrained_factual,5.7969,0.9937337239583334,2026-08-09T17:34:23.446114+00:00
constrained_factual_105,gpt2,6,constrained_factual,5.7969,0.9889729817708334,2026-08-09T17:34:23.446114+00:00
constrained_factual_105,gpt2,7,constrained_factual,5.7969,0.9579671223958334,2026-08-09T17:34:23.446114+00:00
constrained_factual_105,gpt2,8,constrained_factual,5.7969,0.9273274739583334,2026-08-09T17:34:23.446114+00:00
constrained_factual_106,gpt2,5,constrained_factual,4.7578,0.9973958333333334,2026-08-09T17:34:23.446114+00:00
constrained_factual_106,gpt2,6,constrained_factual,4.7578,0.9961751302083334,2026-08-09T17:34:23.446114+00:00
constrained_factual_106,gpt2,7,constrained_factual,4.7578,0.9868570963541666,2026-08-09T17:34:23.446114+00:00
constrained_factual_106,gpt2,8,constrained_factual,4.7578,0.9718017578125,2026-08-09T17:34:23.446114+00:00
constrained_factual_107,gpt2,5,constrained_factual,4.3984,0.9974772135416666,2026-08-09T17:34:23.446114+00:00
constrained_factual_107,gpt2,6,constrained_factual,4.3984,0.9951171875,2026-08-09T17:34:23.446114+00:00
constrained_factual_107,gpt2,7,constrained_factual,4.3984,0.9869384765625,2026-08-09T17:34:23.446114+00:00
constrained_factual_107,gpt2,8,constrained_factual,4.3984,0.9776204427083334,2026-08-09T17:34:23.446114+00:00
constrained_factual_108,gpt2,5,constrained_factual,1.5557,0.9905598958333334,2026-08-09T17:34:23.446114+00:00
constrained_factual_108,gpt2,6,constrained_factual,1.5557,0.9710693359375,2026-08-09T17:34:23.446114+00:00
constrained_factual_108,gpt2,7,constrained_factual,1.5557,0.9305419921875,2026-08-09T17:34:23.446114+00:00
constrained_factual_108,gpt2,8,constrained_factual,1.5557,0.8673909505208334,2026-08-09T17:34:23.446114+00:00
constrained_factual_109,gpt2,5,constrained_factual,6.2812,0.9947916666666666,2026-08-09T17:34:23.446114+00:00
constrained_factual_109,gpt2,6,constrained_factual,6.2812,0.9894205729166666,2026-08-09T17:34:23.446114+00:00
constrained_factual_109,gpt2,7,constrained_factual,6.2812,0.9365234375,2026-08-09T17:34:23.446114+00:00
constrained_factual_109,gpt2,8,constrained_factual,6.2812,0.82470703125,2026-08-09T17:34:23.446114+00:00
constrained_factual_110,gpt2,5,constrained_factual,5.5352,0.9962565104166666,2026-08-09T17:34:23.446114+00:00
constrained_factual_110,gpt2,6,constrained_factual,5.5352,0.9951171875,2026-08-09T17:34:23.446114+00:00
constrained_factual_110,gpt2,7,constrained_factual,5.5352,0.9833984375,2026-08-09T17:34:23.446114+00:00
constrained_factual_110,gpt2,8,constrained_factual,5.5352,0.9661051432291666,2026-08-09T17:34:23.446114+00:00
constrained_factual_111,gpt2,5,constrained_factual,4.8281,0.9959716796875,2026-08-09T17:34:23.446114+00:00
constrained_factual_111,gpt2,6,constrained_factual,4.8281,0.9943440755208334,2026-08-09T17:34:23.446114+00:00
constrained_factual_111,gpt2,7,constrained_factual,4.8281,0.98095703125,2026-08-09T17:34:23.446114+00:00
constrained_factual_111,gpt2,8,constrained_factual,4.8281,0.9628092447916666,2026-08-09T17:34:23.446114+00:00
constrained_factual_112,gpt2,5,constrained_factual,4.3477,0.9952799479166666,2026-08-09T17:34:23.446114+00:00
constrained_factual_112,gpt2,6,constrained_factual,4.3477,0.9868570963541666,2026-08-09T17:34:23.446114+00:00
constrained_factual_112,gpt2,7,constrained_factual,4.3477,0.9326985677083334,2026-08-09T17:34:23.446114+00:00
constrained_factual_112,gpt2,8,constrained_factual,4.3477,0.82568359375,2026-08-09T17:34:23.446114+00:00
constrained_factual_113,gpt2,5,constrained_factual,5.4727,0.9918619791666666,2026-08-09T17:34:23.446114+00:00
constrained_factual_113,gpt2,6,constrained_factual,5.4727,0.9809977213541666,2026-08-09T17:34:23.446114+00:00
constrained_factual_113,gpt2,7,constrained_factual,5.4727,0.8900553385416666,2026-08-09T17:34:23.446114+00:00
constrained_factual_113,gpt2,8,constrained_factual,5.4727,0.853515625,2026-08-09T17:34:23.446114+00:00
constrained_factual_114,gpt2,5,constrained_factual,5.5625,0.9974365234375,2026-08-09T17:34:23.446114+00:00
constrained_factual_114,gpt2,6,constrained_factual,5.5625,0.9952799479166666,2026-08-09T17:34:23.446114+00:00
constrained_factual_114,gpt2,7,constrained_factual,5.5625,0.978759765625,2026-08-09T17:34:23.446114+00:00
constrained_factual_114,gpt2,8,constrained_factual,5.5625,0.9377848307291666,2026-08-09T17:34:23.446114+00:00
constrained_factual_115,gpt2,5,constrained_factual,5.8359,0.995849609375,2026-08-09T17:34:23.446114+00:00
constrained_factual_115,gpt2,6,constrained_factual,5.8359,0.9930419921875,2026-08-09T17:34:23.446114+00:00
constrained_factual_115,gpt2,7,constrained_factual,5.8359,0.9720865885416666,2026-08-09T17:34:23.446114+00:00
constrained_factual_115,gpt2,8,constrained_factual,5.8359,0.9526774088541666,2026-08-09T17:34:23.446114+00:00
constrained_factual_116,gpt2,5,constrained_factual,6.418,0.9947916666666666,2026-08-09T17:34:23.446114+00:00
constrained_factual_116,gpt2,6,constrained_factual,6.418,0.9937744140625,2026-08-09T17:34:23.446114+00:00
constrained_factual_116,gpt2,7,constrained_factual,6.418,0.9615885416666666,2026-08-09T17:34:23.446114+00:00
constrained_factual_116,gpt2,8,constrained_factual,6.418,0.9156087239583334,2026-08-09T17:34:23.446114+00:00
constrained_factual_117,gpt2,5,constrained_factual,4.5156,0.9964599609375,2026-08-09T17:34:23.446114+00:00
constrained_factual_117,gpt2,6,constrained_factual,4.5156,0.993896484375,2026-08-09T17:34:23.446114+00:00
constrained_factual_117,gpt2,7,constrained_factual,4.5156,0.9683430989583334,2026-08-09T17:34:23.446114+00:00
constrained_factual_117,gpt2,8,constrained_factual,4.5156,0.9439290364583334,2026-08-09T17:34:23.446114+00:00
constrained_factual_118,gpt2,5,constrained_factual,0.5503,0.9991048177083334,2026-08-09T17:34:23.446114+00:00
constrained_factual_118,gpt2,6,constrained_factual,0.5503,0.998779296875,2026-08-09T17:34:23.446114+00:00
constrained_factual_118,gpt2,7,constrained_factual,0.5503,0.9976806640625,2026-08-09T17:34:23.446114+00:00
constrained_factual_118,gpt2,8,constrained_factual,0.5503,0.9961344401041666,2026-08-09T17:34:23.446114+00:00
constrained_factual_119,gpt2,5,constrained_factual,5.6406,0.9943440755208334,2026-08-09T17:34:23.446114+00:00
constrained_factual_119,gpt2,6,constrained_factual,5.6406,0.9832763671875,2026-08-09T17:34:23.446114+00:00
constrained_factual_119,gpt2,7,constrained_factual,5.6406,0.9267985026041666,2026-08-09T17:34:23.446114+00:00
constrained_factual_119,gpt2,8,constrained_factual,5.6406,0.8631184895833334,2026-08-09T17:34:23.446114+00:00
constrained_factual_120,gpt2,5,constrained_factual,5.6289,0.9955240885416666,2026-08-09T17:34:23.446114+00:00
constrained_factual_120,gpt2,6,constrained_factual,5.6289,0.9923502604166666,2026-08-09T17:34:23.446114+00:00
constrained_factual_120,gpt2,7,constrained_factual,5.6289,0.9715576171875,2026-08-09T17:34:23.446114+00:00
constrained_factual_120,gpt2,8,constrained_factual,5.6289,0.9496663411458334,2026-08-09T17:34:23.446114+00:00
constrained_factual_121,gpt2,5,constrained_factual,6.3672,0.9948323567708334,2026-08-09T17:34:23.446114+00:00
constrained_factual_121,gpt2,6,constrained_factual,6.3672,0.9831949869791666,2026-08-09T17:34:23.446114+00:00
constrained_factual_121,gpt2,7,constrained_factual,6.3672,0.9181722005208334,2026-08-09T17:34:23.446114+00:00
constrained_factual_121,gpt2,8,constrained_factual,6.3672,0.8612874348958334,2026-08-09T17:34:23.446114+00:00
constrained_factual_122,gpt2,5,constrained_factual,5.4648,0.9928792317708334,2026-08-09T17:34:23.446114+00:00
constrained_factual_122,gpt2,6,constrained_factual,5.4648,0.9876302083333334,2026-08-09T17:34:23.446114+00:00
constrained_factual_122,gpt2,7,constrained_factual,5.4648,0.9356689453125,2026-08-09T17:34:23.446114+00:00
constrained_factual_122,gpt2,8,constrained_factual,5.4648,0.9055582682291666,2026-08-09T17:34:23.446114+00:00
constrained_factual_123,gpt2,5,constrained_factual,6.0586,0.9983317057291666,2026-08-09T17:34:23.446114+00:00
constrained_factual_123,gpt2,6,constrained_factual,6.0586,0.9962972005208334,2026-08-09T17:34:23.446114+00:00
constrained_factual_123,gpt2,7,constrained_factual,6.0586,0.9815673828125,2026-08-09T17:34:23.446114+00:00
constrained_factual_123,gpt2,8,constrained_factual,6.0586,0.8932698567708334,2026-08-09T17:34:23.446114+00:00
constrained_factual_124,gpt2,5,constrained_factual,5.8438,0.9943033854166666,2026-08-09T17:34:23.446114+00:00
constrained_factual_124,gpt2,6,constrained_factual,5.8438,0.9827067057291666,2026-08-09T17:34:23.446114+00:00
constrained_factual_124,gpt2,7,constrained_factual,5.8438,0.926025390625,2026-08-09T17:34:23.446114+00:00
constrained_factual_124,gpt2,8,constrained_factual,5.8438,0.8702392578125,2026-08-09T17:34:23.446114+00:00
constrained_factual_125,gpt2,5,constrained_factual,2.8945,0.9942626953125,2026-08-09T17:34:23.446114+00:00
constrained_factual_125,gpt2,6,constrained_factual,2.8945,0.9912923177083334,2026-08-09T17:34:23.446114+00:00
constrained_factual_125,gpt2,7,constrained_factual,2.8945,0.9666341145833334,2026-08-09T17:34:23.446114+00:00
constrained_factual_125,gpt2,8,constrained_factual,2.8945,0.9370930989583334,2026-08-09T17:34:23.446114+00:00
constrained_factual_126,gpt2,5,constrained_factual,5.2734,0.9962565104166666,2026-08-09T17:34:23.446114+00:00
constrained_factual_126,gpt2,6,constrained_factual,5.2734,0.9912109375,2026-08-09T17:34:23.446114+00:00
constrained_factual_126,gpt2,7,constrained_factual,5.2734,0.9603271484375,2026-08-09T17:34:23.446114+00:00
constrained_factual_126,gpt2,8,constrained_factual,5.2734,0.9268391927083334,2026-08-09T17:34:23.446114+00:00
constrained_factual_127,gpt2,5,constrained_factual,5.2734,0.9957682291666666,2026-08-09T17:34:23.446114+00:00
constrained_factual_127,gpt2,6,constrained_factual,5.2734,0.993896484375,2026-08-09T17:34:23.446114+00:00
constrained_factual_127,gpt2,7,constrained_factual,5.2734,0.9624837239583334,2026-08-09T17:34:23.446114+00:00
constrained_factual_127,gpt2,8,constrained_factual,5.2734,0.9169108072916666,2026-08-09T17:34:23.446114+00:00
constrained_factual_128,gpt2,5,constrained_factual,5.7891,0.9957275390625,2026-08-09T17:34:23.446114+00:00
constrained_factual_128,gpt2,6,constrained_factual,5.7891,0.9873046875,2026-08-09T17:34:23.446114+00:00
constrained_factual_128,gpt2,7,constrained_factual,5.7891,0.9333902994791666,2026-08-09T17:34:23.446114+00:00
constrained_factual_128,gpt2,8,constrained_factual,5.7891,0.8785400390625,2026-08-09T17:34:23.446114+00:00
constrained_factual_129,gpt2,5,constrained_factual,4.9414,0.9985758463541666,2026-08-09T17:34:23.446114+00:00
constrained_factual_129,gpt2,6,constrained_factual,4.9414,0.9972737630208334,2026-08-09T17:34:23.446114+00:00
constrained_factual_129,gpt2,7,constrained_factual,4.9414,0.98779296875,2026-08-09T17:34:23.446114+00:00
constrained_factual_129,gpt2,8,constrained_factual,4.9414,0.9751790364583334,2026-08-09T17:34:23.446114+00:00
constrained_factual_130,gpt2,5,constrained_factual,6.8789,0.9954833984375,2026-08-09T17:34:23.446114+00:00
constrained_factual_130,gpt2,6,constrained_factual,6.8789,0.9909261067708334,2026-08-09T17:34:23.446114+00:00
constrained_factual_130,gpt2,7,constrained_factual,6.8789,0.9466145833333334,2026-08-09T17:34:23.446114+00:00
constrained_factual_130,gpt2,8,constrained_factual,6.8789,0.8698323567708334,2026-08-09T17:34:23.446114+00:00
constrained_factual_131,gpt2,5,constrained_factual,6.0703,0.994384765625,2026-08-09T17:34:23.446114+00:00
constrained_factual_131,gpt2,6,constrained_factual,6.0703,0.9830729166666666,2026-08-09T17:34:23.446114+00:00
constrained_factual_131,gpt2,7,constrained_factual,6.0703,0.9207356770833334,2026-08-09T17:34:23.446114+00:00
constrained_factual_131,gpt2,8,constrained_factual,6.0703,0.8582763671875,2026-08-09T17:34:23.446114+00:00
constrained_factual_132,gpt2,5,constrained_factual,4.3125,0.998046875,2026-08-09T17:34:23.446114+00:00
constrained_factual_132,gpt2,6,constrained_factual,4.3125,0.9965006510416666,2026-08-09T17:34:23.446114+00:00
constrained_factual_132,gpt2,7,constrained_factual,4.3125,0.98828125,2026-08-09T17:34:23.446114+00:00
constrained_factual_132,gpt2,8,constrained_factual,4.3125,0.9601236979166666,2026-08-09T17:34:23.446114+00:00
constrained_factual_133,gpt2,5,constrained_factual,4.6758,0.9921468098958334,2026-08-09T17:34:23.446114+00:00
constrained_factual_133,gpt2,6,constrained_factual,4.6758,0.98388671875,2026-08-09T17:34:23.446114+00:00
constrained_factual_133,gpt2,7,constrained_factual,4.6758,0.945068359375,2026-08-09T17:34:23.446114+00:00
constrained_factual_133,gpt2,8,constrained_factual,4.6758,0.9170328776041666,2026-08-09T17:34:23.446114+00:00
constrained_factual_134,gpt2,5,constrained_factual,5.5156,0.9968668619791666,2026-08-09T17:34:23.446114+00:00
constrained_factual_134,gpt2,6,constrained_factual,5.5156,0.994873046875,2026-08-09T17:34:23.446114+00:00
constrained_factual_134,gpt2,7,constrained_factual,5.5156,0.9800618489583334,2026-08-09T17:34:23.446114+00:00
constrained_factual_134,gpt2,8,constrained_factual,5.5156,0.960205078125,2026-08-09T17:34:23.446114+00:00
constrained_factual_135,gpt2,5,constrained_factual,5.5625,0.9969075520833334,2026-08-09T17:34:23.446114+00:00
constrained_factual_135,gpt2,6,constrained_factual,5.5625,0.9940999348958334,2026-08-09T17:34:23.446114+00:00
constrained_factual_135,gpt2,7,constrained_factual,5.5625,0.9715576171875,2026-08-09T17:34:23.446114+00:00
constrained_factual_135,gpt2,8,constrained_factual,5.5625,0.9473063151041666,2026-08-09T17:34:23.446114+00:00
constrained_factual_136,gpt2,5,constrained_factual,5.6211,0.9954833984375,2026-08-09T17:34:23.446114+00:00
constrained_factual_136,gpt2,6,constrained_factual,5.6211,0.9860026041666666,2026-08-09T17:34:23.446114+00:00
constrained_factual_136,gpt2,7,constrained_factual,5.6211,0.9327799479166666,2026-08-09T17:34:23.446114+00:00
constrained_factual_136,gpt2,8,constrained_factual,5.6211,0.8850504557291666,2026-08-09T17:34:23.446114+00:00
constrained_factual_137,gpt2,5,constrained_factual,5.5508,0.9975179036458334,2026-08-09T17:34:23.446114+00:00
constrained_factual_137,gpt2,6,constrained_factual,5.5508,0.9963785807291666,2026-08-09T17:34:23.446114+00:00
constrained_factual_137,gpt2,7,constrained_factual,5.5508,0.9875895182291666,2026-08-09T17:34:23.446114+00:00
constrained_factual_137,gpt2,8,constrained_factual,5.5508,0.9715983072916666,2026-08-09T17:34:23.446114+00:00
constrained_factual_138,gpt2,5,constrained_factual,5.7812,0.9951578776041666,2026-08-09T17:34:23.446114+00:00
constrained_factual_138,gpt2,6,constrained_factual,5.7812,0.9859212239583334,2026-08-09T17:34:23.446114+00:00
constrained_factual_138,gpt2,7,constrained_factual,5.7812,0.9400227864583334,2026-08-09T17:34:23.446114+00:00
constrained_factual_138,gpt2,8,constrained_factual,5.7812,0.88525390625,2026-08-09T17:34:23.446114+00:00
constrained_factual_139,gpt2,5,constrained_factual,1.7676,0.9984130859375,2026-08-09T17:34:23.446114+00:00
constrained_factual_139,gpt2,6,constrained_factual,1.7676,0.9956461588541666,2026-08-09T17:34:23.446114+00:00
constrained_factual_139,gpt2,7,constrained_factual,1.7676,0.986083984375,2026-08-09T17:34:23.446114+00:00
constrained_factual_139,gpt2,8,constrained_factual,1.7676,0.97119140625,2026-08-09T17:34:23.446114+00:00
constrained_factual_140,gpt2,5,constrained_factual,5.9297,0.9951578776041666,2026-08-09T17:34:23.446114+00:00
constrained_factual_140,gpt2,6,constrained_factual,5.9297,0.9842122395833334,2026-08-09T17:34:23.446114+00:00
constrained_factual_140,gpt2,7,constrained_factual,5.9297,0.9281819661458334,2026-08-09T17:34:23.446114+00:00
constrained_factual_140,gpt2,8,constrained_factual,5.9297,0.8719482421875,2026-08-09T17:34:23.446114+00:00
constrained_factual_141,gpt2,5,constrained_factual,5.7969,0.9960123697916666,2026-08-09T17:34:23.446114+00:00
constrained_factual_141,gpt2,6,constrained_factual,5.7969,0.9934895833333334,2026-08-09T17:34:23.446114+00:00
constrained_factual_141,gpt2,7,constrained_factual,5.7969,0.9703776041666666,2026-08-09T17:34:23.446114+00:00
constrained_factual_141,gpt2,8,constrained_factual,5.7969,0.9406331380208334,2026-08-09T17:34:23.446114+00:00
constrained_factual_142,gpt2,5,constrained_factual,6.0781,0.9945068359375,2026-08-09T17:34:23.446114+00:00
constrained_factual_142,gpt2,6,constrained_factual,6.0781,0.9932454427083334,2026-08-09T17:34:23.446114+00:00
constrained_factual_142,gpt2,7,constrained_factual,6.0781,0.9718424479166666,2026-08-09T17:34:23.446114+00:00
constrained_factual_142,gpt2,8,constrained_factual,6.0781,0.9289143880208334,2026-08-09T17:34:23.446114+00:00
constrained_factual_143,gpt2,5,constrained_factual,6.0078,0.9942220052083334,2026-08-09T17:34:23.446114+00:00
constrained_factual_143,gpt2,6,constrained_factual,6.0078,0.981201171875,2026-08-09T17:34:23.446114+00:00
constrained_factual_143,gpt2,7,constrained_factual,6.0078,0.9238688151041666,2026-08-09T17:34:23.446114+00:00
constrained_factual_143,gpt2,8,constrained_factual,6.0078,0.8667399088541666,2026-08-09T17:34:23.446114+00:00
constrained_factual_144,gpt2,5,constrained_factual,5.6367,0.9979654947916666,2026-08-09T17:34:23.446114+00:00
constrained_factual_144,gpt2,6,constrained_factual,5.6367,0.9936930338541666,2026-08-09T17:34:23.446114+00:00
constrained_factual_144,gpt2,7,constrained_factual,5.6367,0.9568277994791666,2026-08-09T17:34:23.446114+00:00
constrained_factual_144,gpt2,8,constrained_factual,5.6367,0.9031168619791666,2026-08-09T17:34:23.446114+00:00
constrained_factual_145,gpt2,5,constrained_factual,5.9062,0.9949951171875,2026-08-09T17:34:23.446114+00:00
constrained_factual_145,gpt2,6,constrained_factual,5.9062,0.9847412109375,2026-08-09T17:34:23.446114+00:00
constrained_factual_145,gpt2,7,constrained_factual,5.9062,0.9271240234375,2026-08-09T17:34:23.446114+00:00
constrained_factual_145,gpt2,8,constrained_factual,5.9062,0.878173828125,2026-08-09T17:34:23.446114+00:00
constrained_factual_146,gpt2,5,constrained_factual,5.375,0.9966227213541666,2026-08-09T17:34:23.446114+00:00
constrained_factual_146,gpt2,6,constrained_factual,5.375,0.9935302734375,2026-08-09T17:34:23.446114+00:00
constrained_factual_146,gpt2,7,constrained_factual,5.375,0.976806640625,2026-08-09T17:34:23.446114+00:00
constrained_factual_146,gpt2,8,constrained_factual,5.375,0.9381510416666666,2026-08-09T17:34:23.446114+00:00
constrained_factual_147,gpt2,5,constrained_factual,5.8555,0.9962158203125,2026-08-09T17:34:23.446114+00:00
constrained_factual_147,gpt2,6,constrained_factual,5.8555,0.9918212890625,2026-08-09T17:34:23.446114+00:00
constrained_factual_147,gpt2,7,constrained_factual,5.8555,0.9566650390625,2026-08-09T17:34:23.446114+00:00
constrained_factual_147,gpt2,8,constrained_factual,5.8555,0.8881022135416666,2026-08-09T17:34:23.446114+00:00
constrained_factual_148,gpt2,5,constrained_factual,5.6133,0.9940592447916666,2026-08-09T17:34:23.446114+00:00
constrained_factual_148,gpt2,6,constrained_factual,5.6133,0.9828694661458334,2026-08-09T17:34:23.446114+00:00
constrained_factual_148,gpt2,7,constrained_factual,5.6133,0.9253743489583334,2026-08-09T17:34:23.446114+00:00
constrained_factual_148,gpt2,8,constrained_factual,5.6133,0.8736572265625,2026-08-09T17:34:23.446114+00:00
constrained_factual_149,gpt2,5,constrained_factual,5.7656,0.9984537760416666,2026-08-09T17:34:23.446114+00:00
constrained_factual_149,gpt2,6,constrained_factual,5.7656,0.9968668619791666,2026-08-09T17:34:23.446114+00:00
constrained_factual_149,gpt2,7,constrained_factual,5.7656,0.9885660807291666,2026-08-09T17:34:23.446114+00:00
constrained_factual_149,gpt2,8,constrained_factual,5.7656,0.975341796875,2026-08-09T17:34:23.446114+00:00
constrained_factual_150,gpt2,5,constrained_factual,5.7812,0.9943440755208334,2026-08-09T17:34:23.446114+00:00
constrained_factual_150,gpt2,6,constrained_factual,5.7812,0.9828694661458334,2026-08-09T17:34:23.446114+00:00
constrained_factual_150,gpt2,7,constrained_factual,5.7812,0.9314371744791666,2026-08-09T17:34:23.446114+00:00
constrained_factual_150,gpt2,8,constrained_factual,5.7812,0.8702392578125,2026-08-09T17:34:23.446114+00:00
constrained_factual_151,gpt2,5,constrained_factual,6.0117,0.9925130208333334,2026-08-09T17:34:23.446114+00:00
constrained_factual_151,gpt2,6,constrained_factual,6.0117,0.9631754557291666,2026-08-09T17:34:23.446114+00:00
constrained_factual_151,gpt2,7,constrained_factual,6.0117,0.8863525390625,2026-08-09T17:34:23.446114+00:00
constrained_factual_151,gpt2,8,constrained_factual,6.0117,0.772216796875,2026-08-09T17:34:23.446114+00:00
constrained_factual_152,gpt2,5,constrained_factual,5.5586,0.9907633463541666,2026-08-09T17:34:23.446114+00:00
constrained_factual_152,gpt2,6,constrained_factual,5.5586,0.981201171875,2026-08-09T17:34:23.446114+00:00
constrained_factual_152,gpt2,7,constrained_factual,5.5586,0.9256998697916666,2026-08-09T17:34:23.446114+00:00
constrained_factual_152,gpt2,8,constrained_factual,5.5586,0.857177734375,2026-08-09T17:34:23.446114+00:00
constrained_factual_153,gpt2,5,constrained_factual,1.998,0.9992268880208334,2026-08-09T17:34:23.446114+00:00
constrained_factual_153,gpt2,6,constrained_factual,1.998,0.9982503255208334,2026-08-09T17:34:23.446114+00:00
constrained_factual_153,gpt2,7,constrained_factual,1.998,0.9954833984375,2026-08-09T17:34:23.446114+00:00
constrained_factual_153,gpt2,8,constrained_factual,1.998,0.9899088541666666,2026-08-09T17:34:23.446114+00:00
constrained_factual_154,gpt2,5,constrained_factual,6.2305,0.9921468098958334,2026-08-09T17:34:23.446114+00:00
constrained_factual_154,gpt2,6,constrained_factual,6.2305,0.9884440104166666,2026-08-09T17:34:23.446114+00:00
constrained_factual_154,gpt2,7,constrained_factual,6.2305,0.9610595703125,2026-08-09T17:34:23.446114+00:00
constrained_factual_154,gpt2,8,constrained_factual,6.2305,0.9235026041666666,2026-08-09T17:34:23.446114+00:00
constrained_factual_155,gpt2,5,constrained_factual,5.5195,0.9920247395833334,2026-08-09T17:34:23.446114+00:00
constrained_factual_155,gpt2,6,constrained_factual,5.5195,0.97802734375,2026-08-09T17:34:23.446114+00:00
constrained_factual_155,gpt2,7,constrained_factual,5.5195,0.9334716796875,2026-08-09T17:34:23.446114+00:00
constrained_factual_155,gpt2,8,constrained_factual,5.5195,0.8904622395833334,2026-08-09T17:34:23.446114+00:00
constrained_factual_156,gpt2,5,constrained_factual,4.8281,0.9969482421875,2026-08-09T17:34:23.446114+00:00
constrained_factual_156,gpt2,6,constrained_factual,4.8281,0.994873046875,2026-08-09T17:34:23.446114+00:00
constrained_factual_156,gpt2,7,constrained_factual,4.8281,0.9823811848958334,2026-08-09T17:34:23.446114+00:00
constrained_factual_156,gpt2,8,constrained_factual,4.8281,0.9560139973958334,2026-08-09T17:34:23.446114+00:00
constrained_factual_157,gpt2,5,constrained_factual,6.7969,0.9958902994791666,2026-08-09T17:34:23.446114+00:00
constrained_factual_157,gpt2,6,constrained_factual,6.7969,0.9919840494791666,2026-08-09T17:34:23.446114+00:00
constrained_factual_157,gpt2,7,constrained_factual,6.7969,0.9814860026041666,2026-08-09T17:34:23.446114+00:00
constrained_factual_157,gpt2,8,constrained_factual,6.7969,0.97509765625,2026-08-09T17:34:23.446114+00:00
constrained_factual_158,gpt2,5,constrained_factual,1.8887,0.9888102213541666,2026-08-09T17:34:23.446114+00:00
constrained_factual_158,gpt2,6,constrained_factual,1.8887,0.9659423828125,2026-08-09T17:34:23.446114+00:00
constrained_factual_158,gpt2,7,constrained_factual,1.8887,0.9082845052083334,2026-08-09T17:34:23.446114+00:00
constrained_factual_158,gpt2,8,constrained_factual,1.8887,0.839111328125,2026-08-09T17:34:23.446114+00:00
constrained_factual_159,gpt2,5,constrained_factual,6.6875,0.9911295572916666,2026-08-09T17:34:23.446114+00:00
constrained_factual_159,gpt2,6,constrained_factual,6.6875,0.9666748046875,2026-08-09T17:34:23.446114+00:00
constrained_factual_159,gpt2,7,constrained_factual,6.6875,0.8530680338541666,2026-08-09T17:34:23.446114+00:00
constrained_factual_159,gpt2,8,constrained_factual,6.6875,0.7288411458333333,2026-08-09T17:34:23.446114+00:00
constrained_factual_160,gpt2,5,constrained_factual,5.7656,0.9959309895833334,2026-08-09T17:34:23.446114+00:00
constrained_factual_160,gpt2,6,constrained_factual,5.7656,0.9937337239583334,2026-08-09T17:34:23.446114+00:00
constrained_factual_160,gpt2,7,constrained_factual,5.7656,0.9781901041666666,2026-08-09T17:34:23.446114+00:00
constrained_factual_160,gpt2,8,constrained_factual,5.7656,0.9586588541666666,2026-08-09T17:34:23.446114+00:00
constrained_factual_161,gpt2,5,constrained_factual,4.9414,0.9949951171875,2026-08-09T17:34:23.446114+00:00
constrained_factual_161,gpt2,6,constrained_factual,4.9414,0.99072265625,2026-08-09T17:34:23.446114+00:00
constrained_factual_161,gpt2,7,constrained_factual,4.9414,0.9712320963541666,2026-08-09T17:34:23.446114+00:00
constrained_factual_161,gpt2,8,constrained_factual,4.9414,0.9417724609375,2026-08-09T17:34:23.446114+00:00
constrained_factual_162,gpt2,5,constrained_factual,2.9707,0.9913736979166666,2026-08-09T17:34:23.446114+00:00
constrained_factual_162,gpt2,6,constrained_factual,2.9707,0.9520263671875,2026-08-09T17:34:23.446114+00:00
constrained_factual_162,gpt2,7,constrained_factual,2.9707,0.8274332682291666,2026-08-09T17:34:23.446114+00:00
constrained_factual_162,gpt2,8,constrained_factual,2.9707,0.7326253255208333,2026-08-09T17:34:23.446114+00:00
constrained_factual_163,gpt2,5,constrained_factual,5.6719,0.9896647135416666,2026-08-09T17:34:23.446114+00:00
constrained_factual_163,gpt2,6,constrained_factual,5.6719,0.959716796875,2026-08-09T17:34:23.446114+00:00
constrained_factual_163,gpt2,7,constrained_factual,5.6719,0.8397216796875,2026-08-09T17:34:23.446114+00:00
constrained_factual_163,gpt2,8,constrained_factual,5.6719,0.7411295572916667,2026-08-09T17:34:23.446114+00:00
constrained_factual_164,gpt2,5,constrained_factual,5.5977,0.9971110026041666,2026-08-09T17:34:23.446114+00:00
constrained_factual_164,gpt2,6,constrained_factual,5.5977,0.9914143880208334,2026-08-09T17:34:23.446114+00:00
constrained_factual_164,gpt2,7,constrained_factual,5.5977,0.9700520833333334,2026-08-09T17:34:23.446114+00:00
constrained_factual_164,gpt2,8,constrained_factual,5.5977,0.9117024739583334,2026-08-09T17:34:23.446114+00:00
constrained_factual_165,gpt2,5,constrained_factual,6.1562,0.9946695963541666,2026-08-09T17:34:23.446114+00:00
constrained_factual_165,gpt2,6,constrained_factual,6.1562,0.990478515625,2026-08-09T17:34:23.446114+00:00
constrained_factual_165,gpt2,7,constrained_factual,6.1562,0.9656168619791666,2026-08-09T17:34:23.446114+00:00
constrained_factual_165,gpt2,8,constrained_factual,6.1562,0.9383951822916666,2026-08-09T17:34:23.446114+00:00
constrained_factual_166,gpt2,5,constrained_factual,6.4531,0.9933268229166666,2026-08-09T17:34:23.446114+00:00
constrained_factual_166,gpt2,6,constrained_factual,6.4531,0.9892985026041666,2026-08-09T17:34:23.446114+00:00
constrained_factual_166,gpt2,7,constrained_factual,6.4531,0.9378662109375,2026-08-09T17:34:23.446114+00:00
constrained_factual_166,gpt2,8,constrained_factual,6.4531,0.8940022786458334,2026-08-09T17:34:23.446114+00:00
constrained_factual_167,gpt2,5,constrained_factual,5.7109,0.995849609375,2026-08-09T17:34:23.446114+00:00
constrained_factual_167,gpt2,6,constrained_factual,5.7109,0.99169921875,2026-08-09T17:34:23.446114+00:00
constrained_factual_167,gpt2,7,constrained_factual,5.7109,0.9686686197916666,2026-08-09T17:34:23.446114+00:00
constrained_factual_167,gpt2,8,constrained_factual,5.7109,0.943603515625,2026-08-09T17:34:23.446114+00:00
constrained_factual_168,gpt2,5,constrained_factual,0.73,0.998779296875,2026-08-09T17:34:23.446114+00:00
constrained_factual_168,gpt2,6,constrained_factual,0.73,0.9986165364583334,2026-08-09T17:34:23.446114+00:00
constrained_factual_168,gpt2,7,constrained_factual,0.73,0.9970703125,2026-08-09T17:34:23.446114+00:00
constrained_factual_168,gpt2,8,constrained_factual,0.73,0.9959716796875,2026-08-09T17:34:23.446114+00:00
constrained_factual_169,gpt2,5,constrained_factual,5.7109,0.9931233723958334,2026-08-09T17:34:23.446114+00:00
constrained_factual_169,gpt2,6,constrained_factual,5.7109,0.9666341145833334,2026-08-09T17:34:23.446114+00:00
constrained_factual_169,gpt2,7,constrained_factual,5.7109,0.8927815755208334,2026-08-09T17:34:23.446114+00:00
constrained_factual_169,gpt2,8,constrained_factual,5.7109,0.7931315104166666,2026-08-09T17:34:23.446114+00:00
constrained_factual_170,gpt2,5,constrained_factual,5.2812,0.9938557942708334,2026-08-09T17:34:23.446114+00:00
constrained_factual_170,gpt2,6,constrained_factual,5.2812,0.9844563802083334,2026-08-09T17:34:23.446114+00:00
constrained_factual_170,gpt2,7,constrained_factual,5.2812,0.9554443359375,2026-08-09T17:34:23.446114+00:00
constrained_factual_170,gpt2,8,constrained_factual,5.2812,0.9217936197916666,2026-08-09T17:34:23.446114+00:00
constrained_factual_171,gpt2,5,constrained_factual,6.4531,0.9911295572916666,2026-08-09T17:34:23.446114+00:00
constrained_factual_171,gpt2,6,constrained_factual,6.4531,0.9495442708333334,2026-08-09T17:34:23.446114+00:00
constrained_factual_171,gpt2,7,constrained_factual,6.4531,0.8233235677083334,2026-08-09T17:34:23.446114+00:00
constrained_factual_171,gpt2,8,constrained_factual,6.4531,0.7879231770833334,2026-08-09T17:34:23.446114+00:00
constrained_factual_172,gpt2,5,constrained_factual,5.5977,0.9921061197916666,2026-08-09T17:34:23.446114+00:00
constrained_factual_172,gpt2,6,constrained_factual,5.5977,0.9827880859375,2026-08-09T17:34:23.446114+00:00
constrained_factual_172,gpt2,7,constrained_factual,5.5977,0.923583984375,2026-08-09T17:34:23.446114+00:00
constrained_factual_172,gpt2,8,constrained_factual,5.5977,0.8597005208333334,2026-08-09T17:34:23.446114+00:00
constrained_factual_173,gpt2,5,constrained_factual,7.1367,0.9966634114583334,2026-08-09T17:34:23.446114+00:00
constrained_factual_173,gpt2,6,constrained_factual,7.1367,0.98828125,2026-08-09T17:34:23.446114+00:00
constrained_factual_173,gpt2,7,constrained_factual,7.1367,0.9527587890625,2026-08-09T17:34:23.446114+00:00
constrained_factual_173,gpt2,8,constrained_factual,7.1367,0.8552652994791666,2026-08-09T17:34:23.446114+00:00
constrained_factual_174,gpt2,5,constrained_factual,5.9531,0.9929606119791666,2026-08-09T17:34:23.446114+00:00
constrained_factual_174,gpt2,6,constrained_factual,5.9531,0.9659016927083334,2026-08-09T17:34:23.446114+00:00
constrained_factual_174,gpt2,7,constrained_factual,5.9531,0.8965250651041666,2026-08-09T17:34:23.446114+00:00
constrained_factual_174,gpt2,8,constrained_factual,5.9531,0.8124186197916666,2026-08-09T17:34:23.446114+00:00
constrained_factual_175,gpt2,5,constrained_factual,3.3379,0.99365234375,2026-08-09T17:34:23.446114+00:00
constrained_factual_175,gpt2,6,constrained_factual,3.3379,0.9886881510416666,2026-08-09T17:34:23.446114+00:00
constrained_factual_175,gpt2,7,constrained_factual,3.3379,0.957275390625,2026-08-09T17:34:23.446114+00:00
constrained_factual_175,gpt2,8,constrained_factual,3.3379,0.9285074869791666,2026-08-09T17:34:23.446114+00:00
constrained_factual_176,gpt2,5,constrained_factual,5.2812,0.9951171875,2026-08-09T17:34:23.446114+00:00
constrained_factual_176,gpt2,6,constrained_factual,5.2812,0.9835205078125,2026-08-09T17:34:23.446114+00:00
constrained_factual_176,gpt2,7,constrained_factual,5.2812,0.9427083333333334,2026-08-09T17:34:23.446114+00:00
constrained_factual_176,gpt2,8,constrained_factual,5.2812,0.8941243489583334,2026-08-09T17:34:23.446114+00:00
constrained_factual_177,gpt2,5,constrained_factual,5.9883,0.993408203125,2026-08-09T17:34:23.446114+00:00
constrained_factual_177,gpt2,6,constrained_factual,5.9883,0.9808349609375,2026-08-09T17:34:23.446114+00:00
constrained_factual_177,gpt2,7,constrained_factual,5.9883,0.9043375651041666,2026-08-09T17:34:23.446114+00:00
constrained_factual_177,gpt2,8,constrained_factual,5.9883,0.8581136067708334,2026-08-09T17:34:23.446114+00:00
constrained_factual_178,gpt2,5,constrained_factual,5.8086,0.9946695963541666,2026-08-09T17:34:23.446114+00:00
constrained_factual_178,gpt2,6,constrained_factual,5.8086,0.9720052083333334,2026-08-09T17:34:23.446114+00:00
constrained_factual_178,gpt2,7,constrained_factual,5.8086,0.9009602864583334,2026-08-09T17:34:23.446114+00:00
constrained_factual_178,gpt2,8,constrained_factual,5.8086,0.7992757161458334,2026-08-09T17:34:23.446114+00:00
constrained_factual_179,gpt2,5,constrained_factual,5.1641,0.9978434244791666,2026-08-09T17:34:23.446114+00:00
constrained_factual_179,gpt2,6,constrained_factual,5.1641,0.9939778645833334,2026-08-09T17:34:23.446114+00:00
constrained_factual_179,gpt2,7,constrained_factual,5.1641,0.9744059244791666,2026-08-09T17:34:23.446114+00:00
constrained_factual_179,gpt2,8,constrained_factual,5.1641,0.9613444010416666,2026-08-09T17:34:23.446114+00:00
constrained_factual_180,gpt2,5,constrained_factual,6.3555,0.9939778645833334,2026-08-09T17:34:23.446114+00:00
constrained_factual_180,gpt2,6,constrained_factual,6.3555,0.9798177083333334,2026-08-09T17:34:23.446114+00:00
constrained_factual_180,gpt2,7,constrained_factual,6.3555,0.9072672526041666,2026-08-09T17:34:23.446114+00:00
constrained_factual_180,gpt2,8,constrained_factual,6.3555,0.8308512369791666,2026-08-09T17:34:23.446114+00:00
constrained_factual_181,gpt2,5,constrained_factual,6.0195,0.9923502604166666,2026-08-09T17:34:23.446114+00:00
constrained_factual_181,gpt2,6,constrained_factual,6.0195,0.9598795572916666,2026-08-09T17:34:23.446114+00:00
constrained_factual_181,gpt2,7,constrained_factual,6.0195,0.8715006510416666,2026-08-09T17:34:23.446114+00:00
constrained_factual_181,gpt2,8,constrained_factual,6.0195,0.7669677734375,2026-08-09T17:34:23.446114+00:00
constrained_factual_182,gpt2,5,constrained_factual,4.7617,0.9971516927083334,2026-08-09T17:34:23.446114+00:00
constrained_factual_182,gpt2,6,constrained_factual,4.7617,0.9938557942708334,2026-08-09T17:34:23.446114+00:00
constrained_factual_182,gpt2,7,constrained_factual,4.7617,0.9815673828125,2026-08-09T17:34:23.446114+00:00
constrained_factual_182,gpt2,8,constrained_factual,4.7617,0.950927734375,2026-08-09T17:34:23.446114+00:00
constrained_factual_183,gpt2,5,constrained_factual,5.2812,0.9900716145833334,2026-08-09T17:34:23.446114+00:00
constrained_factual_183,gpt2,6,constrained_factual,5.2812,0.9712320963541666,2026-08-09T17:34:23.446114+00:00
constrained_factual_183,gpt2,7,constrained_factual,5.2812,0.9199625651041666,2026-08-09T17:34:23.446114+00:00
constrained_factual_183,gpt2,8,constrained_factual,5.2812,0.8774820963541666,2026-08-09T17:34:23.446114+00:00
constrained_factual_184,gpt2,5,constrained_factual,5.3711,0.9951171875,2026-08-09T17:34:23.446114+00:00
constrained_factual_184,gpt2,6,constrained_factual,5.3711,0.9918212890625,2026-08-09T17:34:23.446114+00:00
constrained_factual_184,gpt2,7,constrained_factual,5.3711,0.97412109375,2026-08-09T17:34:23.446114+00:00
constrained_factual_184,gpt2,8,constrained_factual,5.3711,0.9510091145833334,2026-08-09T17:34:23.446114+00:00
constrained_factual_185,gpt2,5,constrained_factual,5.6367,0.9964599609375,2026-08-09T17:34:23.446114+00:00
constrained_factual_185,gpt2,6,constrained_factual,5.6367,0.9903971354166666,2026-08-09T17:34:23.446114+00:00
constrained_factual_185,gpt2,7,constrained_factual,5.6367,0.9644368489583334,2026-08-09T17:34:23.446114+00:00
constrained_factual_185,gpt2,8,constrained_factual,5.6367,0.9247233072916666,2026-08-09T17:34:23.446114+00:00
constrained_factual_186,gpt2,5,constrained_factual,5.5977,0.9938151041666666,2026-08-09T17:34:23.446114+00:00
constrained_factual_186,gpt2,6,constrained_factual,5.5977,0.9684651692708334,2026-08-09T17:34:23.446114+00:00
constrained_factual_186,gpt2,7,constrained_factual,5.5977,0.89697265625,2026-08-09T17:34:23.446114+00:00
constrained_factual_186,gpt2,8,constrained_factual,5.5977,0.8108317057291666,2026-08-09T17:34:23.446114+00:00
constrained_factual_187,gpt2,5,constrained_factual,4.8398,0.9974772135416666,2026-08-09T17:34:23.446114+00:00
constrained_factual_187,gpt2,6,constrained_factual,4.8398,0.9949137369791666,2026-08-09T17:34:23.446114+00:00
constrained_factual_187,gpt2,7,constrained_factual,4.8398,0.9747721354166666,2026-08-09T17:34:23.446114+00:00
constrained_factual_187,gpt2,8,constrained_factual,4.8398,0.951416015625,2026-08-09T17:34:23.446114+00:00
constrained_factual_188,gpt2,5,constrained_factual,5.8867,0.9940592447916666,2026-08-09T17:34:23.446114+00:00
constrained_factual_188,gpt2,6,constrained_factual,5.8867,0.9707438151041666,2026-08-09T17:34:23.446114+00:00
constrained_factual_188,gpt2,7,constrained_factual,5.8867,0.9141031901041666,2026-08-09T17:34:23.446114+00:00
constrained_factual_188,gpt2,8,constrained_factual,5.8867,0.828125,2026-08-09T17:34:23.446114+00:00
constrained_factual_189,gpt2,5,constrained_factual,6.5781,0.9974772135416666,2026-08-09T17:34:23.446114+00:00
constrained_factual_189,gpt2,6,constrained_factual,6.5781,0.9947102864583334,2026-08-09T17:34:23.446114+00:00
constrained_factual_189,gpt2,7,constrained_factual,6.5781,0.9823404947916666,2026-08-09T17:34:23.446114+00:00
constrained_factual_189,gpt2,8,constrained_factual,6.5781,0.9706624348958334,2026-08-09T17:34:23.446114+00:00
constrained_factual_190,gpt2,5,constrained_factual,5.7852,0.99365234375,2026-08-09T17:34:23.446114+00:00
constrained_factual_190,gpt2,6,constrained_factual,5.7852,0.96826171875,2026-08-09T17:34:23.446114+00:00
constrained_factual_190,gpt2,7,constrained_factual,5.7852,0.8961181640625,2026-08-09T17:34:23.446114+00:00
constrained_factual_190,gpt2,8,constrained_factual,5.7852,0.8015950520833334,2026-08-09T17:34:23.446114+00:00
constrained_factual_191,gpt2,5,constrained_factual,5.9609,0.9951578776041666,2026-08-09T17:34:23.446114+00:00
constrained_factual_191,gpt2,6,constrained_factual,5.9609,0.9897867838541666,2026-08-09T17:34:23.446114+00:00
constrained_factual_191,gpt2,7,constrained_factual,5.9609,0.9637451171875,2026-08-09T17:34:23.446114+00:00
constrained_factual_191,gpt2,8,constrained_factual,5.9609,0.9141031901041666,2026-08-09T17:34:23.446114+00:00
constrained_factual_192,gpt2,5,constrained_factual,6.1016,0.9915364583333334,2026-08-09T17:34:23.446114+00:00
constrained_factual_192,gpt2,6,constrained_factual,6.1016,0.98828125,2026-08-09T17:34:23.446114+00:00
constrained_factual_192,gpt2,7,constrained_factual,6.1016,0.9579671223958334,2026-08-09T17:34:23.446114+00:00
constrained_factual_192,gpt2,8,constrained_factual,6.1016,0.9107666015625,2026-08-09T17:34:23.446114+00:00
constrained_factual_193,gpt2,5,constrained_factual,6.1719,0.992431640625,2026-08-09T17:34:23.446114+00:00
constrained_factual_193,gpt2,6,constrained_factual,6.1719,0.9620361328125,2026-08-09T17:34:23.446114+00:00
constrained_factual_193,gpt2,7,constrained_factual,6.1719,0.8859456380208334,2026-08-09T17:34:23.446114+00:00
constrained_factual_193,gpt2,8,constrained_factual,6.1719,0.7887369791666666,2026-08-09T17:34:23.446114+00:00
constrained_factual_194,gpt2,5,constrained_factual,5.5039,0.996826171875,2026-08-09T17:34:23.446114+00:00
constrained_factual_194,gpt2,6,constrained_factual,5.5039,0.98974609375,2026-08-09T17:34:23.446114+00:00
constrained_factual_194,gpt2,7,constrained_factual,5.5039,0.9283040364583334,2026-08-09T17:34:23.446114+00:00
constrained_factual_194,gpt2,8,constrained_factual,5.5039,0.8756510416666666,2026-08-09T17:34:23.446114+00:00
constrained_factual_195,gpt2,5,constrained_factual,6.0117,0.9939778645833334,2026-08-09T17:34:23.446114+00:00
constrained_factual_195,gpt2,6,constrained_factual,6.0117,0.9673258463541666,2026-08-09T17:34:23.446114+00:00
constrained_factual_195,gpt2,7,constrained_factual,6.0117,0.888671875,2026-08-09T17:34:23.446114+00:00
constrained_factual_195,gpt2,8,constrained_factual,6.0117,0.7953287760416666,2026-08-09T17:34:23.446114+00:00
constrained_factual_196,gpt2,5,constrained_factual,5.2539,0.9966634114583334,2026-08-09T17:34:23.446114+00:00
constrained_factual_196,gpt2,6,constrained_factual,5.2539,0.9909261067708334,2026-08-09T17:34:23.446114+00:00
constrained_factual_196,gpt2,7,constrained_factual,5.2539,0.9694417317708334,2026-08-09T17:34:23.446114+00:00
constrained_factual_196,gpt2,8,constrained_factual,5.2539,0.9201253255208334,2026-08-09T17:34:23.446114+00:00
constrained_factual_197,gpt2,5,constrained_factual,6.375,0.9923909505208334,2026-08-09T17:34:23.446114+00:00
constrained_factual_197,gpt2,6,constrained_factual,6.375,0.9729410807291666,2026-08-09T17:34:23.446114+00:00
constrained_factual_197,gpt2,7,constrained_factual,6.375,0.8900960286458334,2026-08-09T17:34:23.446114+00:00
constrained_factual_197,gpt2,8,constrained_factual,6.375,0.8147786458333334,2026-08-09T17:34:23.446114+00:00
constrained_factual_198,gpt2,5,constrained_factual,5.7383,0.99267578125,2026-08-09T17:34:23.446114+00:00
constrained_factual_198,gpt2,6,constrained_factual,5.7383,0.9656168619791666,2026-08-09T17:34:23.446114+00:00
constrained_factual_198,gpt2,7,constrained_factual,5.7383,0.8880208333333334,2026-08-09T17:34:23.446114+00:00
constrained_factual_198,gpt2,8,constrained_factual,5.7383,0.7917073567708334,2026-08-09T17:34:23.446114+00:00
constrained_factual_199,gpt2,5,constrained_factual,5.75,0.9971516927083334,2026-08-09T17:34:23.446114+00:00
constrained_factual_199,gpt2,6,constrained_factual,5.75,0.9923095703125,2026-08-09T17:34:23.446114+00:00
constrained_factual_199,gpt2,7,constrained_factual,5.75,0.9722086588541666,2026-08-09T17:34:23.446114+00:00
constrained_factual_199,gpt2,8,constrained_factual,5.75,0.9530843098958334,2026-08-09T17:34:23.446114+00:00
constrained_factual_200,gpt2,5,constrained_factual,5.8828,0.9927978515625,2026-08-09T17:34:23.446114+00:00
constrained_factual_200,gpt2,6,constrained_factual,5.8828,0.9647623697916666,2026-08-09T17:34:23.446114+00:00
constrained_factual_200,gpt2,7,constrained_factual,5.8828,0.8999430338541666,2026-08-09T17:34:23.446114+00:00
constrained_factual_200,gpt2,8,constrained_factual,5.8828,0.8014322916666666,2026-08-09T17:34:23.446114+00:00
constrained_factual_201,gpt2,5,constrained_factual,6.2227,0.9939778645833334,2026-08-09T17:34:23.446114+00:00
constrained_factual_201,gpt2,6,constrained_factual,6.2227,0.9781087239583334,2026-08-09T17:34:23.446114+00:00
constrained_factual_201,gpt2,7,constrained_factual,6.2227,0.9115397135416666,2026-08-09T17:34:23.446114+00:00
constrained_factual_201,gpt2,8,constrained_factual,6.2227,0.8484293619791666,2026-08-09T17:34:23.446114+00:00
constrained_factual_202,gpt2,5,constrained_factual,5.1758,0.9931233723958334,2026-08-09T17:34:23.446114+00:00
constrained_factual_202,gpt2,6,constrained_factual,5.1758,0.9847819010416666,2026-08-09T17:34:23.446114+00:00
constrained_factual_202,gpt2,7,constrained_factual,5.1758,0.9286702473958334,2026-08-09T17:34:23.446114+00:00
constrained_factual_202,gpt2,8,constrained_factual,5.1758,0.8771565755208334,2026-08-09T17:34:23.446114+00:00
constrained_factual_203,gpt2,5,constrained_factual,1.7275,0.9989013671875,2026-08-09T17:34:23.446114+00:00
constrained_factual_203,gpt2,6,constrained_factual,1.7275,0.9980061848958334,2026-08-09T17:34:23.446114+00:00
constrained_factual_203,gpt2,7,constrained_factual,1.7275,0.994873046875,2026-08-09T17:34:23.446114+00:00
constrained_factual_203,gpt2,8,constrained_factual,1.7275,0.9888916015625,2026-08-09T17:34:23.446114+00:00
constrained_factual_204,gpt2,5,constrained_factual,6.0938,0.9936930338541666,2026-08-09T17:34:23.446114+00:00
constrained_factual_204,gpt2,6,constrained_factual,6.0938,0.9913330078125,2026-08-09T17:34:23.446114+00:00
constrained_factual_204,gpt2,7,constrained_factual,6.0938,0.9630126953125,2026-08-09T17:34:23.446114+00:00
constrained_factual_204,gpt2,8,constrained_factual,6.0938,0.9342447916666666,2026-08-09T17:34:23.446114+00:00
constrained_factual_205,gpt2,5,constrained_factual,5.4844,0.9931233723958334,2026-08-09T17:34:23.446114+00:00
constrained_factual_205,gpt2,6,constrained_factual,5.4844,0.9856363932291666,2026-08-09T17:34:23.446114+00:00
constrained_factual_205,gpt2,7,constrained_factual,5.4844,0.9419759114583334,2026-08-09T17:34:23.446114+00:00
constrained_factual_205,gpt2,8,constrained_factual,5.4844,0.9084065755208334,2026-08-09T17:34:23.446114+00:00
constrained_factual_206,gpt2,5,constrained_factual,4.7148,0.9970703125,2026-08-09T17:34:23.446114+00:00
constrained_factual_206,gpt2,6,constrained_factual,4.7148,0.9951171875,2026-08-09T17:34:23.446114+00:00
constrained_factual_206,gpt2,7,constrained_factual,4.7148,0.9837239583333334,2026-08-09T17:34:23.446114+00:00
constrained_factual_206,gpt2,8,constrained_factual,4.7148,0.96728515625,2026-08-09T17:34:23.446114+00:00
constrained_factual_207,gpt2,5,constrained_factual,5.3984,0.9967447916666666,2026-08-09T17:34:23.446114+00:00
constrained_factual_207,gpt2,6,constrained_factual,5.3984,0.9925130208333334,2026-08-09T17:34:23.446114+00:00
constrained_factual_207,gpt2,7,constrained_factual,5.3984,0.9820963541666666,2026-08-09T17:34:23.446114+00:00
constrained_factual_207,gpt2,8,constrained_factual,5.3984,0.9729410807291666,2026-08-09T17:34:23.446114+00:00
constrained_factual_208,gpt2,5,constrained_factual,1.6201,0.9874674479166666,2026-08-09T17:34:23.446114+00:00
constrained_factual_208,gpt2,6,constrained_factual,1.6201,0.9641520182291666,2026-08-09T17:34:23.446114+00:00
constrained_factual_208,gpt2,7,constrained_factual,1.6201,0.9063313802083334,2026-08-09T17:34:23.446114+00:00
constrained_factual_208,gpt2,8,constrained_factual,1.6201,0.8505045572916666,2026-08-09T17:34:23.446114+00:00
constrained_factual_209,gpt2,5,constrained_factual,6.6562,0.9925537109375,2026-08-09T17:34:23.446114+00:00
constrained_factual_209,gpt2,6,constrained_factual,6.6562,0.979248046875,2026-08-09T17:34:23.446114+00:00
constrained_factual_209,gpt2,7,constrained_factual,6.6562,0.8791910807291666,2026-08-09T17:34:23.446114+00:00
constrained_factual_209,gpt2,8,constrained_factual,6.6562,0.7797444661458334,2026-08-09T17:34:23.446114+00:00
constrained_factual_210,gpt2,5,constrained_factual,5.3672,0.9967041015625,2026-08-09T17:34:23.446114+00:00
constrained_factual_210,gpt2,6,constrained_factual,5.3672,0.9949951171875,2026-08-09T17:34:23.446114+00:00
constrained_factual_210,gpt2,7,constrained_factual,5.3672,0.9814860026041666,2026-08-09T17:34:23.446114+00:00
constrained_factual_210,gpt2,8,constrained_factual,5.3672,0.968017578125,2026-08-09T17:34:23.446114+00:00
constrained_factual_211,gpt2,5,constrained_factual,4.6406,0.9953206380208334,2026-08-09T17:34:23.446114+00:00
constrained_factual_211,gpt2,6,constrained_factual,4.6406,0.993408203125,2026-08-09T17:34:23.446114+00:00
constrained_factual_211,gpt2,7,constrained_factual,4.6406,0.9730631510416666,2026-08-09T17:34:23.446114+00:00
constrained_factual_211,gpt2,8,constrained_factual,4.6406,0.9582112630208334,2026-08-09T17:34:23.446114+00:00
constrained_factual_212,gpt2,5,constrained_factual,3.4473,0.9918212890625,2026-08-09T17:34:23.446114+00:00
constrained_factual_212,gpt2,6,constrained_factual,3.4473,0.9661458333333334,2026-08-09T17:34:23.446114+00:00
constrained_factual_212,gpt2,7,constrained_factual,3.4473,0.86376953125,2026-08-09T17:34:23.446114+00:00
constrained_factual_212,gpt2,8,constrained_factual,3.4473,0.7805582682291666,2026-08-09T17:34:23.446114+00:00
constrained_factual_213,gpt2,5,constrained_factual,5.5781,0.9923095703125,2026-08-09T17:34:23.446114+00:00
constrained_factual_213,gpt2,6,constrained_factual,5.5781,0.9769287109375,2026-08-09T17:34:23.446114+00:00
constrained_factual_213,gpt2,7,constrained_factual,5.5781,0.8870035807291666,2026-08-09T17:34:23.446114+00:00
constrained_factual_213,gpt2,8,constrained_factual,5.5781,0.8164876302083334,2026-08-09T17:34:23.446114+00:00
constrained_factual_214,gpt2,5,constrained_factual,5.8125,0.9978434244791666,2026-08-09T17:34:23.446114+00:00
constrained_factual_214,gpt2,6,constrained_factual,5.8125,0.9936930338541666,2026-08-09T17:34:23.446114+00:00
constrained_factual_214,gpt2,7,constrained_factual,5.8125,0.9723714192708334,2026-08-09T17:34:23.446114+00:00
constrained_factual_214,gpt2,8,constrained_factual,5.8125,0.9226481119791666,2026-08-09T17:34:23.446114+00:00
constrained_factual_215,gpt2,5,constrained_factual,5.9375,0.9959309895833334,2026-08-09T17:34:23.446114+00:00
constrained_factual_215,gpt2,6,constrained_factual,5.9375,0.9921468098958334,2026-08-09T17:34:23.446114+00:00
constrained_factual_215,gpt2,7,constrained_factual,5.9375,0.9611409505208334,2026-08-09T17:34:23.446114+00:00
constrained_factual_215,gpt2,8,constrained_factual,5.9375,0.9462890625,2026-08-09T17:34:23.446114+00:00
constrained_factual_216,gpt2,5,constrained_factual,5.6641,0.9943033854166666,2026-08-09T17:34:23.446114+00:00
constrained_factual_216,gpt2,6,constrained_factual,5.6641,0.9923502604166666,2026-08-09T17:34:23.446114+00:00
constrained_factual_216,gpt2,7,constrained_factual,5.6641,0.9556477864583334,2026-08-09T17:34:23.446114+00:00
constrained_factual_216,gpt2,8,constrained_factual,5.6641,0.935302734375,2026-08-09T17:34:23.446114+00:00
constrained_factual_217,gpt2,5,constrained_factual,6.0156,0.9960530598958334,2026-08-09T17:34:23.446114+00:00
constrained_factual_217,gpt2,6,constrained_factual,6.0156,0.9913330078125,2026-08-09T17:34:23.446114+00:00
constrained_factual_217,gpt2,7,constrained_factual,6.0156,0.9667154947916666,2026-08-09T17:34:23.446114+00:00
constrained_factual_217,gpt2,8,constrained_factual,6.0156,0.9510498046875,2026-08-09T17:34:23.446114+00:00
constrained_factual_218,gpt2,5,constrained_factual,0.7119,0.9989827473958334,2026-08-09T17:34:23.446114+00:00
constrained_factual_218,gpt2,6,constrained_factual,0.7119,0.9989013671875,2026-08-09T17:34:23.446114+00:00
constrained_factual_218,gpt2,7,constrained_factual,0.7119,0.9975179036458334,2026-08-09T17:34:23.446114+00:00
constrained_factual_218,gpt2,8,constrained_factual,0.7119,0.9956868489583334,2026-08-09T17:34:23.446114+00:00
constrained_factual_219,gpt2,5,constrained_factual,5.9453,0.9945068359375,2026-08-09T17:34:23.446114+00:00
constrained_factual_219,gpt2,6,constrained_factual,5.9453,0.98095703125,2026-08-09T17:34:23.446114+00:00
constrained_factual_219,gpt2,7,constrained_factual,5.9453,0.9239095052083334,2026-08-09T17:34:23.446114+00:00
constrained_factual_219,gpt2,8,constrained_factual,5.9453,0.8661702473958334,2026-08-09T17:34:23.446114+00:00
constrained_factual_220,gpt2,5,constrained_factual,5.3164,0.9947102864583334,2026-08-09T17:34:23.446114+00:00
constrained_factual_220,gpt2,6,constrained_factual,5.3164,0.9895426432291666,2026-08-09T17:34:23.446114+00:00
constrained_factual_220,gpt2,7,constrained_factual,5.3164,0.9519856770833334,2026-08-09T17:34:23.446114+00:00
constrained_factual_220,gpt2,8,constrained_factual,5.3164,0.938232421875,2026-08-09T17:34:23.446114+00:00
constrained_factual_221,gpt2,5,constrained_factual,5.9805,0.9920654296875,2026-08-09T17:34:23.446114+00:00
constrained_factual_221,gpt2,6,constrained_factual,5.9805,0.9639485677083334,2026-08-09T17:34:23.446114+00:00
constrained_factual_221,gpt2,7,constrained_factual,5.9805,0.8767903645833334,2026-08-09T17:34:23.446114+00:00
constrained_factual_221,gpt2,8,constrained_factual,5.9805,0.8540852864583334,2026-08-09T17:34:23.446114+00:00
constrained_factual_222,gpt2,5,constrained_factual,5.5234,0.9939778645833334,2026-08-09T17:34:23.446114+00:00
constrained_factual_222,gpt2,6,constrained_factual,5.5234,0.9863688151041666,2026-08-09T17:34:23.446114+00:00
constrained_factual_222,gpt2,7,constrained_factual,5.5234,0.9361572265625,2026-08-09T17:34:23.446114+00:00
constrained_factual_222,gpt2,8,constrained_factual,5.5234,0.8919270833333334,2026-08-09T17:34:23.446114+00:00
constrained_factual_223,gpt2,5,constrained_factual,6.9062,0.99755859375,2026-08-09T17:34:23.446114+00:00
constrained_factual_223,gpt2,6,constrained_factual,6.9062,0.994384765625,2026-08-09T17:34:23.446114+00:00
constrained_factual_223,gpt2,7,constrained_factual,6.9062,0.9722493489583334,2026-08-09T17:34:23.446114+00:00
constrained_factual_223,gpt2,8,constrained_factual,6.9062,0.8814697265625,2026-08-09T17:34:23.446114+00:00
constrained_factual_224,gpt2,5,constrained_factual,6.1953,0.9945475260416666,2026-08-09T17:34:23.446114+00:00
constrained_factual_224,gpt2,6,constrained_factual,6.1953,0.9811197916666666,2026-08-09T17:34:23.446114+00:00
constrained_factual_224,gpt2,7,constrained_factual,6.1953,0.9290364583333334,2026-08-09T17:34:23.446114+00:00
constrained_factual_224,gpt2,8,constrained_factual,6.1953,0.8898518880208334,2026-08-09T17:34:23.446114+00:00
constrained_factual_225,gpt2,5,constrained_factual,3.5645,0.9927571614583334,2026-08-09T17:34:23.446114+00:00
constrained_factual_225,gpt2,6,constrained_factual,3.5645,0.9884847005208334,2026-08-09T17:34:23.446114+00:00
constrained_factual_225,gpt2,7,constrained_factual,3.5645,0.9493408203125,2026-08-09T17:34:23.446114+00:00
constrained_factual_225,gpt2,8,constrained_factual,3.5645,0.9338785807291666,2026-08-09T17:34:23.446114+00:00
constrained_factual_226,gpt2,5,constrained_factual,4.9609,0.9955240885416666,2026-08-09T17:34:23.446114+00:00
constrained_factual_226,gpt2,6,constrained_factual,4.9609,0.9881184895833334,2026-08-09T17:34:23.446114+00:00
constrained_factual_226,gpt2,7,constrained_factual,4.9609,0.9429931640625,2026-08-09T17:34:23.446114+00:00
constrained_factual_226,gpt2,8,constrained_factual,4.9609,0.9115804036458334,2026-08-09T17:34:23.446114+00:00
constrained_factual_227,gpt2,5,constrained_factual,6.6016,0.9939778645833334,2026-08-09T17:34:23.446114+00:00
constrained_factual_227,gpt2,6,constrained_factual,6.6016,0.9857177734375,2026-08-09T17:34:23.446114+00:00
constrained_factual_227,gpt2,7,constrained_factual,6.6016,0.907958984375,2026-08-09T17:34:23.446114+00:00
constrained_factual_227,gpt2,8,constrained_factual,6.6016,0.8780517578125,2026-08-09T17:34:23.446114+00:00
constrained_factual_228,gpt2,5,constrained_factual,5.5977,0.9951578776041666,2026-08-09T17:34:23.446114+00:00
constrained_factual_228,gpt2,6,constrained_factual,5.5977,0.9827473958333334,2026-08-09T17:34:23.446114+00:00
constrained_factual_228,gpt2,7,constrained_factual,5.5977,0.9243570963541666,2026-08-09T17:34:23.446114+00:00
constrained_factual_228,gpt2,8,constrained_factual,5.5977,0.8704020182291666,2026-08-09T17:34:23.446114+00:00
constrained_factual_229,gpt2,5,constrained_factual,5.1094,0.9982096354166666,2026-08-09T17:34:23.446114+00:00
constrained_factual_229,gpt2,6,constrained_factual,5.1094,0.9955647786458334,2026-08-09T17:34:23.446114+00:00
constrained_factual_229,gpt2,7,constrained_factual,5.1094,0.9811197916666666,2026-08-09T17:34:23.446114+00:00
constrained_factual_229,gpt2,8,constrained_factual,5.1094,0.9716796875,2026-08-09T17:34:23.446114+00:00
constrained_factual_230,gpt2,5,constrained_factual,6.3711,0.9927978515625,2026-08-09T17:34:23.446114+00:00
constrained_factual_230,gpt2,6,constrained_factual,6.3711,0.9833577473958334,2026-08-09T17:34:23.446114+00:00
constrained_factual_230,gpt2,7,constrained_factual,6.3711,0.9261067708333334,2026-08-09T17:34:23.446114+00:00
constrained_factual_230,gpt2,8,constrained_factual,6.3711,0.8765462239583334,2026-08-09T17:34:23.446114+00:00
constrained_factual_231,gpt2,5,constrained_factual,5.5898,0.9942220052083334,2026-08-09T17:34:23.446114+00:00
constrained_factual_231,gpt2,6,constrained_factual,5.5898,0.9779459635416666,2026-08-09T17:34:23.446114+00:00
constrained_factual_231,gpt2,7,constrained_factual,5.5898,0.90185546875,2026-08-09T17:34:23.446114+00:00
constrained_factual_231,gpt2,8,constrained_factual,5.5898,0.8524983723958334,2026-08-09T17:34:23.446114+00:00
constrained_factual_232,gpt2,5,constrained_factual,4.5508,0.9976399739583334,2026-08-09T17:34:23.446114+00:00
constrained_factual_232,gpt2,6,constrained_factual,4.5508,0.994873046875,2026-08-09T17:34:23.446114+00:00
constrained_factual_232,gpt2,7,constrained_factual,4.5508,0.9851481119791666,2026-08-09T17:34:23.446114+00:00
constrained_factual_232,gpt2,8,constrained_factual,4.5508,0.9532063802083334,2026-08-09T17:34:23.446114+00:00
constrained_factual_233,gpt2,5,constrained_factual,5.0859,0.9910481770833334,2026-08-09T17:34:23.446114+00:00
constrained_factual_233,gpt2,6,constrained_factual,5.0859,0.9712320963541666,2026-08-09T17:34:23.446114+00:00
constrained_factual_233,gpt2,7,constrained_factual,5.0859,0.9029134114583334,2026-08-09T17:34:23.446114+00:00
constrained_factual_233,gpt2,8,constrained_factual,5.0859,0.8583170572916666,2026-08-09T17:34:23.446114+00:00
constrained_factual_234,gpt2,5,constrained_factual,5.2188,0.9956868489583334,2026-08-09T17:34:23.446114+00:00
constrained_factual_234,gpt2,6,constrained_factual,5.2188,0.9929606119791666,2026-08-09T17:34:23.446114+00:00
constrained_factual_234,gpt2,7,constrained_factual,5.2188,0.9654541015625,2026-08-09T17:34:23.446114+00:00
constrained_factual_234,gpt2,8,constrained_factual,5.2188,0.9501139322916666,2026-08-09T17:34:23.446114+00:00
constrained_factual_235,gpt2,5,constrained_factual,5.4414,0.9962972005208334,2026-08-09T17:34:23.446114+00:00
constrained_factual_235,gpt2,6,constrained_factual,5.4414,0.9930419921875,2026-08-09T17:34:23.446114+00:00
constrained_factual_235,gpt2,7,constrained_factual,5.4414,0.9662679036458334,2026-08-09T17:34:23.446114+00:00
constrained_factual_235,gpt2,8,constrained_factual,5.4414,0.9346516927083334,2026-08-09T17:34:23.446114+00:00
constrained_factual_236,gpt2,5,constrained_factual,5.6836,0.9948323567708334,2026-08-09T17:34:23.446114+00:00
constrained_factual_236,gpt2,6,constrained_factual,5.6836,0.9820149739583334,2026-08-09T17:34:23.446114+00:00
constrained_factual_236,gpt2,7,constrained_factual,5.6836,0.9259847005208334,2026-08-09T17:34:23.446114+00:00
constrained_factual_236,gpt2,8,constrained_factual,5.6836,0.8700358072916666,2026-08-09T17:34:23.446114+00:00
constrained_factual_237,gpt2,5,constrained_factual,4.6523,0.9977620442708334,2026-08-09T17:34:23.446114+00:00
constrained_factual_237,gpt2,6,constrained_factual,4.6523,0.9961344401041666,2026-08-09T17:34:23.446114+00:00
constrained_factual_237,gpt2,7,constrained_factual,4.6523,0.9812418619791666,2026-08-09T17:34:23.446114+00:00
constrained_factual_237,gpt2,8,constrained_factual,4.6523,0.962646484375,2026-08-09T17:34:23.446114+00:00
constrained_factual_238,gpt2,5,constrained_factual,6.1133,0.9949951171875,2026-08-09T17:34:23.446114+00:00
constrained_factual_238,gpt2,6,constrained_factual,6.1133,0.9827473958333334,2026-08-09T17:34:23.446114+00:00
constrained_factual_238,gpt2,7,constrained_factual,6.1133,0.9386393229166666,2026-08-09T17:34:23.446114+00:00
constrained_factual_238,gpt2,8,constrained_factual,6.1133,0.8871663411458334,2026-08-09T17:34:23.446114+00:00
constrained_factual_239,gpt2,5,constrained_factual,5.1953,0.9984130859375,2026-08-09T17:34:23.446114+00:00
constrained_factual_239,gpt2,6,constrained_factual,5.1953,0.9964192708333334,2026-08-09T17:34:23.446114+00:00
constrained_factual_239,gpt2,7,constrained_factual,5.1953,0.98388671875,2026-08-09T17:34:23.446114+00:00
constrained_factual_239,gpt2,8,constrained_factual,5.1953,0.9696858723958334,2026-08-09T17:34:23.446114+00:00
constrained_factual_240,gpt2,5,constrained_factual,6.4375,0.9950358072916666,2026-08-09T17:34:23.446114+00:00
constrained_factual_240,gpt2,6,constrained_factual,6.4375,0.9842529296875,2026-08-09T17:34:23.446114+00:00
constrained_factual_240,gpt2,7,constrained_factual,6.4375,0.926513671875,2026-08-09T17:34:23.446114+00:00
constrained_factual_240,gpt2,8,constrained_factual,6.4375,0.8695882161458334,2026-08-09T17:34:23.446114+00:00
constrained_factual_241,gpt2,5,constrained_factual,5.6758,0.9956461588541666,2026-08-09T17:34:23.446114+00:00
constrained_factual_241,gpt2,6,constrained_factual,5.6758,0.9923502604166666,2026-08-09T17:34:23.446114+00:00
constrained_factual_241,gpt2,7,constrained_factual,5.6758,0.968017578125,2026-08-09T17:34:23.446114+00:00
constrained_factual_241,gpt2,8,constrained_factual,5.6758,0.94580078125,2026-08-09T17:34:23.446114+00:00
constrained_factual_242,gpt2,5,constrained_factual,5.9766,0.993896484375,2026-08-09T17:34:23.446114+00:00
constrained_factual_242,gpt2,6,constrained_factual,5.9766,0.9916585286458334,2026-08-09T17:34:23.446114+00:00
constrained_factual_242,gpt2,7,constrained_factual,5.9766,0.9597574869791666,2026-08-09T17:34:23.446114+00:00
constrained_factual_242,gpt2,8,constrained_factual,5.9766,0.9339599609375,2026-08-09T17:34:23.446114+00:00
constrained_factual_243,gpt2,5,constrained_factual,6.125,0.9943033854166666,2026-08-09T17:34:23.446114+00:00
constrained_factual_243,gpt2,6,constrained_factual,6.125,0.9789632161458334,2026-08-09T17:34:23.446114+00:00
constrained_factual_243,gpt2,7,constrained_factual,6.125,0.9172770182291666,2026-08-09T17:34:23.446114+00:00
constrained_factual_243,gpt2,8,constrained_factual,6.125,0.8619791666666666,2026-08-09T17:34:23.446114+00:00
constrained_factual_244,gpt2,5,constrained_factual,4.793,0.9966227213541666,2026-08-09T17:34:23.446114+00:00
constrained_factual_244,gpt2,6,constrained_factual,4.793,0.9901123046875,2026-08-09T17:34:23.446114+00:00
constrained_factual_244,gpt2,7,constrained_factual,4.793,0.9462483723958334,2026-08-09T17:34:23.446114+00:00
constrained_factual_244,gpt2,8,constrained_factual,4.793,0.9086507161458334,2026-08-09T17:34:23.446114+00:00
constrained_factual_245,gpt2,5,constrained_factual,6.2031,0.9947102864583334,2026-08-09T17:34:23.446114+00:00
constrained_factual_245,gpt2,6,constrained_factual,6.2031,0.9813639322916666,2026-08-09T17:34:23.446114+00:00
constrained_factual_245,gpt2,7,constrained_factual,6.2031,0.9186197916666666,2026-08-09T17:34:23.446114+00:00
constrained_factual_245,gpt2,8,constrained_factual,6.2031,0.8639322916666666,2026-08-09T17:34:23.446114+00:00
constrained_factual_246,gpt2,5,constrained_factual,4.7188,0.9962158203125,2026-08-09T17:34:23.446114+00:00
constrained_factual_246,gpt2,6,constrained_factual,4.7188,0.9923909505208334,2026-08-09T17:34:23.446114+00:00
constrained_factual_246,gpt2,7,constrained_factual,4.7188,0.9709065755208334,2026-08-09T17:34:23.446114+00:00
constrained_factual_246,gpt2,8,constrained_factual,4.7188,0.9357503255208334,2026-08-09T17:34:23.446114+00:00
constrained_factual_247,gpt2,5,constrained_factual,6.0234,0.993896484375,2026-08-09T17:34:23.446114+00:00
constrained_factual_247,gpt2,6,constrained_factual,6.0234,0.982666015625,2026-08-09T17:34:23.446114+00:00
constrained_factual_247,gpt2,7,constrained_factual,6.0234,0.906005859375,2026-08-09T17:34:23.446114+00:00
constrained_factual_247,gpt2,8,constrained_factual,6.0234,0.8841552734375,2026-08-09T17:34:23.446114+00:00
constrained_factual_248,gpt2,5,constrained_factual,5.8125,0.9940999348958334,2026-08-09T17:34:23.446114+00:00
constrained_factual_248,gpt2,6,constrained_factual,5.8125,0.9794108072916666,2026-08-09T17:34:23.446114+00:00
constrained_factual_248,gpt2,7,constrained_factual,5.8125,0.9148356119791666,2026-08-09T17:34:23.446114+00:00
constrained_factual_248,gpt2,8,constrained_factual,5.8125,0.8580322265625,2026-08-09T17:34:23.446114+00:00
constrained_factual_249,gpt2,5,constrained_factual,5.4531,0.9978841145833334,2026-08-09T17:34:23.446114+00:00
constrained_factual_249,gpt2,6,constrained_factual,5.4531,0.9954427083333334,2026-08-09T17:34:23.446114+00:00
constrained_factual_249,gpt2,7,constrained_factual,5.4531,0.9831949869791666,2026-08-09T17:34:23.446114+00:00
constrained_factual_249,gpt2,8,constrained_factual,5.4531,0.9729410807291666,2026-08-09T17:34:23.446114+00:00
constrained_factual_250,gpt2,5,constrained_factual,5.9062,0.9945068359375,2026-08-09T17:34:23.446114+00:00
constrained_factual_250,gpt2,6,constrained_factual,5.9062,0.9809163411458334,2026-08-09T17:34:23.446114+00:00
constrained_factual_250,gpt2,7,constrained_factual,5.9062,0.9326985677083334,2026-08-09T17:34:23.446114+00:00
constrained_factual_250,gpt2,8,constrained_factual,5.9062,0.8812662760416666,2026-08-09T17:34:23.446114+00:00
moderate_reasoning_051,gpt2,5,moderate_reasoning,4.1758,0.9973958333333334,2026-08-09T17:34:23.446114+00:00
moderate_reasoning_051,gpt2,6,moderate_reasoning,4.1758,0.9971923828125,2026-08-09T17:34:23.446114+00:00
moderate_reasoning_051,gpt2,7,moderate_reasoning,4.1758,0.9930419921875,2026-08-09T17:34:23.446114+00:00
moderate_reasoning_051,gpt2,8,moderate_reasoning,4.1758,0.9848225911458334,2026-08-09T17:34:23.446114+00:00
moderate_reasoning_052,gpt2,5,moderate_reasoning,3.6543,0.99755859375,2026-08-09T17:34:23.446114+00:00
moderate_reasoning_052,gpt2,6,moderate_reasoning,3.6543,0.9970296223958334,2026-08-09T17:34:23.446114+00:00
moderate_reasoning_052,gpt2,7,moderate_reasoning,3.6543,0.9923502604166666,2026-08-09T17:34:23.446114+00:00
moderate_reasoning_052,gpt2,8,moderate_reasoning,3.6543,0.9928385416666666,2026-08-09T17:34:23.446114+00:00
moderate_reasoning_053,gpt2,5,moderate_reasoning,5.0195,0.9980875651041666,2026-08-09T17:34:23.446114+00:00
moderate_reasoning_053,gpt2,6,moderate_reasoning,5.0195,0.9963785807291666,2026-08-09T17:34:23.446114+00:00
moderate_reasoning_053,gpt2,7,moderate_reasoning,5.0195,0.993408203125,2026-08-09T17:34:23.446114+00:00
moderate_reasoning_053,gpt2,8,moderate_reasoning,5.0195,0.9814860026041666,2026-08-09T17:34:23.446114+00:00
moderate_reasoning_054,gpt2,5,moderate_reasoning,5.0586,0.9954427083333334,2026-08-09T17:34:23.446114+00:00
moderate_reasoning_054,gpt2,6,moderate_reasoning,5.0586,0.9899495442708334,2026-08-09T17:34:23.446114+00:00
moderate_reasoning_054,gpt2,7,moderate_reasoning,5.0586,0.9646402994791666,2026-08-09T17:34:23.446114+00:00
moderate_reasoning_054,gpt2,8,moderate_reasoning,5.0586,0.9377034505208334,2026-08-09T17:34:23.446114+00:00
moderate_reasoning_055,gpt2,5,moderate_reasoning,4.8281,0.9967854817708334,2026-08-09T17:34:23.446114+00:00
moderate_reasoning_055,gpt2,6,moderate_reasoning,4.8281,0.9957275390625,2026-08-09T17:34:23.446114+00:00
moderate_reasoning_055,gpt2,7,moderate_reasoning,4.8281,0.9872639973958334,2026-08-09T17:34:23.446114+00:00
moderate_reasoning_055,gpt2,8,moderate_reasoning,4.8281,0.9655354817708334,2026-08-09T17:34:23.446114+00:00
moderate_reasoning_056,gpt2,5,moderate_reasoning,4.2109,0.9976806640625,2026-08-09T17:34:23.446114+00:00
moderate_reasoning_056,gpt2,6,moderate_reasoning,4.2109,0.9963785807291666,2026-08-09T17:34:23.446114+00:00
moderate_reasoning_056,gpt2,7,moderate_reasoning,4.2109,0.9931233723958334,2026-08-09T17:34:23.446114+00:00
moderate_reasoning_056,gpt2,8,moderate_reasoning,4.2109,0.9867757161458334,2026-08-09T17:34:23.446114+00:00
moderate_reasoning_057,gpt2,5,moderate_reasoning,5.3984,0.9966634114583334,2026-08-09T17:34:23.446114+00:00
moderate_reasoning_057,gpt2,6,moderate_reasoning,5.3984,0.9932047526041666,2026-08-09T17:34:23.446114+00:00
moderate_reasoning_057,gpt2,7,moderate_reasoning,5.3984,0.980224609375,2026-08-09T17:34:23.446114+00:00
moderate_reasoning_057,gpt2,8,moderate_reasoning,5.3984,0.9600830078125,2026-08-09T17:34:23.446114+00:00
moderate_reasoning_058,gpt2,5,moderate_reasoning,1.835,0.9980061848958334,2026-08-09T17:34:23.446114+00:00
moderate_reasoning_058,gpt2,6,moderate_reasoning,1.835,0.9968668619791666,2026-08-09T17:34:23.446114+00:00
moderate_reasoning_058,gpt2,7,moderate_reasoning,1.835,0.9876708984375,2026-08-09T17:34:23.446114+00:00
moderate_reasoning_058,gpt2,8,moderate_reasoning,1.835,0.9639892578125,2026-08-09T17:34:23.446114+00:00
moderate_reasoning_059,gpt2,5,moderate_reasoning,5.2852,0.99755859375,2026-08-09T17:34:23.446114+00:00
moderate_reasoning_059,gpt2,6,moderate_reasoning,5.2852,0.9952799479166666,2026-08-09T17:34:23.446114+00:00
moderate_reasoning_059,gpt2,7,moderate_reasoning,5.2852,0.9856363932291666,2026-08-09T17:34:23.446114+00:00
moderate_reasoning_059,gpt2,8,moderate_reasoning,5.2852,0.9696044921875,2026-08-09T17:34:23.446114+00:00
moderate_reasoning_060,gpt2,5,moderate_reasoning,3.9238,0.9981282552083334,2026-08-09T17:34:23.446114+00:00
moderate_reasoning_060,gpt2,6,moderate_reasoning,3.9238,0.9960530598958334,2026-08-09T17:34:23.446114+00:00
moderate_reasoning_060,gpt2,7,moderate_reasoning,3.9238,0.9911295572916666,2026-08-09T17:34:23.446114+00:00
moderate_reasoning_060,gpt2,8,moderate_reasoning,3.9238,0.9765625,2026-08-09T17:34:23.446114+00:00
moderate_reasoning_061,gpt2,5,moderate_reasoning,5.4531,0.9949137369791666,2026-08-09T17:34:23.446114+00:00
moderate_reasoning_061,gpt2,6,moderate_reasoning,5.4531,0.9872639973958334,2026-08-09T17:34:23.446114+00:00
moderate_reasoning_061,gpt2,7,moderate_reasoning,5.4531,0.9712320963541666,2026-08-09T17:34:23.446114+00:00
moderate_reasoning_061,gpt2,8,moderate_reasoning,5.4531,0.9510498046875,2026-08-09T17:34:23.446114+00:00
moderate_reasoning_062,gpt2,5,moderate_reasoning,5.5664,0.9966227213541666,2026-08-09T17:34:23.446114+00:00
moderate_reasoning_062,gpt2,6,moderate_reasoning,5.5664,0.9942220052083334,2026-08-09T17:34:23.446114+00:00
moderate_reasoning_062,gpt2,7,moderate_reasoning,5.5664,0.9867350260416666,2026-08-09T17:34:23.446114+00:00
moderate_reasoning_062,gpt2,8,moderate_reasoning,5.5664,0.9713134765625,2026-08-09T17:34:23.446114+00:00
moderate_reasoning_063,gpt2,5,moderate_reasoning,5.6875,0.9964599609375,2026-08-09T17:34:23.446114+00:00
moderate_reasoning_063,gpt2,6,moderate_reasoning,5.6875,0.9923095703125,2026-08-09T17:34:23.446114+00:00
moderate_reasoning_063,gpt2,7,moderate_reasoning,5.6875,0.9833984375,2026-08-09T17:34:23.446114+00:00
moderate_reasoning_063,gpt2,8,moderate_reasoning,5.6875,0.9554443359375,2026-08-09T17:34:23.446114+00:00
moderate_reasoning_064,gpt2,5,moderate_reasoning,2.0254,0.9975179036458334,2026-08-09T17:34:23.446114+00:00
moderate_reasoning_064,gpt2,6,moderate_reasoning,2.0254,0.996826171875,2026-08-09T17:34:23.446114+00:00
moderate_reasoning_064,gpt2,7,moderate_reasoning,2.0254,0.9893391927083334,2026-08-09T17:34:23.446114+00:00
moderate_reasoning_064,gpt2,8,moderate_reasoning,2.0254,0.9748128255208334,2026-08-09T17:34:23.446114+00:00
moderate_reasoning_065,gpt2,5,moderate_reasoning,5.7109,0.9984944661458334,2026-08-09T17:34:23.446114+00:00
moderate_reasoning_065,gpt2,6,moderate_reasoning,5.7109,0.99658203125,2026-08-09T17:34:23.446114+00:00
moderate_reasoning_065,gpt2,7,moderate_reasoning,5.7109,0.990234375,2026-08-09T17:34:23.446114+00:00
moderate_reasoning_065,gpt2,8,moderate_reasoning,5.7109,0.974365234375,2026-08-09T17:34:23.446114+00:00
moderate_reasoning_066,gpt2,5,moderate_reasoning,5.3906,0.9978434244791666,2026-08-09T17:34:23.446114+00:00
moderate_reasoning_066,gpt2,6,moderate_reasoning,5.3906,0.9961751302083334,2026-08-09T17:34:23.446114+00:00
moderate_reasoning_066,gpt2,7,moderate_reasoning,5.3906,0.9907633463541666,2026-08-09T17:34:23.446114+00:00
moderate_reasoning_066,gpt2,8,moderate_reasoning,5.3906,0.9812418619791666,2026-08-09T17:34:23.446114+00:00
moderate_reasoning_067,gpt2,5,moderate_reasoning,5.125,0.9974772135416666,2026-08-09T17:34:23.446114+00:00
moderate_reasoning_067,gpt2,6,moderate_reasoning,5.125,0.9936930338541666,2026-08-09T17:34:23.446114+00:00
moderate_reasoning_067,gpt2,7,moderate_reasoning,5.125,0.9784342447916666,2026-08-09T17:34:23.446114+00:00
moderate_reasoning_067,gpt2,8,moderate_reasoning,5.125,0.9334716796875,2026-08-09T17:34:23.446114+00:00
moderate_reasoning_068,gpt2,5,moderate_reasoning,5.0625,0.9986572265625,2026-08-09T17:34:23.446114+00:00
moderate_reasoning_068,gpt2,6,moderate_reasoning,5.0625,0.9962565104166666,2026-08-09T17:34:23.446114+00:00
moderate_reasoning_068,gpt2,7,moderate_reasoning,5.0625,0.9884440104166666,2026-08-09T17:34:23.446114+00:00
moderate_reasoning_068,gpt2,8,moderate_reasoning,5.0625,0.9696451822916666,2026-08-09T17:34:23.446114+00:00
moderate_reasoning_069,gpt2,5,moderate_reasoning,5.2266,0.9972737630208334,2026-08-09T17:34:23.446114+00:00
moderate_reasoning_069,gpt2,6,moderate_reasoning,5.2266,0.9958902994791666,2026-08-09T17:34:23.446114+00:00
moderate_reasoning_069,gpt2,7,moderate_reasoning,5.2266,0.990234375,2026-08-09T17:34:23.446114+00:00
moderate_reasoning_069,gpt2,8,moderate_reasoning,5.2266,0.9805501302083334,2026-08-09T17:34:23.446114+00:00
moderate_reasoning_070,gpt2,5,moderate_reasoning,5.3633,0.9986572265625,2026-08-09T17:34:23.446114+00:00
moderate_reasoning_070,gpt2,6,moderate_reasoning,5.3633,0.9947102864583334,2026-08-09T17:34:23.446114+00:00
moderate_reasoning_070,gpt2,7,moderate_reasoning,5.3633,0.9871826171875,2026-08-09T17:34:23.446114+00:00
moderate_reasoning_070,gpt2,8,moderate_reasoning,5.3633,0.9639078776041666,2026-08-09T17:34:23.446114+00:00
moderate_reasoning_071,gpt2,5,moderate_reasoning,3.4434,0.9983723958333334,2026-08-09T17:34:23.446114+00:00
moderate_reasoning_071,gpt2,6,moderate_reasoning,3.4434,0.9974772135416666,2026-08-09T17:34:23.446114+00:00
moderate_reasoning_071,gpt2,7,moderate_reasoning,3.4434,0.9964192708333334,2026-08-09T17:34:23.446114+00:00
moderate_reasoning_071,gpt2,8,moderate_reasoning,3.4434,0.9942220052083334,2026-08-09T17:34:23.446114+00:00
moderate_reasoning_072,gpt2,5,moderate_reasoning,5.3828,0.9986165364583334,2026-08-09T17:34:23.446114+00:00
moderate_reasoning_072,gpt2,6,moderate_reasoning,5.3828,0.9963785807291666,2026-08-09T17:34:23.446114+00:00
moderate_reasoning_072,gpt2,7,moderate_reasoning,5.3828,0.9860432942708334,2026-08-09T17:34:23.446114+00:00
moderate_reasoning_072,gpt2,8,moderate_reasoning,5.3828,0.9285074869791666,2026-08-09T17:34:23.446114+00:00
moderate_reasoning_073,gpt2,5,moderate_reasoning,4.7188,0.9976399739583334,2026-08-09T17:34:23.446114+00:00
moderate_reasoning_073,gpt2,6,moderate_reasoning,4.7188,0.9958902994791666,2026-08-09T17:34:23.446114+00:00
moderate_reasoning_073,gpt2,7,moderate_reasoning,4.7188,0.9912109375,2026-08-09T17:34:23.446114+00:00
moderate_reasoning_073,gpt2,8,moderate_reasoning,4.7188,0.9822998046875,2026-08-09T17:34:23.446114+00:00
moderate_reasoning_074,gpt2,5,moderate_reasoning,5.293,0.998291015625,2026-08-09T17:34:23.446114+00:00
moderate_reasoning_074,gpt2,6,moderate_reasoning,5.293,0.9954427083333334,2026-08-09T17:34:23.446114+00:00
moderate_reasoning_074,gpt2,7,moderate_reasoning,5.293,0.9870198567708334,2026-08-09T17:34:23.446114+00:00
moderate_reasoning_074,gpt2,8,moderate_reasoning,5.293,0.9686279296875,2026-08-09T17:34:23.446114+00:00
moderate_reasoning_075,gpt2,5,moderate_reasoning,5.8672,0.9978841145833334,2026-08-09T17:34:23.446114+00:00
moderate_reasoning_075,gpt2,6,moderate_reasoning,5.8672,0.9960530598958334,2026-08-09T17:34:23.446114+00:00
moderate_reasoning_075,gpt2,7,moderate_reasoning,5.8672,0.987548828125,2026-08-09T17:34:23.446114+00:00
moderate_reasoning_075,gpt2,8,moderate_reasoning,5.8672,0.9756266276041666,2026-08-09T17:34:23.446114+00:00
moderate_reasoning_076,gpt2,5,moderate_reasoning,4.5586,0.9973551432291666,2026-08-09T17:34:23.446114+00:00
moderate_reasoning_076,gpt2,6,moderate_reasoning,4.5586,0.9963785807291666,2026-08-09T17:34:23.446114+00:00
moderate_reasoning_076,gpt2,7,moderate_reasoning,4.5586,0.9897867838541666,2026-08-09T17:34:23.446114+00:00
moderate_reasoning_076,gpt2,8,moderate_reasoning,4.5586,0.9738362630208334,2026-08-09T17:34:23.446114+00:00
moderate_reasoning_077,gpt2,5,moderate_reasoning,5.125,0.997314453125,2026-08-09T17:34:23.446114+00:00
moderate_reasoning_077,gpt2,6,moderate_reasoning,5.125,0.9952799479166666,2026-08-09T17:34:23.446114+00:00
moderate_reasoning_077,gpt2,7,moderate_reasoning,5.125,0.989013671875,2026-08-09T17:34:23.446114+00:00
moderate_reasoning_077,gpt2,8,moderate_reasoning,5.125,0.9747314453125,2026-08-09T17:34:23.446114+00:00
moderate_reasoning_078,gpt2,5,moderate_reasoning,4.5898,0.9994710286458334,2026-08-09T17:34:23.446114+00:00
moderate_reasoning_078,gpt2,6,moderate_reasoning,4.5898,0.9989827473958334,2026-08-09T17:34:23.446114+00:00
moderate_reasoning_078,gpt2,7,moderate_reasoning,4.5898,0.9970703125,2026-08-09T17:34:23.446114+00:00
moderate_reasoning_078,gpt2,8,moderate_reasoning,4.5898,0.9937744140625,2026-08-09T17:34:23.446114+00:00
moderate_reasoning_079,gpt2,5,moderate_reasoning,1.5742,0.9962158203125,2026-08-09T17:34:23.446114+00:00
moderate_reasoning_079,gpt2,6,moderate_reasoning,1.5742,0.9946695963541666,2026-08-09T17:34:23.446114+00:00
moderate_reasoning_079,gpt2,7,moderate_reasoning,1.5742,0.9861653645833334,2026-08-09T17:34:23.446114+00:00
moderate_reasoning_079,gpt2,8,moderate_reasoning,1.5742,0.9668375651041666,2026-08-09T17:34:23.446114+00:00
moderate_reasoning_080,gpt2,5,moderate_reasoning,4.9062,0.9971516927083334,2026-08-09T17:34:23.446114+00:00
moderate_reasoning_080,gpt2,6,moderate_reasoning,4.9062,0.9960123697916666,2026-08-09T17:34:23.446114+00:00
moderate_reasoning_080,gpt2,7,moderate_reasoning,4.9062,0.9900309244791666,2026-08-09T17:34:23.446114+00:00
moderate_reasoning_080,gpt2,8,moderate_reasoning,4.9062,0.9777018229166666,2026-08-09T17:34:23.446114+00:00
moderate_reasoning_081,gpt2,5,moderate_reasoning,4.8203,0.997802734375,2026-08-09T17:34:23.446114+00:00
moderate_reasoning_081,gpt2,6,moderate_reasoning,4.8203,0.9970703125,2026-08-09T17:34:23.446114+00:00
moderate_reasoning_081,gpt2,7,moderate_reasoning,4.8203,0.9958089192708334,2026-08-09T17:34:23.446114+00:00
moderate_reasoning_081,gpt2,8,moderate_reasoning,4.8203,0.9876302083333334,2026-08-09T17:34:23.446114+00:00
moderate_reasoning_082,gpt2,5,moderate_reasoning,5.1836,0.993896484375,2026-08-09T17:34:23.446114+00:00
moderate_reasoning_082,gpt2,6,moderate_reasoning,5.1836,0.9896647135416666,2026-08-09T17:34:23.446114+00:00
moderate_reasoning_082,gpt2,7,moderate_reasoning,5.1836,0.9685872395833334,2026-08-09T17:34:23.446114+00:00
moderate_reasoning_082,gpt2,8,moderate_reasoning,5.1836,0.9469807942708334,2026-08-09T17:34:23.446114+00:00
moderate_reasoning_083,gpt2,5,moderate_reasoning,4.6914,0.9993896484375,2026-08-09T17:34:23.446114+00:00
moderate_reasoning_083,gpt2,6,moderate_reasoning,4.6914,0.9977620442708334,2026-08-09T17:34:23.446114+00:00
moderate_reasoning_083,gpt2,7,moderate_reasoning,4.6914,0.9881591796875,2026-08-09T17:34:23.446114+00:00
moderate_reasoning_083,gpt2,8,moderate_reasoning,4.6914,0.951171875,2026-08-09T17:34:23.446114+00:00
moderate_reasoning_084,gpt2,5,moderate_reasoning,3.8301,0.9974772135416666,2026-08-09T17:34:23.446114+00:00
moderate_reasoning_084,gpt2,6,moderate_reasoning,3.8301,0.9968668619791666,2026-08-09T17:34:23.446114+00:00
moderate_reasoning_084,gpt2,7,moderate_reasoning,3.8301,0.9940185546875,2026-08-09T17:34:23.446114+00:00
moderate_reasoning_084,gpt2,8,moderate_reasoning,3.8301,0.9869384765625,2026-08-09T17:34:23.446114+00:00
moderate_reasoning_085,gpt2,5,moderate_reasoning,5.1484,0.9986979166666666,2026-08-09T17:34:23.446114+00:00
moderate_reasoning_085,gpt2,6,moderate_reasoning,5.1484,0.99658203125,2026-08-09T17:34:23.446114+00:00
moderate_reasoning_085,gpt2,7,moderate_reasoning,5.1484,0.98876953125,2026-08-09T17:34:23.446114+00:00
moderate_reasoning_085,gpt2,8,moderate_reasoning,5.1484,0.9782307942708334,2026-08-09T17:34:23.446114+00:00
moderate_reasoning_086,gpt2,5,moderate_reasoning,3.3516,0.9981689453125,2026-08-09T17:34:23.446114+00:00
moderate_reasoning_086,gpt2,6,moderate_reasoning,3.3516,0.9969482421875,2026-08-09T17:34:23.446114+00:00
moderate_reasoning_086,gpt2,7,moderate_reasoning,3.3516,0.9945475260416666,2026-08-09T17:34:23.446114+00:00
moderate_reasoning_086,gpt2,8,moderate_reasoning,3.3516,0.9857584635416666,2026-08-09T17:34:23.446114+00:00
moderate_reasoning_087,gpt2,5,moderate_reasoning,5.5234,0.9975992838541666,2026-08-09T17:34:23.446114+00:00
moderate_reasoning_087,gpt2,6,moderate_reasoning,5.5234,0.994873046875,2026-08-09T17:34:23.446114+00:00
moderate_reasoning_087,gpt2,7,moderate_reasoning,5.5234,0.9857991536458334,2026-08-09T17:34:23.446114+00:00
moderate_reasoning_087,gpt2,8,moderate_reasoning,5.5234,0.9602457682291666,2026-08-09T17:34:23.446114+00:00
moderate_reasoning_088,gpt2,5,moderate_reasoning,5.1172,0.9974772135416666,2026-08-09T17:34:23.446114+00:00
moderate_reasoning_088,gpt2,6,moderate_reasoning,5.1172,0.9953206380208334,2026-08-09T17:34:23.446114+00:00
moderate_reasoning_088,gpt2,7,moderate_reasoning,5.1172,0.9841715494791666,2026-08-09T17:34:23.446114+00:00
moderate_reasoning_088,gpt2,8,moderate_reasoning,5.1172,0.9597574869791666,2026-08-09T17:34:23.446114+00:00
moderate_reasoning_089,gpt2,5,moderate_reasoning,5.2852,0.9962972005208334,2026-08-09T17:34:23.446114+00:00
moderate_reasoning_089,gpt2,6,moderate_reasoning,5.2852,0.9923909505208334,2026-08-09T17:34:23.446114+00:00
moderate_reasoning_089,gpt2,7,moderate_reasoning,5.2852,0.9815266927083334,2026-08-09T17:34:23.446114+00:00
moderate_reasoning_089,gpt2,8,moderate_reasoning,5.2852,0.954833984375,2026-08-09T17:34:23.446114+00:00
moderate_reasoning_090,gpt2,5,moderate_reasoning,5.9922,0.998291015625,2026-08-09T17:34:23.446114+00:00
moderate_reasoning_090,gpt2,6,moderate_reasoning,5.9922,0.9954427083333334,2026-08-09T17:34:23.446114+00:00
moderate_reasoning_090,gpt2,7,moderate_reasoning,5.9922,0.9913330078125,2026-08-09T17:34:23.446114+00:00
moderate_reasoning_090,gpt2,8,moderate_reasoning,5.9922,0.9764404296875,2026-08-09T17:34:23.446114+00:00
moderate_reasoning_091,gpt2,5,moderate_reasoning,5.207,0.9975179036458334,2026-08-09T17:34:23.446114+00:00
moderate_reasoning_091,gpt2,6,moderate_reasoning,5.207,0.995849609375,2026-08-09T17:34:23.446114+00:00
moderate_reasoning_091,gpt2,7,moderate_reasoning,5.207,0.9889322916666666,2026-08-09T17:34:23.446114+00:00
moderate_reasoning_091,gpt2,8,moderate_reasoning,5.207,0.9782307942708334,2026-08-09T17:34:23.446114+00:00
moderate_reasoning_092,gpt2,5,moderate_reasoning,5.0664,0.9982503255208334,2026-08-09T17:34:23.446114+00:00
moderate_reasoning_092,gpt2,6,moderate_reasoning,5.0664,0.9961751302083334,2026-08-09T17:34:23.446114+00:00
moderate_reasoning_092,gpt2,7,moderate_reasoning,5.0664,0.9886881510416666,2026-08-09T17:34:23.446114+00:00
moderate_reasoning_092,gpt2,8,moderate_reasoning,5.0664,0.9688313802083334,2026-08-09T17:34:23.446114+00:00
moderate_reasoning_093,gpt2,5,moderate_reasoning,5.2695,0.998779296875,2026-08-09T17:34:23.446114+00:00
moderate_reasoning_093,gpt2,6,moderate_reasoning,5.2695,0.9970703125,2026-08-09T17:34:23.446114+00:00
moderate_reasoning_093,gpt2,7,moderate_reasoning,5.2695,0.9892171223958334,2026-08-09T17:34:23.446114+00:00
moderate_reasoning_093,gpt2,8,moderate_reasoning,5.2695,0.98046875,2026-08-09T17:34:23.446114+00:00
moderate_reasoning_094,gpt2,5,moderate_reasoning,2.8379,0.9984130859375,2026-08-09T17:34:23.446114+00:00
moderate_reasoning_094,gpt2,6,moderate_reasoning,2.8379,0.9973551432291666,2026-08-09T17:34:23.446114+00:00
moderate_reasoning_094,gpt2,7,moderate_reasoning,2.8379,0.9949951171875,2026-08-09T17:34:23.446114+00:00
moderate_reasoning_094,gpt2,8,moderate_reasoning,2.8379,0.9896240234375,2026-08-09T17:34:23.446114+00:00
moderate_reasoning_095,gpt2,5,moderate_reasoning,5.2422,0.9974365234375,2026-08-09T17:34:23.446114+00:00
moderate_reasoning_095,gpt2,6,moderate_reasoning,5.2422,0.9949137369791666,2026-08-09T17:34:23.446114+00:00
moderate_reasoning_095,gpt2,7,moderate_reasoning,5.2422,0.979248046875,2026-08-09T17:34:23.446114+00:00
moderate_reasoning_095,gpt2,8,moderate_reasoning,5.2422,0.9527180989583334,2026-08-09T17:34:23.446114+00:00
moderate_reasoning_096,gpt2,5,moderate_reasoning,5.6602,0.998291015625,2026-08-09T17:34:23.446114+00:00
moderate_reasoning_096,gpt2,6,moderate_reasoning,5.6602,0.9972330729166666,2026-08-09T17:34:23.446114+00:00
moderate_reasoning_096,gpt2,7,moderate_reasoning,5.6602,0.9903564453125,2026-08-09T17:34:23.446114+00:00
moderate_reasoning_096,gpt2,8,moderate_reasoning,5.6602,0.9684244791666666,2026-08-09T17:34:23.446114+00:00
moderate_reasoning_097,gpt2,5,moderate_reasoning,3.7949,0.9962158203125,2026-08-09T17:34:23.446114+00:00
moderate_reasoning_097,gpt2,6,moderate_reasoning,3.7949,0.9966227213541666,2026-08-09T17:34:23.446114+00:00
moderate_reasoning_097,gpt2,7,moderate_reasoning,3.7949,0.9905598958333334,2026-08-09T17:34:23.446114+00:00
moderate_reasoning_097,gpt2,8,moderate_reasoning,3.7949,0.985595703125,2026-08-09T17:34:23.446114+00:00
moderate_reasoning_098,gpt2,5,moderate_reasoning,4.6133,0.9973551432291666,2026-08-09T17:34:23.446114+00:00
moderate_reasoning_098,gpt2,6,moderate_reasoning,4.6133,0.9973551432291666,2026-08-09T17:34:23.446114+00:00
moderate_reasoning_098,gpt2,7,moderate_reasoning,4.6133,0.9917805989583334,2026-08-09T17:34:23.446114+00:00
moderate_reasoning_098,gpt2,8,moderate_reasoning,4.6133,0.9822591145833334,2026-08-09T17:34:23.446114+00:00
moderate_reasoning_099,gpt2,5,moderate_reasoning,4.8633,0.9970296223958334,2026-08-09T17:34:23.446114+00:00
moderate_reasoning_099,gpt2,6,moderate_reasoning,4.8633,0.9912923177083334,2026-08-09T17:34:23.446114+00:00
moderate_reasoning_099,gpt2,7,moderate_reasoning,4.8633,0.9815673828125,2026-08-09T17:34:23.446114+00:00
moderate_reasoning_099,gpt2,8,moderate_reasoning,4.8633,0.9626057942708334,2026-08-09T17:34:23.446114+00:00
moderate_reasoning_100,gpt2,5,moderate_reasoning,1.1035,0.9973551432291666,2026-08-09T17:34:23.446114+00:00
moderate_reasoning_100,gpt2,6,moderate_reasoning,1.1035,0.99755859375,2026-08-09T17:34:23.446114+00:00
moderate_reasoning_100,gpt2,7,moderate_reasoning,1.1035,0.9966634114583334,2026-08-09T17:34:23.446114+00:00
moderate_reasoning_100,gpt2,8,moderate_reasoning,1.1035,0.9931233723958334,2026-08-09T17:34:23.446114+00:00
moderate_reasoning_101,gpt2,5,moderate_reasoning,4.2344,0.998046875,2026-08-09T17:34:23.446114+00:00
moderate_reasoning_101,gpt2,6,moderate_reasoning,4.2344,0.9978841145833334,2026-08-09T17:34:23.446114+00:00
moderate_reasoning_101,gpt2,7,moderate_reasoning,4.2344,0.9932454427083334,2026-08-09T17:34:23.446114+00:00
moderate_reasoning_101,gpt2,8,moderate_reasoning,4.2344,0.9867757161458334,2026-08-09T17:34:23.446114+00:00
moderate_reasoning_102,gpt2,5,moderate_reasoning,3.7344,0.9978841145833334,2026-08-09T17:34:23.446114+00:00
moderate_reasoning_102,gpt2,6,moderate_reasoning,3.7344,0.9972330729166666,2026-08-09T17:34:23.446114+00:00
moderate_reasoning_102,gpt2,7,moderate_reasoning,3.7344,0.9931233723958334,2026-08-09T17:34:23.446114+00:00
moderate_reasoning_102,gpt2,8,moderate_reasoning,3.7344,0.9937744140625,2026-08-09T17:34:23.446114+00:00
moderate_reasoning_103,gpt2,5,moderate_reasoning,5.2891,0.9981282552083334,2026-08-09T17:34:23.446114+00:00
moderate_reasoning_103,gpt2,6,moderate_reasoning,5.2891,0.9966634114583334,2026-08-09T17:34:23.446114+00:00
moderate_reasoning_103,gpt2,7,moderate_reasoning,5.2891,0.993408203125,2026-08-09T17:34:23.446114+00:00
moderate_reasoning_103,gpt2,8,moderate_reasoning,5.2891,0.9804280598958334,2026-08-09T17:34:23.446114+00:00
moderate_reasoning_104,gpt2,5,moderate_reasoning,5.207,0.9950358072916666,2026-08-09T17:34:23.446114+00:00
moderate_reasoning_104,gpt2,6,moderate_reasoning,5.207,0.9890950520833334,2026-08-09T17:34:23.446114+00:00
moderate_reasoning_104,gpt2,7,moderate_reasoning,5.207,0.9698486328125,2026-08-09T17:34:23.446114+00:00
moderate_reasoning_104,gpt2,8,moderate_reasoning,5.207,0.9381917317708334,2026-08-09T17:34:23.446114+00:00
moderate_reasoning_105,gpt2,5,moderate_reasoning,5.4648,0.9966634114583334,2026-08-09T17:34:23.446114+00:00
moderate_reasoning_105,gpt2,6,moderate_reasoning,5.4648,0.9950764973958334,2026-08-09T17:34:23.446114+00:00
moderate_reasoning_105,gpt2,7,moderate_reasoning,5.4648,0.9822184244791666,2026-08-09T17:34:23.446114+00:00
moderate_reasoning_105,gpt2,8,moderate_reasoning,5.4648,0.9542643229166666,2026-08-09T17:34:23.446114+00:00
moderate_reasoning_106,gpt2,5,moderate_reasoning,4.6172,0.9983723958333334,2026-08-09T17:34:23.446114+00:00
moderate_reasoning_106,gpt2,6,moderate_reasoning,4.6172,0.9974365234375,2026-08-09T17:34:23.446114+00:00
moderate_reasoning_106,gpt2,7,moderate_reasoning,4.6172,0.994140625,2026-08-09T17:34:23.446114+00:00
moderate_reasoning_106,gpt2,8,moderate_reasoning,4.6172,0.9873453776041666,2026-08-09T17:34:23.446114+00:00
moderate_reasoning_107,gpt2,5,moderate_reasoning,5.418,0.9967447916666666,2026-08-09T17:34:23.446114+00:00
moderate_reasoning_107,gpt2,6,moderate_reasoning,5.418,0.9937337239583334,2026-08-09T17:34:23.446114+00:00
moderate_reasoning_107,gpt2,7,moderate_reasoning,5.418,0.9835611979166666,2026-08-09T17:34:23.446114+00:00
moderate_reasoning_107,gpt2,8,moderate_reasoning,5.418,0.9634195963541666,2026-08-09T17:34:23.446114+00:00
moderate_reasoning_108,gpt2,5,moderate_reasoning,2.1836,0.9980875651041666,2026-08-09T17:34:23.446114+00:00
moderate_reasoning_108,gpt2,6,moderate_reasoning,2.1836,0.9971110026041666,2026-08-09T17:34:23.446114+00:00
moderate_reasoning_108,gpt2,7,moderate_reasoning,2.1836,0.9874674479166666,2026-08-09T17:34:23.446114+00:00
moderate_reasoning_108,gpt2,8,moderate_reasoning,2.1836,0.9601643880208334,2026-08-09T17:34:23.446114+00:00
moderate_reasoning_109,gpt2,5,moderate_reasoning,5.8203,0.9979248046875,2026-08-09T17:34:23.446114+00:00
moderate_reasoning_109,gpt2,6,moderate_reasoning,5.8203,0.9957275390625,2026-08-09T17:34:23.446114+00:00
moderate_reasoning_109,gpt2,7,moderate_reasoning,5.8203,0.9857177734375,2026-08-09T17:34:23.446114+00:00
moderate_reasoning_109,gpt2,8,moderate_reasoning,5.8203,0.9713134765625,2026-08-09T17:34:23.446114+00:00
moderate_reasoning_110,gpt2,5,moderate_reasoning,3.9336,0.9982096354166666,2026-08-09T17:34:23.446114+00:00
moderate_reasoning_110,gpt2,6,moderate_reasoning,3.9336,0.9960123697916666,2026-08-09T17:34:23.446114+00:00
moderate_reasoning_110,gpt2,7,moderate_reasoning,3.9336,0.9912923177083334,2026-08-09T17:34:23.446114+00:00
moderate_reasoning_110,gpt2,8,moderate_reasoning,3.9336,0.9738362630208334,2026-08-09T17:34:23.446114+00:00
moderate_reasoning_111,gpt2,5,moderate_reasoning,5.7617,0.9956868489583334,2026-08-09T17:34:23.446114+00:00
moderate_reasoning_111,gpt2,6,moderate_reasoning,5.7617,0.9876302083333334,2026-08-09T17:34:23.446114+00:00
moderate_reasoning_111,gpt2,7,moderate_reasoning,5.7617,0.9712727864583334,2026-08-09T17:34:23.446114+00:00
moderate_reasoning_111,gpt2,8,moderate_reasoning,5.7617,0.95751953125,2026-08-09T17:34:23.446114+00:00
moderate_reasoning_112,gpt2,5,moderate_reasoning,5.7227,0.9969889322916666,2026-08-09T17:34:23.446114+00:00
moderate_reasoning_112,gpt2,6,moderate_reasoning,5.7227,0.99365234375,2026-08-09T17:34:23.446114+00:00
moderate_reasoning_112,gpt2,7,moderate_reasoning,5.7227,0.9878336588541666,2026-08-09T17:34:23.446114+00:00
moderate_reasoning_112,gpt2,8,moderate_reasoning,5.7227,0.972900390625,2026-08-09T17:34:23.446114+00:00
moderate_reasoning_113,gpt2,5,moderate_reasoning,5.9883,0.9972330729166666,2026-08-09T17:34:23.446114+00:00
moderate_reasoning_113,gpt2,6,moderate_reasoning,5.9883,0.9940999348958334,2026-08-09T17:34:23.446114+00:00
moderate_reasoning_113,gpt2,7,moderate_reasoning,5.9883,0.9852294921875,2026-08-09T17:34:23.446114+00:00
moderate_reasoning_113,gpt2,8,moderate_reasoning,5.9883,0.9608154296875,2026-08-09T17:34:23.446114+00:00
moderate_reasoning_114,gpt2,5,moderate_reasoning,2.5039,0.9977213541666666,2026-08-09T17:34:23.446114+00:00
moderate_reasoning_114,gpt2,6,moderate_reasoning,2.5039,0.9970703125,2026-08-09T17:34:23.446114+00:00
moderate_reasoning_114,gpt2,7,moderate_reasoning,2.5039,0.988037109375,2026-08-09T17:34:23.446114+00:00
moderate_reasoning_114,gpt2,8,moderate_reasoning,2.5039,0.9713541666666666,2026-08-09T17:34:23.446114+00:00
moderate_reasoning_115,gpt2,5,moderate_reasoning,5.8281,0.998291015625,2026-08-09T17:34:23.446114+00:00
moderate_reasoning_115,gpt2,6,moderate_reasoning,5.8281,0.9967041015625,2026-08-09T17:34:23.446114+00:00
moderate_reasoning_115,gpt2,7,moderate_reasoning,5.8281,0.9906412760416666,2026-08-09T17:34:23.446114+00:00
moderate_reasoning_115,gpt2,8,moderate_reasoning,5.8281,0.9705403645833334,2026-08-09T17:34:23.446114+00:00
moderate_reasoning_116,gpt2,5,moderate_reasoning,5.5781,0.9980875651041666,2026-08-09T17:34:23.446114+00:00
moderate_reasoning_116,gpt2,6,moderate_reasoning,5.5781,0.9961751302083334,2026-08-09T17:34:23.446114+00:00
moderate_reasoning_116,gpt2,7,moderate_reasoning,5.5781,0.9905598958333334,2026-08-09T17:34:23.446114+00:00
moderate_reasoning_116,gpt2,8,moderate_reasoning,5.5781,0.9784342447916666,2026-08-09T17:34:23.446114+00:00
moderate_reasoning_117,gpt2,5,moderate_reasoning,5.3867,0.9974772135416666,2026-08-09T17:34:23.446114+00:00
moderate_reasoning_117,gpt2,6,moderate_reasoning,5.3867,0.9940999348958334,2026-08-09T17:34:23.446114+00:00
moderate_reasoning_117,gpt2,7,moderate_reasoning,5.3867,0.9821370442708334,2026-08-09T17:34:23.446114+00:00
moderate_reasoning_117,gpt2,8,moderate_reasoning,5.3867,0.9465738932291666,2026-08-09T17:34:23.446114+00:00
moderate_reasoning_118,gpt2,5,moderate_reasoning,5.7734,0.9986572265625,2026-08-09T17:34:23.446114+00:00
moderate_reasoning_118,gpt2,6,moderate_reasoning,5.7734,0.9967041015625,2026-08-09T17:34:23.446114+00:00
moderate_reasoning_118,gpt2,7,moderate_reasoning,5.7734,0.9876708984375,2026-08-09T17:34:23.446114+00:00
moderate_reasoning_118,gpt2,8,moderate_reasoning,5.7734,0.9701741536458334,2026-08-09T17:34:23.446114+00:00
moderate_reasoning_119,gpt2,5,moderate_reasoning,5.4297,0.9975179036458334,2026-08-09T17:34:23.446114+00:00
moderate_reasoning_119,gpt2,6,moderate_reasoning,5.4297,0.9962565104166666,2026-08-09T17:34:23.446114+00:00
moderate_reasoning_119,gpt2,7,moderate_reasoning,5.4297,0.9916178385416666,2026-08-09T17:34:23.446114+00:00
moderate_reasoning_119,gpt2,8,moderate_reasoning,5.4297,0.9832763671875,2026-08-09T17:34:23.446114+00:00
moderate_reasoning_120,gpt2,5,moderate_reasoning,5.5586,0.998779296875,2026-08-09T17:34:23.446114+00:00
moderate_reasoning_120,gpt2,6,moderate_reasoning,5.5586,0.9953206380208334,2026-08-09T17:34:23.446114+00:00
moderate_reasoning_120,gpt2,7,moderate_reasoning,5.5586,0.9878336588541666,2026-08-09T17:34:23.446114+00:00
moderate_reasoning_120,gpt2,8,moderate_reasoning,5.5586,0.963623046875,2026-08-09T17:34:23.446114+00:00
moderate_reasoning_121,gpt2,5,moderate_reasoning,3.7344,0.9986979166666666,2026-08-09T17:34:23.446114+00:00
moderate_reasoning_121,gpt2,6,moderate_reasoning,3.7344,0.9979248046875,2026-08-09T17:34:23.446114+00:00
moderate_reasoning_121,gpt2,7,moderate_reasoning,3.7344,0.9967854817708334,2026-08-09T17:34:23.446114+00:00
moderate_reasoning_121,gpt2,8,moderate_reasoning,3.7344,0.99365234375,2026-08-09T17:34:23.446114+00:00
moderate_reasoning_122,gpt2,5,moderate_reasoning,4.6875,0.9989827473958334,2026-08-09T17:34:23.446114+00:00
moderate_reasoning_122,gpt2,6,moderate_reasoning,4.6875,0.99755859375,2026-08-09T17:34:23.446114+00:00
moderate_reasoning_122,gpt2,7,moderate_reasoning,4.6875,0.9881998697916666,2026-08-09T17:34:23.446114+00:00
moderate_reasoning_122,gpt2,8,moderate_reasoning,4.6875,0.9310709635416666,2026-08-09T17:34:23.446114+00:00
moderate_reasoning_123,gpt2,5,moderate_reasoning,4.5586,0.9980061848958334,2026-08-09T17:34:23.446114+00:00
moderate_reasoning_123,gpt2,6,moderate_reasoning,4.5586,0.9974365234375,2026-08-09T17:34:23.446114+00:00
moderate_reasoning_123,gpt2,7,moderate_reasoning,4.5586,0.9929606119791666,2026-08-09T17:34:23.446114+00:00
moderate_reasoning_123,gpt2,8,moderate_reasoning,4.5586,0.984375,2026-08-09T17:34:23.446114+00:00
moderate_reasoning_124,gpt2,5,moderate_reasoning,5.5352,0.9984944661458334,2026-08-09T17:34:23.446114+00:00
moderate_reasoning_124,gpt2,6,moderate_reasoning,5.5352,0.99609375,2026-08-09T17:34:23.446114+00:00
moderate_reasoning_124,gpt2,7,moderate_reasoning,5.5352,0.98876953125,2026-08-09T17:34:23.446114+00:00
moderate_reasoning_124,gpt2,8,moderate_reasoning,5.5352,0.9727783203125,2026-08-09T17:34:23.446114+00:00
moderate_reasoning_125,gpt2,5,moderate_reasoning,6.0156,0.9977213541666666,2026-08-09T17:34:23.446114+00:00
moderate_reasoning_125,gpt2,6,moderate_reasoning,6.0156,0.9964192708333334,2026-08-09T17:34:23.446114+00:00
moderate_reasoning_125,gpt2,7,moderate_reasoning,6.0156,0.9876708984375,2026-08-09T17:34:23.446114+00:00
moderate_reasoning_125,gpt2,8,moderate_reasoning,6.0156,0.9723714192708334,2026-08-09T17:34:23.446114+00:00
moderate_reasoning_126,gpt2,5,moderate_reasoning,5.1953,0.99755859375,2026-08-09T17:34:23.446114+00:00
moderate_reasoning_126,gpt2,6,moderate_reasoning,5.1953,0.99658203125,2026-08-09T17:34:23.446114+00:00
moderate_reasoning_126,gpt2,7,moderate_reasoning,5.1953,0.9896647135416666,2026-08-09T17:34:23.446114+00:00
moderate_reasoning_126,gpt2,8,moderate_reasoning,5.1953,0.972412109375,2026-08-09T17:34:23.446114+00:00
moderate_reasoning_127,gpt2,5,moderate_reasoning,5.3242,0.9976399739583334,2026-08-09T17:34:23.446114+00:00
moderate_reasoning_127,gpt2,6,moderate_reasoning,5.3242,0.9955647786458334,2026-08-09T17:34:23.446114+00:00
moderate_reasoning_127,gpt2,7,moderate_reasoning,5.3242,0.9895833333333334,2026-08-09T17:34:23.446114+00:00
moderate_reasoning_127,gpt2,8,moderate_reasoning,5.3242,0.9754638671875,2026-08-09T17:34:23.446114+00:00
moderate_reasoning_128,gpt2,5,moderate_reasoning,4.5977,0.99951171875,2026-08-09T17:34:23.446114+00:00
moderate_reasoning_128,gpt2,6,moderate_reasoning,4.5977,0.9988606770833334,2026-08-09T17:34:23.446114+00:00
moderate_reasoning_128,gpt2,7,moderate_reasoning,4.5977,0.996826171875,2026-08-09T17:34:23.446114+00:00
moderate_reasoning_128,gpt2,8,moderate_reasoning,4.5977,0.9926350911458334,2026-08-09T17:34:23.446114+00:00
moderate_reasoning_129,gpt2,5,moderate_reasoning,2.0352,0.9970703125,2026-08-09T17:34:23.446114+00:00
moderate_reasoning_129,gpt2,6,moderate_reasoning,2.0352,0.9957275390625,2026-08-09T17:34:23.446114+00:00
moderate_reasoning_129,gpt2,7,moderate_reasoning,2.0352,0.9881998697916666,2026-08-09T17:34:23.446114+00:00
moderate_reasoning_129,gpt2,8,moderate_reasoning,2.0352,0.9715983072916666,2026-08-09T17:34:23.446114+00:00
moderate_reasoning_130,gpt2,5,moderate_reasoning,5.5664,0.9970296223958334,2026-08-09T17:34:23.446114+00:00
moderate_reasoning_130,gpt2,6,moderate_reasoning,5.5664,0.9959716796875,2026-08-09T17:34:23.446114+00:00
moderate_reasoning_130,gpt2,7,moderate_reasoning,5.5664,0.9879557291666666,2026-08-09T17:34:23.446114+00:00
moderate_reasoning_130,gpt2,8,moderate_reasoning,5.5664,0.9742431640625,2026-08-09T17:34:23.446114+00:00
moderate_reasoning_131,gpt2,5,moderate_reasoning,5.2422,0.9981282552083334,2026-08-09T17:34:23.446114+00:00
moderate_reasoning_131,gpt2,6,moderate_reasoning,5.2422,0.9969075520833334,2026-08-09T17:34:23.446114+00:00
moderate_reasoning_131,gpt2,7,moderate_reasoning,5.2422,0.9949544270833334,2026-08-09T17:34:23.446114+00:00
moderate_reasoning_131,gpt2,8,moderate_reasoning,5.2422,0.9869384765625,2026-08-09T17:34:23.446114+00:00
moderate_reasoning_132,gpt2,5,moderate_reasoning,5.2188,0.9943033854166666,2026-08-09T17:34:23.446114+00:00
moderate_reasoning_132,gpt2,6,moderate_reasoning,5.2188,0.9911295572916666,2026-08-09T17:34:23.446114+00:00
moderate_reasoning_132,gpt2,7,moderate_reasoning,5.2188,0.9708251953125,2026-08-09T17:34:23.446114+00:00
moderate_reasoning_132,gpt2,8,moderate_reasoning,5.2188,0.9456380208333334,2026-08-09T17:34:23.446114+00:00
moderate_reasoning_133,gpt2,5,moderate_reasoning,4.0195,0.9994710286458334,2026-08-09T17:34:23.446114+00:00
moderate_reasoning_133,gpt2,6,moderate_reasoning,4.0195,0.9982096354166666,2026-08-09T17:34:23.446114+00:00
moderate_reasoning_133,gpt2,7,moderate_reasoning,4.0195,0.9900309244791666,2026-08-09T17:34:23.446114+00:00
moderate_reasoning_133,gpt2,8,moderate_reasoning,4.0195,0.944580078125,2026-08-09T17:34:23.446114+00:00
moderate_reasoning_134,gpt2,5,moderate_reasoning,4.1445,0.9974365234375,2026-08-09T17:34:23.446114+00:00
moderate_reasoning_134,gpt2,6,moderate_reasoning,4.1445,0.9962158203125,2026-08-09T17:34:23.446114+00:00
moderate_reasoning_134,gpt2,7,moderate_reasoning,4.1445,0.991943359375,2026-08-09T17:34:23.446114+00:00
moderate_reasoning_134,gpt2,8,moderate_reasoning,4.1445,0.9861653645833334,2026-08-09T17:34:23.446114+00:00
moderate_reasoning_135,gpt2,5,moderate_reasoning,4.5664,0.9986572265625,2026-08-09T17:34:23.446114+00:00
moderate_reasoning_135,gpt2,6,moderate_reasoning,4.5664,0.9963785807291666,2026-08-09T17:34:23.446114+00:00
moderate_reasoning_135,gpt2,7,moderate_reasoning,4.5664,0.9893798828125,2026-08-09T17:34:23.446114+00:00
moderate_reasoning_135,gpt2,8,moderate_reasoning,4.5664,0.9799397786458334,2026-08-09T17:34:23.446114+00:00
moderate_reasoning_136,gpt2,5,moderate_reasoning,3.5977,0.9986165364583334,2026-08-09T17:34:23.446114+00:00
moderate_reasoning_136,gpt2,6,moderate_reasoning,3.5977,0.997802734375,2026-08-09T17:34:23.446114+00:00
moderate_reasoning_136,gpt2,7,moderate_reasoning,3.5977,0.9943033854166666,2026-08-09T17:34:23.446114+00:00
moderate_reasoning_136,gpt2,8,moderate_reasoning,3.5977,0.9838053385416666,2026-08-09T17:34:23.446114+00:00
moderate_reasoning_137,gpt2,5,moderate_reasoning,5.8086,0.9976806640625,2026-08-09T17:34:23.446114+00:00
moderate_reasoning_137,gpt2,6,moderate_reasoning,5.8086,0.99560546875,2026-08-09T17:34:23.446114+00:00
moderate_reasoning_137,gpt2,7,moderate_reasoning,5.8086,0.9869791666666666,2026-08-09T17:34:23.446114+00:00
moderate_reasoning_137,gpt2,8,moderate_reasoning,5.8086,0.9638671875,2026-08-09T17:34:23.446114+00:00
moderate_reasoning_138,gpt2,5,moderate_reasoning,5.2305,0.997802734375,2026-08-09T17:34:23.446114+00:00
moderate_reasoning_138,gpt2,6,moderate_reasoning,5.2305,0.9959309895833334,2026-08-09T17:34:23.446114+00:00
moderate_reasoning_138,gpt2,7,moderate_reasoning,5.2305,0.9855143229166666,2026-08-09T17:34:23.446114+00:00
moderate_reasoning_138,gpt2,8,moderate_reasoning,5.2305,0.9624430338541666,2026-08-09T17:34:23.446114+00:00
moderate_reasoning_139,gpt2,5,moderate_reasoning,5.5078,0.9969482421875,2026-08-09T17:34:23.446114+00:00
moderate_reasoning_139,gpt2,6,moderate_reasoning,5.5078,0.99267578125,2026-08-09T17:34:23.446114+00:00
moderate_reasoning_139,gpt2,7,moderate_reasoning,5.5078,0.9808756510416666,2026-08-09T17:34:23.446114+00:00
moderate_reasoning_139,gpt2,8,moderate_reasoning,5.5078,0.9472249348958334,2026-08-09T17:34:23.446114+00:00
moderate_reasoning_140,gpt2,5,moderate_reasoning,6.082,0.9983317057291666,2026-08-09T17:34:23.446114+00:00
moderate_reasoning_140,gpt2,6,moderate_reasoning,6.082,0.995849609375,2026-08-09T17:34:23.446114+00:00
moderate_reasoning_140,gpt2,7,moderate_reasoning,6.082,0.9910074869791666,2026-08-09T17:34:23.446114+00:00
moderate_reasoning_140,gpt2,8,moderate_reasoning,6.082,0.9744873046875,2026-08-09T17:34:23.446114+00:00
moderate_reasoning_141,gpt2,5,moderate_reasoning,5.8281,0.9975992838541666,2026-08-09T17:34:23.446114+00:00
moderate_reasoning_141,gpt2,6,moderate_reasoning,5.8281,0.9956868489583334,2026-08-09T17:34:23.446114+00:00
moderate_reasoning_141,gpt2,7,moderate_reasoning,5.8281,0.9879557291666666,2026-08-09T17:34:23.446114+00:00
moderate_reasoning_141,gpt2,8,moderate_reasoning,5.8281,0.9790445963541666,2026-08-09T17:34:23.446114+00:00
moderate_reasoning_142,gpt2,5,moderate_reasoning,5.2617,0.9981689453125,2026-08-09T17:34:23.446114+00:00
moderate_reasoning_142,gpt2,6,moderate_reasoning,5.2617,0.9963785807291666,2026-08-09T17:34:23.446114+00:00
moderate_reasoning_142,gpt2,7,moderate_reasoning,5.2617,0.987548828125,2026-08-09T17:34:23.446114+00:00
moderate_reasoning_142,gpt2,8,moderate_reasoning,5.2617,0.9617919921875,2026-08-09T17:34:23.446114+00:00
moderate_reasoning_143,gpt2,5,moderate_reasoning,4.6523,0.9986979166666666,2026-08-09T17:34:23.446114+00:00
moderate_reasoning_143,gpt2,6,moderate_reasoning,4.6523,0.9969482421875,2026-08-09T17:34:23.446114+00:00
moderate_reasoning_143,gpt2,7,moderate_reasoning,4.6523,0.9904378255208334,2026-08-09T17:34:23.446114+00:00
moderate_reasoning_143,gpt2,8,moderate_reasoning,4.6523,0.9831949869791666,2026-08-09T17:34:23.446114+00:00
moderate_reasoning_144,gpt2,5,moderate_reasoning,2.75,0.9983723958333334,2026-08-09T17:34:23.446114+00:00
moderate_reasoning_144,gpt2,6,moderate_reasoning,2.75,0.9969075520833334,2026-08-09T17:34:23.446114+00:00
moderate_reasoning_144,gpt2,7,moderate_reasoning,2.75,0.9936930338541666,2026-08-09T17:34:23.446114+00:00
moderate_reasoning_144,gpt2,8,moderate_reasoning,2.75,0.9874674479166666,2026-08-09T17:34:23.446114+00:00
moderate_reasoning_145,gpt2,5,moderate_reasoning,6.293,0.9975179036458334,2026-08-09T17:34:23.446114+00:00
moderate_reasoning_145,gpt2,6,moderate_reasoning,6.293,0.993408203125,2026-08-09T17:34:23.446114+00:00
moderate_reasoning_145,gpt2,7,moderate_reasoning,6.293,0.9743245442708334,2026-08-09T17:34:23.446114+00:00
moderate_reasoning_145,gpt2,8,moderate_reasoning,6.293,0.9188639322916666,2026-08-09T17:34:23.446114+00:00
moderate_reasoning_146,gpt2,5,moderate_reasoning,5.7891,0.9985758463541666,2026-08-09T17:34:23.446114+00:00
moderate_reasoning_146,gpt2,6,moderate_reasoning,5.7891,0.99755859375,2026-08-09T17:34:23.446114+00:00
moderate_reasoning_146,gpt2,7,moderate_reasoning,5.7891,0.9898681640625,2026-08-09T17:34:23.446114+00:00
moderate_reasoning_146,gpt2,8,moderate_reasoning,5.7891,0.9676513671875,2026-08-09T17:34:23.446114+00:00
moderate_reasoning_147,gpt2,5,moderate_reasoning,3.582,0.9969075520833334,2026-08-09T17:34:23.446114+00:00
moderate_reasoning_147,gpt2,6,moderate_reasoning,3.582,0.9966634114583334,2026-08-09T17:34:23.446114+00:00
moderate_reasoning_147,gpt2,7,moderate_reasoning,3.582,0.9910074869791666,2026-08-09T17:34:23.446114+00:00
moderate_reasoning_147,gpt2,8,moderate_reasoning,3.582,0.9852294921875,2026-08-09T17:34:23.446114+00:00
moderate_reasoning_148,gpt2,5,moderate_reasoning,5.0508,0.9973551432291666,2026-08-09T17:34:23.446114+00:00
moderate_reasoning_148,gpt2,6,moderate_reasoning,5.0508,0.9967041015625,2026-08-09T17:34:23.446114+00:00
moderate_reasoning_148,gpt2,7,moderate_reasoning,5.0508,0.9894205729166666,2026-08-09T17:34:23.446114+00:00
moderate_reasoning_148,gpt2,8,moderate_reasoning,5.0508,0.9764811197916666,2026-08-09T17:34:23.446114+00:00
moderate_reasoning_149,gpt2,5,moderate_reasoning,5.1328,0.9970703125,2026-08-09T17:34:23.446114+00:00
moderate_reasoning_149,gpt2,6,moderate_reasoning,5.1328,0.9919026692708334,2026-08-09T17:34:23.446114+00:00
moderate_reasoning_149,gpt2,7,moderate_reasoning,5.1328,0.9817708333333334,2026-08-09T17:34:23.446114+00:00
moderate_reasoning_149,gpt2,8,moderate_reasoning,5.1328,0.9589029947916666,2026-08-09T17:34:23.446114+00:00
moderate_reasoning_150,gpt2,5,moderate_reasoning,1.3193,0.9978434244791666,2026-08-09T17:34:23.446114+00:00
moderate_reasoning_150,gpt2,6,moderate_reasoning,1.3193,0.9975179036458334,2026-08-09T17:34:23.446114+00:00
moderate_reasoning_150,gpt2,7,moderate_reasoning,1.3193,0.9961751302083334,2026-08-09T17:34:23.446114+00:00
moderate_reasoning_150,gpt2,8,moderate_reasoning,1.3193,0.9917399088541666,2026-08-09T17:34:23.446114+00:00
moderate_reasoning_151,gpt2,5,moderate_reasoning,4.1914,0.9983317057291666,2026-08-09T17:34:23.446114+00:00
moderate_reasoning_151,gpt2,6,moderate_reasoning,4.1914,0.9979654947916666,2026-08-09T17:34:23.446114+00:00
moderate_reasoning_151,gpt2,7,moderate_reasoning,4.1914,0.9932861328125,2026-08-09T17:34:23.446114+00:00
moderate_reasoning_151,gpt2,8,moderate_reasoning,4.1914,0.9862467447916666,2026-08-09T17:34:23.446114+00:00
moderate_reasoning_152,gpt2,5,moderate_reasoning,3.6855,0.9981689453125,2026-08-09T17:34:23.446114+00:00
moderate_reasoning_152,gpt2,6,moderate_reasoning,3.6855,0.9974772135416666,2026-08-09T17:34:23.446114+00:00
moderate_reasoning_152,gpt2,7,moderate_reasoning,3.6855,0.993896484375,2026-08-09T17:34:23.446114+00:00
moderate_reasoning_152,gpt2,8,moderate_reasoning,3.6855,0.9944254557291666,2026-08-09T17:34:23.446114+00:00
moderate_reasoning_153,gpt2,5,moderate_reasoning,4.7891,0.9981282552083334,2026-08-09T17:34:23.446114+00:00
moderate_reasoning_153,gpt2,6,moderate_reasoning,4.7891,0.996337890625,2026-08-09T17:34:23.446114+00:00
moderate_reasoning_153,gpt2,7,moderate_reasoning,4.7891,0.9936930338541666,2026-08-09T17:34:23.446114+00:00
moderate_reasoning_153,gpt2,8,moderate_reasoning,4.7891,0.984130859375,2026-08-09T17:34:23.446114+00:00
moderate_reasoning_154,gpt2,5,moderate_reasoning,4.5469,0.9961344401041666,2026-08-09T17:34:23.446114+00:00
moderate_reasoning_154,gpt2,6,moderate_reasoning,4.5469,0.9912109375,2026-08-09T17:34:23.446114+00:00
moderate_reasoning_154,gpt2,7,moderate_reasoning,4.5469,0.9815266927083334,2026-08-09T17:34:23.446114+00:00
moderate_reasoning_154,gpt2,8,moderate_reasoning,4.5469,0.96630859375,2026-08-09T17:34:23.446114+00:00
moderate_reasoning_155,gpt2,5,moderate_reasoning,5.1484,0.9971923828125,2026-08-09T17:34:23.446114+00:00
moderate_reasoning_155,gpt2,6,moderate_reasoning,5.1484,0.9958902994791666,2026-08-09T17:34:23.446114+00:00
moderate_reasoning_155,gpt2,7,moderate_reasoning,5.1484,0.985107421875,2026-08-09T17:34:23.446114+00:00
moderate_reasoning_155,gpt2,8,moderate_reasoning,5.1484,0.9622802734375,2026-08-09T17:34:23.446114+00:00
moderate_reasoning_156,gpt2,5,moderate_reasoning,4.207,0.9980875651041666,2026-08-09T17:34:23.446114+00:00
moderate_reasoning_156,gpt2,6,moderate_reasoning,4.207,0.9970296223958334,2026-08-09T17:34:23.446114+00:00
moderate_reasoning_156,gpt2,7,moderate_reasoning,4.207,0.9925537109375,2026-08-09T17:34:23.446114+00:00
moderate_reasoning_156,gpt2,8,moderate_reasoning,4.207,0.9864908854166666,2026-08-09T17:34:23.446114+00:00
moderate_reasoning_157,gpt2,5,moderate_reasoning,4.6875,0.9970703125,2026-08-09T17:34:23.446114+00:00
moderate_reasoning_157,gpt2,6,moderate_reasoning,4.6875,0.9951578776041666,2026-08-09T17:34:23.446114+00:00
moderate_reasoning_157,gpt2,7,moderate_reasoning,4.6875,0.9873860677083334,2026-08-09T17:34:23.446114+00:00
moderate_reasoning_157,gpt2,8,moderate_reasoning,4.6875,0.9789225260416666,2026-08-09T17:34:23.446114+00:00
moderate_reasoning_158,gpt2,5,moderate_reasoning,1.3291,0.9981689453125,2026-08-09T17:34:23.446114+00:00
moderate_reasoning_158,gpt2,6,moderate_reasoning,1.3291,0.9969482421875,2026-08-09T17:34:23.446114+00:00
moderate_reasoning_158,gpt2,7,moderate_reasoning,1.3291,0.988525390625,2026-08-09T17:34:23.446114+00:00
moderate_reasoning_158,gpt2,8,moderate_reasoning,1.3291,0.9682210286458334,2026-08-09T17:34:23.446114+00:00
moderate_reasoning_159,gpt2,5,moderate_reasoning,5.3555,0.9979248046875,2026-08-09T17:34:23.446114+00:00
moderate_reasoning_159,gpt2,6,moderate_reasoning,5.3555,0.9959716796875,2026-08-09T17:34:23.446114+00:00
moderate_reasoning_159,gpt2,7,moderate_reasoning,5.3555,0.9873453776041666,2026-08-09T17:34:23.446114+00:00
moderate_reasoning_159,gpt2,8,moderate_reasoning,5.3555,0.9778645833333334,2026-08-09T17:34:23.446114+00:00
moderate_reasoning_160,gpt2,5,moderate_reasoning,4.1289,0.9983317057291666,2026-08-09T17:34:23.446114+00:00
moderate_reasoning_160,gpt2,6,moderate_reasoning,4.1289,0.995849609375,2026-08-09T17:34:23.446114+00:00
moderate_reasoning_160,gpt2,7,moderate_reasoning,4.1289,0.9918212890625,2026-08-09T17:34:23.446114+00:00
moderate_reasoning_160,gpt2,8,moderate_reasoning,4.1289,0.9795328776041666,2026-08-09T17:34:23.446114+00:00
moderate_reasoning_161,gpt2,5,moderate_reasoning,5.8555,0.9958902994791666,2026-08-09T17:34:23.446114+00:00
moderate_reasoning_161,gpt2,6,moderate_reasoning,5.8555,0.9882405598958334,2026-08-09T17:34:23.446114+00:00
moderate_reasoning_161,gpt2,7,moderate_reasoning,5.8555,0.9727783203125,2026-08-09T17:34:23.446114+00:00
moderate_reasoning_161,gpt2,8,moderate_reasoning,5.8555,0.9585367838541666,2026-08-09T17:34:23.446114+00:00
moderate_reasoning_162,gpt2,5,moderate_reasoning,5.0391,0.9971923828125,2026-08-09T17:34:23.446114+00:00
moderate_reasoning_162,gpt2,6,moderate_reasoning,5.0391,0.994384765625,2026-08-09T17:34:23.446114+00:00
moderate_reasoning_162,gpt2,7,moderate_reasoning,5.0391,0.9885660807291666,2026-08-09T17:34:23.446114+00:00
moderate_reasoning_162,gpt2,8,moderate_reasoning,5.0391,0.9766845703125,2026-08-09T17:34:23.446114+00:00
moderate_reasoning_163,gpt2,5,moderate_reasoning,5.3438,0.9974365234375,2026-08-09T17:34:23.446114+00:00
moderate_reasoning_163,gpt2,6,moderate_reasoning,5.3438,0.9940592447916666,2026-08-09T17:34:23.446114+00:00
moderate_reasoning_163,gpt2,7,moderate_reasoning,5.3438,0.9884440104166666,2026-08-09T17:34:23.446114+00:00
moderate_reasoning_163,gpt2,8,moderate_reasoning,5.3438,0.9753011067708334,2026-08-09T17:34:23.446114+00:00
moderate_reasoning_164,gpt2,5,moderate_reasoning,1.3818,0.9981689453125,2026-08-09T17:34:23.446114+00:00
moderate_reasoning_164,gpt2,6,moderate_reasoning,1.3818,0.9973551432291666,2026-08-09T17:34:23.446114+00:00
moderate_reasoning_164,gpt2,7,moderate_reasoning,1.3818,0.9892985026041666,2026-08-09T17:34:23.446114+00:00
moderate_reasoning_164,gpt2,8,moderate_reasoning,1.3818,0.97705078125,2026-08-09T17:34:23.446114+00:00
moderate_reasoning_165,gpt2,5,moderate_reasoning,5.2734,0.9983723958333334,2026-08-09T17:34:23.446114+00:00
moderate_reasoning_165,gpt2,6,moderate_reasoning,5.2734,0.9969889322916666,2026-08-09T17:34:23.446114+00:00
moderate_reasoning_165,gpt2,7,moderate_reasoning,5.2734,0.9906412760416666,2026-08-09T17:34:23.446114+00:00
moderate_reasoning_165,gpt2,8,moderate_reasoning,5.2734,0.97900390625,2026-08-09T17:34:23.446114+00:00
moderate_reasoning_166,gpt2,5,moderate_reasoning,5.1914,0.9981282552083334,2026-08-09T17:34:23.446114+00:00
moderate_reasoning_166,gpt2,6,moderate_reasoning,5.1914,0.9964599609375,2026-08-09T17:34:23.446114+00:00
moderate_reasoning_166,gpt2,7,moderate_reasoning,5.1914,0.9909261067708334,2026-08-09T17:34:23.446114+00:00
moderate_reasoning_166,gpt2,8,moderate_reasoning,5.1914,0.9832356770833334,2026-08-09T17:34:23.446114+00:00
moderate_reasoning_167,gpt2,5,moderate_reasoning,5.082,0.998046875,2026-08-09T17:34:23.446114+00:00
moderate_reasoning_167,gpt2,6,moderate_reasoning,5.082,0.994873046875,2026-08-09T17:34:23.446114+00:00
moderate_reasoning_167,gpt2,7,moderate_reasoning,5.082,0.9848225911458334,2026-08-09T17:34:23.446114+00:00
moderate_reasoning_167,gpt2,8,moderate_reasoning,5.082,0.9629313151041666,2026-08-09T17:34:23.446114+00:00
moderate_reasoning_168,gpt2,5,moderate_reasoning,6.0742,0.9986572265625,2026-08-09T17:34:23.446114+00:00
moderate_reasoning_168,gpt2,6,moderate_reasoning,6.0742,0.9966634114583334,2026-08-09T17:34:23.446114+00:00
moderate_reasoning_168,gpt2,7,moderate_reasoning,6.0742,0.9886474609375,2026-08-09T17:34:23.446114+00:00
moderate_reasoning_168,gpt2,8,moderate_reasoning,6.0742,0.9757486979166666,2026-08-09T17:34:23.446114+00:00
moderate_reasoning_169,gpt2,5,moderate_reasoning,4.6328,0.9975992838541666,2026-08-09T17:34:23.446114+00:00
moderate_reasoning_169,gpt2,6,moderate_reasoning,4.6328,0.9964192708333334,2026-08-09T17:34:23.446114+00:00
moderate_reasoning_169,gpt2,7,moderate_reasoning,4.6328,0.9925537109375,2026-08-09T17:34:23.446114+00:00
moderate_reasoning_169,gpt2,8,moderate_reasoning,4.6328,0.9854736328125,2026-08-09T17:34:23.446114+00:00
moderate_reasoning_170,gpt2,5,moderate_reasoning,5.0547,0.9985758463541666,2026-08-09T17:34:23.446114+00:00
moderate_reasoning_170,gpt2,6,moderate_reasoning,5.0547,0.9950764973958334,2026-08-09T17:34:23.446114+00:00
moderate_reasoning_170,gpt2,7,moderate_reasoning,5.0547,0.9867350260416666,2026-08-09T17:34:23.446114+00:00
moderate_reasoning_170,gpt2,8,moderate_reasoning,5.0547,0.9743245442708334,2026-08-09T17:34:23.446114+00:00
moderate_reasoning_171,gpt2,5,moderate_reasoning,3.9316,0.9987386067708334,2026-08-09T17:34:23.446114+00:00
moderate_reasoning_171,gpt2,6,moderate_reasoning,3.9316,0.9975992838541666,2026-08-09T17:34:23.446114+00:00
moderate_reasoning_171,gpt2,7,moderate_reasoning,3.9316,0.9961344401041666,2026-08-09T17:34:23.446114+00:00
moderate_reasoning_171,gpt2,8,moderate_reasoning,3.9316,0.9946695963541666,2026-08-09T17:34:23.446114+00:00
moderate_reasoning_172,gpt2,5,moderate_reasoning,5.2891,0.9989827473958334,2026-08-09T17:34:23.446114+00:00
moderate_reasoning_172,gpt2,6,moderate_reasoning,5.2891,0.9974772135416666,2026-08-09T17:34:23.446114+00:00
moderate_reasoning_172,gpt2,7,moderate_reasoning,5.2891,0.98828125,2026-08-09T17:34:23.446114+00:00
moderate_reasoning_172,gpt2,8,moderate_reasoning,5.2891,0.9517008463541666,2026-08-09T17:34:23.446114+00:00
moderate_reasoning_173,gpt2,5,moderate_reasoning,3.8945,0.9981282552083334,2026-08-09T17:34:23.446114+00:00
moderate_reasoning_173,gpt2,6,moderate_reasoning,3.8945,0.9969482421875,2026-08-09T17:34:23.446114+00:00
moderate_reasoning_173,gpt2,7,moderate_reasoning,3.8945,0.9916585286458334,2026-08-09T17:34:23.446114+00:00
moderate_reasoning_173,gpt2,8,moderate_reasoning,3.8945,0.9852294921875,2026-08-09T17:34:23.446114+00:00
moderate_reasoning_174,gpt2,5,moderate_reasoning,5.0469,0.9983723958333334,2026-08-09T17:34:23.446114+00:00
moderate_reasoning_174,gpt2,6,moderate_reasoning,5.0469,0.9964192708333334,2026-08-09T17:34:23.446114+00:00
moderate_reasoning_174,gpt2,7,moderate_reasoning,5.0469,0.9898274739583334,2026-08-09T17:34:23.446114+00:00
moderate_reasoning_174,gpt2,8,moderate_reasoning,5.0469,0.9799397786458334,2026-08-09T17:34:23.446114+00:00
moderate_reasoning_175,gpt2,5,moderate_reasoning,5.8711,0.9982503255208334,2026-08-09T17:34:23.446114+00:00
moderate_reasoning_175,gpt2,6,moderate_reasoning,5.8711,0.9965413411458334,2026-08-09T17:34:23.446114+00:00
moderate_reasoning_175,gpt2,7,moderate_reasoning,5.8711,0.9879964192708334,2026-08-09T17:34:23.446114+00:00
moderate_reasoning_175,gpt2,8,moderate_reasoning,5.8711,0.9763997395833334,2026-08-09T17:34:23.446114+00:00
moderate_reasoning_176,gpt2,5,moderate_reasoning,4.5312,0.9980061848958334,2026-08-09T17:34:23.446114+00:00
moderate_reasoning_176,gpt2,6,moderate_reasoning,4.5312,0.9969889322916666,2026-08-09T17:34:23.446114+00:00
moderate_reasoning_176,gpt2,7,moderate_reasoning,4.5312,0.9917399088541666,2026-08-09T17:34:23.446114+00:00
moderate_reasoning_176,gpt2,8,moderate_reasoning,4.5312,0.9799397786458334,2026-08-09T17:34:23.446114+00:00
moderate_reasoning_177,gpt2,5,moderate_reasoning,5.0234,0.9977213541666666,2026-08-09T17:34:23.446114+00:00
moderate_reasoning_177,gpt2,6,moderate_reasoning,5.0234,0.996337890625,2026-08-09T17:34:23.446114+00:00
moderate_reasoning_177,gpt2,7,moderate_reasoning,5.0234,0.9900716145833334,2026-08-09T17:34:23.446114+00:00
moderate_reasoning_177,gpt2,8,moderate_reasoning,5.0234,0.9771728515625,2026-08-09T17:34:23.446114+00:00
moderate_reasoning_178,gpt2,5,moderate_reasoning,4.7148,0.99951171875,2026-08-09T17:34:23.446114+00:00
moderate_reasoning_178,gpt2,6,moderate_reasoning,4.7148,0.9989420572916666,2026-08-09T17:34:23.446114+00:00
moderate_reasoning_178,gpt2,7,moderate_reasoning,4.7148,0.9964599609375,2026-08-09T17:34:23.446114+00:00
moderate_reasoning_178,gpt2,8,moderate_reasoning,4.7148,0.9918212890625,2026-08-09T17:34:23.446114+00:00
moderate_reasoning_179,gpt2,5,moderate_reasoning,1.4727,0.9971516927083334,2026-08-09T17:34:23.446114+00:00
moderate_reasoning_179,gpt2,6,moderate_reasoning,1.4727,0.9954020182291666,2026-08-09T17:34:23.446114+00:00
moderate_reasoning_179,gpt2,7,moderate_reasoning,1.4727,0.9867757161458334,2026-08-09T17:34:23.446114+00:00
moderate_reasoning_179,gpt2,8,moderate_reasoning,1.4727,0.9705810546875,2026-08-09T17:34:23.446114+00:00
moderate_reasoning_180,gpt2,5,moderate_reasoning,4.6875,0.9972330729166666,2026-08-09T17:34:23.446114+00:00
moderate_reasoning_180,gpt2,6,moderate_reasoning,4.6875,0.9964192708333334,2026-08-09T17:34:23.446114+00:00
moderate_reasoning_180,gpt2,7,moderate_reasoning,4.6875,0.9885660807291666,2026-08-09T17:34:23.446114+00:00
moderate_reasoning_180,gpt2,8,moderate_reasoning,4.6875,0.97705078125,2026-08-09T17:34:23.446114+00:00
moderate_reasoning_181,gpt2,5,moderate_reasoning,4.5938,0.9980061848958334,2026-08-09T17:34:23.446114+00:00
moderate_reasoning_181,gpt2,6,moderate_reasoning,4.5938,0.9971110026041666,2026-08-09T17:34:23.446114+00:00
moderate_reasoning_181,gpt2,7,moderate_reasoning,4.5938,0.9954020182291666,2026-08-09T17:34:23.446114+00:00
moderate_reasoning_181,gpt2,8,moderate_reasoning,4.5938,0.9873046875,2026-08-09T17:34:23.446114+00:00
moderate_reasoning_182,gpt2,5,moderate_reasoning,4.9414,0.995849609375,2026-08-09T17:34:23.446114+00:00
moderate_reasoning_182,gpt2,6,moderate_reasoning,4.9414,0.992919921875,2026-08-09T17:34:23.446114+00:00
moderate_reasoning_182,gpt2,7,moderate_reasoning,4.9414,0.977294921875,2026-08-09T17:34:23.446114+00:00
moderate_reasoning_182,gpt2,8,moderate_reasoning,4.9414,0.9644368489583334,2026-08-09T17:34:23.446114+00:00
moderate_reasoning_183,gpt2,5,moderate_reasoning,4.375,0.9995930989583334,2026-08-09T17:34:23.446114+00:00
moderate_reasoning_183,gpt2,6,moderate_reasoning,4.375,0.9983723958333334,2026-08-09T17:34:23.446114+00:00
moderate_reasoning_183,gpt2,7,moderate_reasoning,4.375,0.9906819661458334,2026-08-09T17:34:23.446114+00:00
moderate_reasoning_183,gpt2,8,moderate_reasoning,4.375,0.958251953125,2026-08-09T17:34:23.446114+00:00
moderate_reasoning_184,gpt2,5,moderate_reasoning,4.1016,0.9979248046875,2026-08-09T17:34:23.446114+00:00
moderate_reasoning_184,gpt2,6,moderate_reasoning,4.1016,0.9972737630208334,2026-08-09T17:34:23.446114+00:00
moderate_reasoning_184,gpt2,7,moderate_reasoning,4.1016,0.9940592447916666,2026-08-09T17:34:23.446114+00:00
moderate_reasoning_184,gpt2,8,moderate_reasoning,4.1016,0.9900716145833334,2026-08-09T17:34:23.446114+00:00
moderate_reasoning_185,gpt2,5,moderate_reasoning,4.0312,0.9987386067708334,2026-08-09T17:34:23.446114+00:00
moderate_reasoning_185,gpt2,6,moderate_reasoning,4.0312,0.99658203125,2026-08-09T17:34:23.446114+00:00
moderate_reasoning_185,gpt2,7,moderate_reasoning,4.0312,0.9888509114583334,2026-08-09T17:34:23.446114+00:00
moderate_reasoning_185,gpt2,8,moderate_reasoning,4.0312,0.9824625651041666,2026-08-09T17:34:23.446114+00:00
moderate_reasoning_186,gpt2,5,moderate_reasoning,3.2773,0.9986572265625,2026-08-09T17:34:23.446114+00:00
moderate_reasoning_186,gpt2,6,moderate_reasoning,3.2773,0.9977213541666666,2026-08-09T17:34:23.446114+00:00
moderate_reasoning_186,gpt2,7,moderate_reasoning,3.2773,0.994873046875,2026-08-09T17:34:23.446114+00:00
moderate_reasoning_186,gpt2,8,moderate_reasoning,3.2773,0.9848225911458334,2026-08-09T17:34:23.446114+00:00
moderate_reasoning_187,gpt2,5,moderate_reasoning,5.4414,0.997802734375,2026-08-09T17:34:23.446114+00:00
moderate_reasoning_187,gpt2,6,moderate_reasoning,5.4414,0.9956868489583334,2026-08-09T17:34:23.446114+00:00
moderate_reasoning_187,gpt2,7,moderate_reasoning,5.4414,0.9894205729166666,2026-08-09T17:34:23.446114+00:00
moderate_reasoning_187,gpt2,8,moderate_reasoning,5.4414,0.9750162760416666,2026-08-09T17:34:23.446114+00:00
moderate_reasoning_188,gpt2,5,moderate_reasoning,4.3281,0.9980875651041666,2026-08-09T17:34:23.446114+00:00
moderate_reasoning_188,gpt2,6,moderate_reasoning,4.3281,0.9962972005208334,2026-08-09T17:34:23.446114+00:00
moderate_reasoning_188,gpt2,7,moderate_reasoning,4.3281,0.9864095052083334,2026-08-09T17:34:23.446114+00:00
moderate_reasoning_188,gpt2,8,moderate_reasoning,4.3281,0.9726155598958334,2026-08-09T17:34:23.446114+00:00
moderate_reasoning_189,gpt2,5,moderate_reasoning,5.1055,0.9968668619791666,2026-08-09T17:34:23.446114+00:00
moderate_reasoning_189,gpt2,6,moderate_reasoning,5.1055,0.994140625,2026-08-09T17:34:23.446114+00:00
moderate_reasoning_189,gpt2,7,moderate_reasoning,5.1055,0.9847819010416666,2026-08-09T17:34:23.446114+00:00
moderate_reasoning_189,gpt2,8,moderate_reasoning,5.1055,0.9660237630208334,2026-08-09T17:34:23.446114+00:00
moderate_reasoning_190,gpt2,5,moderate_reasoning,5.832,0.9984130859375,2026-08-09T17:34:23.446114+00:00
moderate_reasoning_190,gpt2,6,moderate_reasoning,5.832,0.9962972005208334,2026-08-09T17:34:23.446114+00:00
moderate_reasoning_190,gpt2,7,moderate_reasoning,5.832,0.9915364583333334,2026-08-09T17:34:23.446114+00:00
moderate_reasoning_190,gpt2,8,moderate_reasoning,5.832,0.982666015625,2026-08-09T17:34:23.446114+00:00
moderate_reasoning_191,gpt2,5,moderate_reasoning,5.2773,0.9978434244791666,2026-08-09T17:34:23.446114+00:00
moderate_reasoning_191,gpt2,6,moderate_reasoning,5.2773,0.9960530598958334,2026-08-09T17:34:23.446114+00:00
moderate_reasoning_191,gpt2,7,moderate_reasoning,5.2773,0.9884847005208334,2026-08-09T17:34:23.446114+00:00
moderate_reasoning_191,gpt2,8,moderate_reasoning,5.2773,0.9822591145833334,2026-08-09T17:34:23.446114+00:00
moderate_reasoning_192,gpt2,5,moderate_reasoning,5.0703,0.998291015625,2026-08-09T17:34:23.446114+00:00
moderate_reasoning_192,gpt2,6,moderate_reasoning,5.0703,0.9962565104166666,2026-08-09T17:34:23.446114+00:00
moderate_reasoning_192,gpt2,7,moderate_reasoning,5.0703,0.989501953125,2026-08-09T17:34:23.446114+00:00
moderate_reasoning_192,gpt2,8,moderate_reasoning,5.0703,0.9690348307291666,2026-08-09T17:34:23.446114+00:00
moderate_reasoning_193,gpt2,5,moderate_reasoning,4.1367,0.9986979166666666,2026-08-09T17:34:23.446114+00:00
moderate_reasoning_193,gpt2,6,moderate_reasoning,4.1367,0.9970703125,2026-08-09T17:34:23.446114+00:00
moderate_reasoning_193,gpt2,7,moderate_reasoning,4.1367,0.9900309244791666,2026-08-09T17:34:23.446114+00:00
moderate_reasoning_193,gpt2,8,moderate_reasoning,4.1367,0.9847412109375,2026-08-09T17:34:23.446114+00:00
moderate_reasoning_194,gpt2,5,moderate_reasoning,2.7578,0.9985758463541666,2026-08-09T17:34:23.446114+00:00
moderate_reasoning_194,gpt2,6,moderate_reasoning,2.7578,0.9971110026041666,2026-08-09T17:34:23.446114+00:00
moderate_reasoning_194,gpt2,7,moderate_reasoning,2.7578,0.9938151041666666,2026-08-09T17:34:23.446114+00:00
moderate_reasoning_194,gpt2,8,moderate_reasoning,2.7578,0.9891357421875,2026-08-09T17:34:23.446114+00:00
moderate_reasoning_195,gpt2,5,moderate_reasoning,5.3008,0.9975992838541666,2026-08-09T17:34:23.446114+00:00
moderate_reasoning_195,gpt2,6,moderate_reasoning,5.3008,0.9955240885416666,2026-08-09T17:34:23.446114+00:00
moderate_reasoning_195,gpt2,7,moderate_reasoning,5.3008,0.9825032552083334,2026-08-09T17:34:23.446114+00:00
moderate_reasoning_195,gpt2,8,moderate_reasoning,5.3008,0.9609375,2026-08-09T17:34:23.446114+00:00
moderate_reasoning_196,gpt2,5,moderate_reasoning,5.3594,0.9984944661458334,2026-08-09T17:34:23.446114+00:00
moderate_reasoning_196,gpt2,6,moderate_reasoning,5.3594,0.9976806640625,2026-08-09T17:34:23.446114+00:00
moderate_reasoning_196,gpt2,7,moderate_reasoning,5.3594,0.9907633463541666,2026-08-09T17:34:23.446114+00:00
moderate_reasoning_196,gpt2,8,moderate_reasoning,5.3594,0.9742024739583334,2026-08-09T17:34:23.446114+00:00
moderate_reasoning_197,gpt2,5,moderate_reasoning,3.5137,0.9973958333333334,2026-08-09T17:34:23.446114+00:00
moderate_reasoning_197,gpt2,6,moderate_reasoning,3.5137,0.9969889322916666,2026-08-09T17:34:23.446114+00:00
moderate_reasoning_197,gpt2,7,moderate_reasoning,3.5137,0.9910481770833334,2026-08-09T17:34:23.446114+00:00
moderate_reasoning_197,gpt2,8,moderate_reasoning,3.5137,0.9875081380208334,2026-08-09T17:34:23.446114+00:00
moderate_reasoning_198,gpt2,5,moderate_reasoning,4.7461,0.9974772135416666,2026-08-09T17:34:23.446114+00:00
moderate_reasoning_198,gpt2,6,moderate_reasoning,4.7461,0.9971923828125,2026-08-09T17:34:23.446114+00:00
moderate_reasoning_198,gpt2,7,moderate_reasoning,4.7461,0.9905598958333334,2026-08-09T17:34:23.446114+00:00
moderate_reasoning_198,gpt2,8,moderate_reasoning,4.7461,0.9811604817708334,2026-08-09T17:34:23.446114+00:00
moderate_reasoning_199,gpt2,5,moderate_reasoning,4.6914,0.9971516927083334,2026-08-09T17:34:23.446114+00:00
moderate_reasoning_199,gpt2,6,moderate_reasoning,4.6914,0.99267578125,2026-08-09T17:34:23.446114+00:00
moderate_reasoning_199,gpt2,7,moderate_reasoning,4.6914,0.9853108723958334,2026-08-09T17:34:23.446114+00:00
moderate_reasoning_199,gpt2,8,moderate_reasoning,4.6914,0.97607421875,2026-08-09T17:34:23.446114+00:00
moderate_reasoning_200,gpt2,5,moderate_reasoning,0.7383,0.9975992838541666,2026-08-09T17:34:23.446114+00:00
moderate_reasoning_200,gpt2,6,moderate_reasoning,0.7383,0.9976399739583334,2026-08-09T17:34:23.446114+00:00
moderate_reasoning_200,gpt2,7,moderate_reasoning,0.7383,0.9960123697916666,2026-08-09T17:34:23.446114+00:00
moderate_reasoning_200,gpt2,8,moderate_reasoning,0.7383,0.9916178385416666,2026-08-09T17:34:23.446114+00:00
moderate_reasoning_201,gpt2,5,moderate_reasoning,4.2422,0.9980875651041666,2026-08-09T17:34:23.446114+00:00
moderate_reasoning_201,gpt2,6,moderate_reasoning,4.2422,0.9977620442708334,2026-08-09T17:34:23.446114+00:00
moderate_reasoning_201,gpt2,7,moderate_reasoning,4.2422,0.994140625,2026-08-09T17:34:23.446114+00:00
moderate_reasoning_201,gpt2,8,moderate_reasoning,4.2422,0.9861653645833334,2026-08-09T17:34:23.446114+00:00
moderate_reasoning_202,gpt2,5,moderate_reasoning,3.7129,0.9981689453125,2026-08-09T17:34:23.446114+00:00
moderate_reasoning_202,gpt2,6,moderate_reasoning,3.7129,0.9975179036458334,2026-08-09T17:34:23.446114+00:00
moderate_reasoning_202,gpt2,7,moderate_reasoning,3.7129,0.9945068359375,2026-08-09T17:34:23.446114+00:00
moderate_reasoning_202,gpt2,8,moderate_reasoning,3.7129,0.993896484375,2026-08-09T17:34:23.446114+00:00
moderate_reasoning_203,gpt2,5,moderate_reasoning,5.457,0.9981689453125,2026-08-09T17:34:23.446114+00:00
moderate_reasoning_203,gpt2,6,moderate_reasoning,5.457,0.9965006510416666,2026-08-09T17:34:23.446114+00:00
moderate_reasoning_203,gpt2,7,moderate_reasoning,5.457,0.9937337239583334,2026-08-09T17:34:23.446114+00:00
moderate_reasoning_203,gpt2,8,moderate_reasoning,5.457,0.9824625651041666,2026-08-09T17:34:23.446114+00:00
moderate_reasoning_204,gpt2,5,moderate_reasoning,5.1133,0.997314453125,2026-08-09T17:34:23.446114+00:00
moderate_reasoning_204,gpt2,6,moderate_reasoning,5.1133,0.9925130208333334,2026-08-09T17:34:23.446114+00:00
moderate_reasoning_204,gpt2,7,moderate_reasoning,5.1133,0.9744466145833334,2026-08-09T17:34:23.446114+00:00
moderate_reasoning_204,gpt2,8,moderate_reasoning,5.1133,0.94287109375,2026-08-09T17:34:23.446114+00:00
moderate_reasoning_205,gpt2,5,moderate_reasoning,5.2188,0.9972737630208334,2026-08-09T17:34:23.446114+00:00
moderate_reasoning_205,gpt2,6,moderate_reasoning,5.2188,0.9960123697916666,2026-08-09T17:34:23.446114+00:00
moderate_reasoning_205,gpt2,7,moderate_reasoning,5.2188,0.988037109375,2026-08-09T17:34:23.446114+00:00
moderate_reasoning_205,gpt2,8,moderate_reasoning,5.2188,0.96435546875,2026-08-09T17:34:23.446114+00:00
moderate_reasoning_206,gpt2,5,moderate_reasoning,4.418,0.998291015625,2026-08-09T17:34:23.446114+00:00
moderate_reasoning_206,gpt2,6,moderate_reasoning,4.418,0.9968668619791666,2026-08-09T17:34:23.446114+00:00
moderate_reasoning_206,gpt2,7,moderate_reasoning,4.418,0.9945068359375,2026-08-09T17:34:23.446114+00:00
moderate_reasoning_206,gpt2,8,moderate_reasoning,4.418,0.9888509114583334,2026-08-09T17:34:23.446114+00:00
moderate_reasoning_207,gpt2,5,moderate_reasoning,5.6328,0.9972330729166666,2026-08-09T17:34:23.446114+00:00
moderate_reasoning_207,gpt2,6,moderate_reasoning,5.6328,0.9945882161458334,2026-08-09T17:34:23.446114+00:00
moderate_reasoning_207,gpt2,7,moderate_reasoning,5.6328,0.9828287760416666,2026-08-09T17:34:23.446114+00:00
moderate_reasoning_207,gpt2,8,moderate_reasoning,5.6328,0.9593098958333334,2026-08-09T17:34:23.446114+00:00
moderate_reasoning_208,gpt2,5,moderate_reasoning,2.1797,0.9981282552083334,2026-08-09T17:34:23.446114+00:00
moderate_reasoning_208,gpt2,6,moderate_reasoning,2.1797,0.9972737630208334,2026-08-09T17:34:23.446114+00:00
moderate_reasoning_208,gpt2,7,moderate_reasoning,2.1797,0.9893391927083334,2026-08-09T17:34:23.446114+00:00
moderate_reasoning_208,gpt2,8,moderate_reasoning,2.1797,0.9677327473958334,2026-08-09T17:34:23.446114+00:00
moderate_reasoning_209,gpt2,5,moderate_reasoning,5.5703,0.9979654947916666,2026-08-09T17:34:23.446114+00:00
moderate_reasoning_209,gpt2,6,moderate_reasoning,5.5703,0.9957275390625,2026-08-09T17:34:23.446114+00:00
moderate_reasoning_209,gpt2,7,moderate_reasoning,5.5703,0.9866943359375,2026-08-09T17:34:23.446114+00:00
moderate_reasoning_209,gpt2,8,moderate_reasoning,5.5703,0.9703776041666666,2026-08-09T17:34:23.446114+00:00
moderate_reasoning_210,gpt2,5,moderate_reasoning,3.6191,0.9984537760416666,2026-08-09T17:34:23.446114+00:00
moderate_reasoning_210,gpt2,6,moderate_reasoning,3.6191,0.9967041015625,2026-08-09T17:34:23.446114+00:00
moderate_reasoning_210,gpt2,7,moderate_reasoning,3.6191,0.9936930338541666,2026-08-09T17:34:23.446114+00:00
moderate_reasoning_210,gpt2,8,moderate_reasoning,3.6191,0.9814860026041666,2026-08-09T17:34:23.446114+00:00
moderate_reasoning_211,gpt2,5,moderate_reasoning,6.0781,0.9958089192708334,2026-08-09T17:34:23.446114+00:00
moderate_reasoning_211,gpt2,6,moderate_reasoning,6.0781,0.9889322916666666,2026-08-09T17:34:23.446114+00:00
moderate_reasoning_211,gpt2,7,moderate_reasoning,6.0781,0.9737141927083334,2026-08-09T17:34:23.446114+00:00
moderate_reasoning_211,gpt2,8,moderate_reasoning,6.0781,0.9520670572916666,2026-08-09T17:34:23.446114+00:00
moderate_reasoning_212,gpt2,5,moderate_reasoning,5.8203,0.9972330729166666,2026-08-09T17:34:23.446114+00:00
moderate_reasoning_212,gpt2,6,moderate_reasoning,5.8203,0.9947509765625,2026-08-09T17:34:23.446114+00:00
moderate_reasoning_212,gpt2,7,moderate_reasoning,5.8203,0.9882405598958334,2026-08-09T17:34:23.446114+00:00
moderate_reasoning_212,gpt2,8,moderate_reasoning,5.8203,0.9738362630208334,2026-08-09T17:34:23.446114+00:00
moderate_reasoning_213,gpt2,5,moderate_reasoning,5.8242,0.9975992838541666,2026-08-09T17:34:23.446114+00:00
moderate_reasoning_213,gpt2,6,moderate_reasoning,5.8242,0.9940185546875,2026-08-09T17:34:23.446114+00:00
moderate_reasoning_213,gpt2,7,moderate_reasoning,5.8242,0.9871419270833334,2026-08-09T17:34:23.446114+00:00
moderate_reasoning_213,gpt2,8,moderate_reasoning,5.8242,0.9610595703125,2026-08-09T17:34:23.446114+00:00
moderate_reasoning_214,gpt2,5,moderate_reasoning,2.3125,0.9979654947916666,2026-08-09T17:34:23.446114+00:00
moderate_reasoning_214,gpt2,6,moderate_reasoning,2.3125,0.9974365234375,2026-08-09T17:34:23.446114+00:00
moderate_reasoning_214,gpt2,7,moderate_reasoning,2.3125,0.9914957682291666,2026-08-09T17:34:23.446114+00:00
moderate_reasoning_214,gpt2,8,moderate_reasoning,2.3125,0.978515625,2026-08-09T17:34:23.446114+00:00
moderate_reasoning_215,gpt2,5,moderate_reasoning,5.7734,0.9986165364583334,2026-08-09T17:34:23.446114+00:00
moderate_reasoning_215,gpt2,6,moderate_reasoning,5.7734,0.9970703125,2026-08-09T17:34:23.446114+00:00
moderate_reasoning_215,gpt2,7,moderate_reasoning,5.7734,0.9915771484375,2026-08-09T17:34:23.446114+00:00
moderate_reasoning_215,gpt2,8,moderate_reasoning,5.7734,0.9761149088541666,2026-08-09T17:34:23.446114+00:00
moderate_reasoning_216,gpt2,5,moderate_reasoning,5.5117,0.9980875651041666,2026-08-09T17:34:23.446114+00:00
moderate_reasoning_216,gpt2,6,moderate_reasoning,5.5117,0.9964192708333334,2026-08-09T17:34:23.446114+00:00
moderate_reasoning_216,gpt2,7,moderate_reasoning,5.5117,0.9917805989583334,2026-08-09T17:34:23.446114+00:00
moderate_reasoning_216,gpt2,8,moderate_reasoning,5.5117,0.9817301432291666,2026-08-09T17:34:23.446114+00:00
moderate_reasoning_217,gpt2,5,moderate_reasoning,5.3789,0.9979654947916666,2026-08-09T17:34:23.446114+00:00
moderate_reasoning_217,gpt2,6,moderate_reasoning,5.3789,0.9949544270833334,2026-08-09T17:34:23.446114+00:00
moderate_reasoning_217,gpt2,7,moderate_reasoning,5.3789,0.9847005208333334,2026-08-09T17:34:23.446114+00:00
moderate_reasoning_217,gpt2,8,moderate_reasoning,5.3789,0.9507649739583334,2026-08-09T17:34:23.446114+00:00
moderate_reasoning_218,gpt2,5,moderate_reasoning,5.7656,0.9987386067708334,2026-08-09T17:34:23.446114+00:00
moderate_reasoning_218,gpt2,6,moderate_reasoning,5.7656,0.9969075520833334,2026-08-09T17:34:23.446114+00:00
moderate_reasoning_218,gpt2,7,moderate_reasoning,5.7656,0.9905598958333334,2026-08-09T17:34:23.446114+00:00
moderate_reasoning_218,gpt2,8,moderate_reasoning,5.7656,0.9735107421875,2026-08-09T17:34:23.446114+00:00
moderate_reasoning_219,gpt2,5,moderate_reasoning,5.4922,0.9977620442708334,2026-08-09T17:34:23.446114+00:00
moderate_reasoning_219,gpt2,6,moderate_reasoning,5.4922,0.9966634114583334,2026-08-09T17:34:23.446114+00:00
moderate_reasoning_219,gpt2,7,moderate_reasoning,5.4922,0.9923502604166666,2026-08-09T17:34:23.446114+00:00
moderate_reasoning_219,gpt2,8,moderate_reasoning,5.4922,0.983154296875,2026-08-09T17:34:23.446114+00:00
moderate_reasoning_220,gpt2,5,moderate_reasoning,5.5117,0.9989013671875,2026-08-09T17:34:23.446114+00:00
moderate_reasoning_220,gpt2,6,moderate_reasoning,5.5117,0.9958089192708334,2026-08-09T17:34:23.446114+00:00
moderate_reasoning_220,gpt2,7,moderate_reasoning,5.5117,0.9893391927083334,2026-08-09T17:34:23.446114+00:00
moderate_reasoning_220,gpt2,8,moderate_reasoning,5.5117,0.966552734375,2026-08-09T17:34:23.446114+00:00
moderate_reasoning_221,gpt2,5,moderate_reasoning,3.7207,0.9986165364583334,2026-08-09T17:34:23.446114+00:00
moderate_reasoning_221,gpt2,6,moderate_reasoning,3.7207,0.997802734375,2026-08-09T17:34:23.446114+00:00
moderate_reasoning_221,gpt2,7,moderate_reasoning,3.7207,0.9969075520833334,2026-08-09T17:34:23.446114+00:00
moderate_reasoning_221,gpt2,8,moderate_reasoning,3.7207,0.9938557942708334,2026-08-09T17:34:23.446114+00:00
moderate_reasoning_222,gpt2,5,moderate_reasoning,5.4023,0.9991455078125,2026-08-09T17:34:23.446114+00:00
moderate_reasoning_222,gpt2,6,moderate_reasoning,5.4023,0.9972737630208334,2026-08-09T17:34:23.446114+00:00
moderate_reasoning_222,gpt2,7,moderate_reasoning,5.4023,0.9877522786458334,2026-08-09T17:34:23.446114+00:00
moderate_reasoning_222,gpt2,8,moderate_reasoning,5.4023,0.936279296875,2026-08-09T17:34:23.446114+00:00
moderate_reasoning_223,gpt2,5,moderate_reasoning,4.4922,0.9979654947916666,2026-08-09T17:34:23.446114+00:00
moderate_reasoning_223,gpt2,6,moderate_reasoning,4.4922,0.9965006510416666,2026-08-09T17:34:23.446114+00:00
moderate_reasoning_223,gpt2,7,moderate_reasoning,4.4922,0.9927978515625,2026-08-09T17:34:23.446114+00:00
moderate_reasoning_223,gpt2,8,moderate_reasoning,4.4922,0.9842122395833334,2026-08-09T17:34:23.446114+00:00
moderate_reasoning_224,gpt2,5,moderate_reasoning,5.3867,0.99853515625,2026-08-09T17:34:23.446114+00:00
moderate_reasoning_224,gpt2,6,moderate_reasoning,5.3867,0.996337890625,2026-08-09T17:34:23.446114+00:00
moderate_reasoning_224,gpt2,7,moderate_reasoning,5.3867,0.9886474609375,2026-08-09T17:34:23.446114+00:00
moderate_reasoning_224,gpt2,8,moderate_reasoning,5.3867,0.9706217447916666,2026-08-09T17:34:23.446114+00:00
moderate_reasoning_225,gpt2,5,moderate_reasoning,6.1523,0.9983723958333334,2026-08-09T17:34:23.446114+00:00
moderate_reasoning_225,gpt2,6,moderate_reasoning,6.1523,0.9967447916666666,2026-08-09T17:34:23.446114+00:00
moderate_reasoning_225,gpt2,7,moderate_reasoning,6.1523,0.9889729817708334,2026-08-09T17:34:23.446114+00:00
moderate_reasoning_225,gpt2,8,moderate_reasoning,6.1523,0.976318359375,2026-08-09T17:34:23.446114+00:00
moderate_reasoning_226,gpt2,5,moderate_reasoning,5.0117,0.9976806640625,2026-08-09T17:34:23.446114+00:00
moderate_reasoning_226,gpt2,6,moderate_reasoning,5.0117,0.9969482421875,2026-08-09T17:34:23.446114+00:00
moderate_reasoning_226,gpt2,7,moderate_reasoning,5.0117,0.9917399088541666,2026-08-09T17:34:23.446114+00:00
moderate_reasoning_226,gpt2,8,moderate_reasoning,5.0117,0.9761149088541666,2026-08-09T17:34:23.446114+00:00
moderate_reasoning_227,gpt2,5,moderate_reasoning,5.3086,0.9978841145833334,2026-08-09T17:34:23.446114+00:00
moderate_reasoning_227,gpt2,6,moderate_reasoning,5.3086,0.9962972005208334,2026-08-09T17:34:23.446114+00:00
moderate_reasoning_227,gpt2,7,moderate_reasoning,5.3086,0.9903971354166666,2026-08-09T17:34:23.446114+00:00
moderate_reasoning_227,gpt2,8,moderate_reasoning,5.3086,0.9767659505208334,2026-08-09T17:34:23.446114+00:00
moderate_reasoning_228,gpt2,5,moderate_reasoning,4.5859,0.9996337890625,2026-08-09T17:34:23.446114+00:00
moderate_reasoning_228,gpt2,6,moderate_reasoning,4.5859,0.9991455078125,2026-08-09T17:34:23.446114+00:00
moderate_reasoning_228,gpt2,7,moderate_reasoning,4.5859,0.99755859375,2026-08-09T17:34:23.446114+00:00
moderate_reasoning_228,gpt2,8,moderate_reasoning,4.5859,0.9943440755208334,2026-08-09T17:34:23.446114+00:00
moderate_reasoning_229,gpt2,5,moderate_reasoning,1.6465,0.9967447916666666,2026-08-09T17:34:23.446114+00:00
moderate_reasoning_229,gpt2,6,moderate_reasoning,1.6465,0.9955647786458334,2026-08-09T17:34:23.446114+00:00
moderate_reasoning_229,gpt2,7,moderate_reasoning,1.6465,0.9888916015625,2026-08-09T17:34:23.446114+00:00
moderate_reasoning_229,gpt2,8,moderate_reasoning,1.6465,0.9740804036458334,2026-08-09T17:34:23.446114+00:00
moderate_reasoning_230,gpt2,5,moderate_reasoning,5.3633,0.99755859375,2026-08-09T17:34:23.446114+00:00
moderate_reasoning_230,gpt2,6,moderate_reasoning,5.3633,0.9969482421875,2026-08-09T17:34:23.446114+00:00
moderate_reasoning_230,gpt2,7,moderate_reasoning,5.3633,0.9913330078125,2026-08-09T17:34:23.446114+00:00
moderate_reasoning_230,gpt2,8,moderate_reasoning,5.3633,0.9783121744791666,2026-08-09T17:34:23.446114+00:00
moderate_reasoning_231,gpt2,5,moderate_reasoning,4.8984,0.9984130859375,2026-08-09T17:34:23.446114+00:00
moderate_reasoning_231,gpt2,6,moderate_reasoning,4.8984,0.99755859375,2026-08-09T17:34:23.446114+00:00
moderate_reasoning_231,gpt2,7,moderate_reasoning,4.8984,0.9966634114583334,2026-08-09T17:34:23.446114+00:00
moderate_reasoning_231,gpt2,8,moderate_reasoning,4.8984,0.9901123046875,2026-08-09T17:34:23.446114+00:00
moderate_reasoning_232,gpt2,5,moderate_reasoning,5.2891,0.9950764973958334,2026-08-09T17:34:23.446114+00:00
moderate_reasoning_232,gpt2,6,moderate_reasoning,5.2891,0.9916585286458334,2026-08-09T17:34:23.446114+00:00
moderate_reasoning_232,gpt2,7,moderate_reasoning,5.2891,0.9745279947916666,2026-08-09T17:34:23.446114+00:00
moderate_reasoning_232,gpt2,8,moderate_reasoning,5.2891,0.9528401692708334,2026-08-09T17:34:23.446114+00:00
moderate_reasoning_233,gpt2,5,moderate_reasoning,4.7383,0.9994710286458334,2026-08-09T17:34:23.446114+00:00
moderate_reasoning_233,gpt2,6,moderate_reasoning,4.7383,0.9980061848958334,2026-08-09T17:34:23.446114+00:00
moderate_reasoning_233,gpt2,7,moderate_reasoning,4.7383,0.99072265625,2026-08-09T17:34:23.446114+00:00
moderate_reasoning_233,gpt2,8,moderate_reasoning,4.7383,0.9551188151041666,2026-08-09T17:34:23.446114+00:00
moderate_reasoning_234,gpt2,5,moderate_reasoning,3.9414,0.9978841145833334,2026-08-09T17:34:23.446114+00:00
moderate_reasoning_234,gpt2,6,moderate_reasoning,3.9414,0.9974365234375,2026-08-09T17:34:23.446114+00:00
moderate_reasoning_234,gpt2,7,moderate_reasoning,3.9414,0.9950764973958334,2026-08-09T17:34:23.446114+00:00
moderate_reasoning_234,gpt2,8,moderate_reasoning,3.9414,0.9892985026041666,2026-08-09T17:34:23.446114+00:00
moderate_reasoning_235,gpt2,5,moderate_reasoning,5.4258,0.9986979166666666,2026-08-09T17:34:23.446114+00:00
moderate_reasoning_235,gpt2,6,moderate_reasoning,5.4258,0.99658203125,2026-08-09T17:34:23.446114+00:00
moderate_reasoning_235,gpt2,7,moderate_reasoning,5.4258,0.9888102213541666,2026-08-09T17:34:23.446114+00:00
moderate_reasoning_235,gpt2,8,moderate_reasoning,5.4258,0.9790445963541666,2026-08-09T17:34:23.446114+00:00
moderate_reasoning_236,gpt2,5,moderate_reasoning,3.3789,0.99853515625,2026-08-09T17:34:23.446114+00:00
moderate_reasoning_236,gpt2,6,moderate_reasoning,3.3789,0.9977213541666666,2026-08-09T17:34:23.446114+00:00
moderate_reasoning_236,gpt2,7,moderate_reasoning,3.3789,0.9956868489583334,2026-08-09T17:34:23.446114+00:00
moderate_reasoning_236,gpt2,8,moderate_reasoning,3.3789,0.987060546875,2026-08-09T17:34:23.446114+00:00
moderate_reasoning_237,gpt2,5,moderate_reasoning,5.5352,0.998046875,2026-08-09T17:34:23.446114+00:00
moderate_reasoning_237,gpt2,6,moderate_reasoning,5.5352,0.9957682291666666,2026-08-09T17:34:23.446114+00:00
moderate_reasoning_237,gpt2,7,moderate_reasoning,5.5352,0.9885660807291666,2026-08-09T17:34:23.446114+00:00
moderate_reasoning_237,gpt2,8,moderate_reasoning,5.5352,0.9630126953125,2026-08-09T17:34:23.446114+00:00
moderate_reasoning_238,gpt2,5,moderate_reasoning,5.4883,0.9979248046875,2026-08-09T17:34:23.446114+00:00
moderate_reasoning_238,gpt2,6,moderate_reasoning,5.4883,0.9960123697916666,2026-08-09T17:34:23.446114+00:00
moderate_reasoning_238,gpt2,7,moderate_reasoning,5.4883,0.9874674479166666,2026-08-09T17:34:23.446114+00:00
moderate_reasoning_238,gpt2,8,moderate_reasoning,5.4883,0.9658610026041666,2026-08-09T17:34:23.446114+00:00
moderate_reasoning_239,gpt2,5,moderate_reasoning,5.4961,0.9972330729166666,2026-08-09T17:34:23.446114+00:00
moderate_reasoning_239,gpt2,6,moderate_reasoning,5.4961,0.993408203125,2026-08-09T17:34:23.446114+00:00
moderate_reasoning_239,gpt2,7,moderate_reasoning,5.4961,0.9840494791666666,2026-08-09T17:34:23.446114+00:00
moderate_reasoning_239,gpt2,8,moderate_reasoning,5.4961,0.9558512369791666,2026-08-09T17:34:23.446114+00:00
moderate_reasoning_240,gpt2,5,moderate_reasoning,6.0898,0.998291015625,2026-08-09T17:34:23.446114+00:00
moderate_reasoning_240,gpt2,6,moderate_reasoning,6.0898,0.9961751302083334,2026-08-09T17:34:23.446114+00:00
moderate_reasoning_240,gpt2,7,moderate_reasoning,6.0898,0.9913736979166666,2026-08-09T17:34:23.446114+00:00
moderate_reasoning_240,gpt2,8,moderate_reasoning,6.0898,0.9767252604166666,2026-08-09T17:34:23.446114+00:00
moderate_reasoning_241,gpt2,5,moderate_reasoning,5.543,0.9977620442708334,2026-08-09T17:34:23.446114+00:00
moderate_reasoning_241,gpt2,6,moderate_reasoning,5.543,0.9959716796875,2026-08-09T17:34:23.446114+00:00
moderate_reasoning_241,gpt2,7,moderate_reasoning,5.543,0.9886067708333334,2026-08-09T17:34:23.446114+00:00
moderate_reasoning_241,gpt2,8,moderate_reasoning,5.543,0.9774169921875,2026-08-09T17:34:23.446114+00:00
moderate_reasoning_242,gpt2,5,moderate_reasoning,5.2148,0.9984537760416666,2026-08-09T17:34:23.446114+00:00
moderate_reasoning_242,gpt2,6,moderate_reasoning,5.2148,0.9967041015625,2026-08-09T17:34:23.446114+00:00
moderate_reasoning_242,gpt2,7,moderate_reasoning,5.2148,0.990234375,2026-08-09T17:34:23.446114+00:00
moderate_reasoning_242,gpt2,8,moderate_reasoning,5.2148,0.969970703125,2026-08-09T17:34:23.446114+00:00
moderate_reasoning_243,gpt2,5,moderate_reasoning,5.5039,0.9988606770833334,2026-08-09T17:34:23.446114+00:00
moderate_reasoning_243,gpt2,6,moderate_reasoning,5.5039,0.9971110026041666,2026-08-09T17:34:23.446114+00:00
moderate_reasoning_243,gpt2,7,moderate_reasoning,5.5039,0.9901936848958334,2026-08-09T17:34:23.446114+00:00
moderate_reasoning_243,gpt2,8,moderate_reasoning,5.5039,0.9812825520833334,2026-08-09T17:34:23.446114+00:00
moderate_reasoning_244,gpt2,5,moderate_reasoning,2.7598,0.9986165364583334,2026-08-09T17:34:23.446114+00:00
moderate_reasoning_244,gpt2,6,moderate_reasoning,2.7598,0.9976399739583334,2026-08-09T17:34:23.446114+00:00
moderate_reasoning_244,gpt2,7,moderate_reasoning,2.7598,0.99560546875,2026-08-09T17:34:23.446114+00:00
moderate_reasoning_244,gpt2,8,moderate_reasoning,2.7598,0.9896240234375,2026-08-09T17:34:23.446114+00:00
moderate_reasoning_245,gpt2,5,moderate_reasoning,5.7695,0.998046875,2026-08-09T17:34:23.446114+00:00
moderate_reasoning_245,gpt2,6,moderate_reasoning,5.7695,0.9956868489583334,2026-08-09T17:34:23.446114+00:00
moderate_reasoning_245,gpt2,7,moderate_reasoning,5.7695,0.9829915364583334,2026-08-09T17:34:23.446114+00:00
moderate_reasoning_245,gpt2,8,moderate_reasoning,5.7695,0.95263671875,2026-08-09T17:34:23.446114+00:00
moderate_reasoning_246,gpt2,5,moderate_reasoning,5.75,0.998779296875,2026-08-09T17:34:23.446114+00:00
moderate_reasoning_246,gpt2,6,moderate_reasoning,5.75,0.99755859375,2026-08-09T17:34:23.446114+00:00
moderate_reasoning_246,gpt2,7,moderate_reasoning,5.75,0.9919840494791666,2026-08-09T17:34:23.446114+00:00
moderate_reasoning_246,gpt2,8,moderate_reasoning,5.75,0.9733072916666666,2026-08-09T17:34:23.446114+00:00
moderate_reasoning_247,gpt2,5,moderate_reasoning,3.7012,0.9975992838541666,2026-08-09T17:34:23.446114+00:00
moderate_reasoning_247,gpt2,6,moderate_reasoning,3.7012,0.9971516927083334,2026-08-09T17:34:23.446114+00:00
moderate_reasoning_247,gpt2,7,moderate_reasoning,3.7012,0.9932454427083334,2026-08-09T17:34:23.446114+00:00
moderate_reasoning_247,gpt2,8,moderate_reasoning,3.7012,0.98876953125,2026-08-09T17:34:23.446114+00:00
moderate_reasoning_248,gpt2,5,moderate_reasoning,4.8164,0.9974772135416666,2026-08-09T17:34:23.446114+00:00
moderate_reasoning_248,gpt2,6,moderate_reasoning,4.8164,0.9976806640625,2026-08-09T17:34:23.446114+00:00
moderate_reasoning_248,gpt2,7,moderate_reasoning,4.8164,0.992431640625,2026-08-09T17:34:23.446114+00:00
moderate_reasoning_248,gpt2,8,moderate_reasoning,4.8164,0.982421875,2026-08-09T17:34:23.446114+00:00
moderate_reasoning_249,gpt2,5,moderate_reasoning,5.1602,0.9979248046875,2026-08-09T17:34:23.446114+00:00
moderate_reasoning_249,gpt2,6,moderate_reasoning,5.1602,0.9932047526041666,2026-08-09T17:34:23.446114+00:00
moderate_reasoning_249,gpt2,7,moderate_reasoning,5.1602,0.9847819010416666,2026-08-09T17:34:23.446114+00:00
moderate_reasoning_249,gpt2,8,moderate_reasoning,5.1602,0.9672444661458334,2026-08-09T17:34:23.446114+00:00
moderate_reasoning_250,gpt2,5,moderate_reasoning,1.1055,0.998046875,2026-08-09T17:34:23.446114+00:00
moderate_reasoning_250,gpt2,6,moderate_reasoning,1.1055,0.998046875,2026-08-09T17:34:23.446114+00:00
moderate_reasoning_250,gpt2,7,moderate_reasoning,1.1055,0.9971110026041666,2026-08-09T17:34:23.446114+00:00
moderate_reasoning_250,gpt2,8,moderate_reasoning,1.1055,0.9939371744791666,2026-08-09T17:34:23.446114+00:00
open_ended_051,gpt2,5,open_ended,5.8008,0.9938557942708334,2026-08-09T17:34:23.446114+00:00
open_ended_051,gpt2,6,open_ended,5.8008,0.9833577473958334,2026-08-09T17:34:23.446114+00:00
open_ended_051,gpt2,7,open_ended,5.8008,0.9483642578125,2026-08-09T17:34:23.446114+00:00
open_ended_051,gpt2,8,open_ended,5.8008,0.8640950520833334,2026-08-09T17:34:23.446114+00:00
open_ended_052,gpt2,5,open_ended,5.3359,0.99658203125,2026-08-09T17:34:23.446114+00:00
open_ended_052,gpt2,6,open_ended,5.3359,0.990478515625,2026-08-09T17:34:23.446114+00:00
open_ended_052,gpt2,7,open_ended,5.3359,0.9781494140625,2026-08-09T17:34:23.446114+00:00
open_ended_052,gpt2,8,open_ended,5.3359,0.9156494140625,2026-08-09T17:34:23.446114+00:00
open_ended_053,gpt2,5,open_ended,4.8047,0.9971110026041666,2026-08-09T17:34:23.446114+00:00
open_ended_053,gpt2,6,open_ended,4.8047,0.9914957682291666,2026-08-09T17:34:23.446114+00:00
open_ended_053,gpt2,7,open_ended,4.8047,0.9791259765625,2026-08-09T17:34:23.446114+00:00
open_ended_053,gpt2,8,open_ended,4.8047,0.9615885416666666,2026-08-09T17:34:23.446114+00:00
open_ended_054,gpt2,5,open_ended,6.3008,0.9955240885416666,2026-08-09T17:34:23.446114+00:00
open_ended_054,gpt2,6,open_ended,6.3008,0.9918212890625,2026-08-09T17:34:23.446114+00:00
open_ended_054,gpt2,7,open_ended,6.3008,0.97412109375,2026-08-09T17:34:23.446114+00:00
open_ended_054,gpt2,8,open_ended,6.3008,0.92529296875,2026-08-09T17:34:23.446114+00:00
open_ended_055,gpt2,5,open_ended,4.3203,0.9922281901041666,2026-08-09T17:34:23.446114+00:00
open_ended_055,gpt2,6,open_ended,4.3203,0.9823404947916666,2026-08-09T17:34:23.446114+00:00
open_ended_055,gpt2,7,open_ended,4.3203,0.9454752604166666,2026-08-09T17:34:23.446114+00:00
open_ended_055,gpt2,8,open_ended,4.3203,0.9219970703125,2026-08-09T17:34:23.446114+00:00
open_ended_056,gpt2,5,open_ended,5.8555,0.9982096354166666,2026-08-09T17:34:23.446114+00:00
open_ended_056,gpt2,6,open_ended,5.8555,0.992919921875,2026-08-09T17:34:23.446114+00:00
open_ended_056,gpt2,7,open_ended,5.8555,0.968994140625,2026-08-09T17:34:23.446114+00:00
open_ended_056,gpt2,8,open_ended,5.8555,0.8914388020833334,2026-08-09T17:34:23.446114+00:00
open_ended_057,gpt2,5,open_ended,3.4004,0.9980061848958334,2026-08-09T17:34:23.446114+00:00
open_ended_057,gpt2,6,open_ended,3.4004,0.9933675130208334,2026-08-09T17:34:23.446114+00:00
open_ended_057,gpt2,7,open_ended,3.4004,0.967041015625,2026-08-09T17:34:23.446114+00:00
open_ended_057,gpt2,8,open_ended,3.4004,0.8643798828125,2026-08-09T17:34:23.446114+00:00
open_ended_058,gpt2,5,open_ended,4.5,0.9964599609375,2026-08-09T17:34:23.446114+00:00
open_ended_058,gpt2,6,open_ended,4.5,0.9891764322916666,2026-08-09T17:34:23.446114+00:00
open_ended_058,gpt2,7,open_ended,4.5,0.9834798177083334,2026-08-09T17:34:23.446114+00:00
open_ended_058,gpt2,8,open_ended,4.5,0.966064453125,2026-08-09T17:34:23.446114+00:00
open_ended_059,gpt2,5,open_ended,6.3633,0.9977620442708334,2026-08-09T17:34:23.446114+00:00
open_ended_059,gpt2,6,open_ended,6.3633,0.99560546875,2026-08-09T17:34:23.446114+00:00
open_ended_059,gpt2,7,open_ended,6.3633,0.9881591796875,2026-08-09T17:34:23.446114+00:00
open_ended_059,gpt2,8,open_ended,6.3633,0.9773763020833334,2026-08-09T17:34:23.446114+00:00
open_ended_060,gpt2,5,open_ended,6.2188,0.9940592447916666,2026-08-09T17:34:23.446114+00:00
open_ended_060,gpt2,6,open_ended,6.2188,0.98046875,2026-08-09T17:34:23.446114+00:00
open_ended_060,gpt2,7,open_ended,6.2188,0.9324137369791666,2026-08-09T17:34:23.446114+00:00
open_ended_060,gpt2,8,open_ended,6.2188,0.8213704427083334,2026-08-09T17:34:23.446114+00:00
open_ended_061,gpt2,5,open_ended,6.3477,0.9986572265625,2026-08-09T17:34:23.446114+00:00
open_ended_061,gpt2,6,open_ended,6.3477,0.994140625,2026-08-09T17:34:23.446114+00:00
open_ended_061,gpt2,7,open_ended,6.3477,0.9715169270833334,2026-08-09T17:34:23.446114+00:00
open_ended_061,gpt2,8,open_ended,6.3477,0.9055582682291666,2026-08-09T17:34:23.446114+00:00
open_ended_062,gpt2,5,open_ended,5.793,0.9966634114583334,2026-08-09T17:34:23.446114+00:00
open_ended_062,gpt2,6,open_ended,5.793,0.9921468098958334,2026-08-09T17:34:23.446114+00:00
open_ended_062,gpt2,7,open_ended,5.793,0.975341796875,2026-08-09T17:34:23.446114+00:00
open_ended_062,gpt2,8,open_ended,5.793,0.9278564453125,2026-08-09T17:34:23.446114+00:00
open_ended_063,gpt2,5,open_ended,2.7891,0.9989827473958334,2026-08-09T17:34:23.446114+00:00
open_ended_063,gpt2,6,open_ended,2.7891,0.9981282552083334,2026-08-09T17:34:23.446114+00:00
open_ended_063,gpt2,7,open_ended,2.7891,0.9941813151041666,2026-08-09T17:34:23.446114+00:00
open_ended_063,gpt2,8,open_ended,2.7891,0.9891764322916666,2026-08-09T17:34:23.446114+00:00
open_ended_064,gpt2,5,open_ended,4.043,0.9993489583333334,2026-08-09T17:34:23.446114+00:00
open_ended_064,gpt2,6,open_ended,4.043,0.9971110026041666,2026-08-09T17:34:23.446114+00:00
open_ended_064,gpt2,7,open_ended,4.043,0.9749755859375,2026-08-09T17:34:23.446114+00:00
open_ended_064,gpt2,8,open_ended,4.043,0.906494140625,2026-08-09T17:34:23.446114+00:00
open_ended_065,gpt2,5,open_ended,6.1445,0.9950358072916666,2026-08-09T17:34:23.446114+00:00
open_ended_065,gpt2,6,open_ended,6.1445,0.9837646484375,2026-08-09T17:34:23.446114+00:00
open_ended_065,gpt2,7,open_ended,6.1445,0.96533203125,2026-08-09T17:34:23.446114+00:00
open_ended_065,gpt2,8,open_ended,6.1445,0.8994547526041666,2026-08-09T17:34:23.446114+00:00
open_ended_066,gpt2,5,open_ended,6.0859,0.9964599609375,2026-08-09T17:34:23.446114+00:00
open_ended_066,gpt2,6,open_ended,6.0859,0.9922281901041666,2026-08-09T17:34:23.446114+00:00
open_ended_066,gpt2,7,open_ended,6.0859,0.9627685546875,2026-08-09T17:34:23.446114+00:00
open_ended_066,gpt2,8,open_ended,6.0859,0.8526611328125,2026-08-09T17:34:23.446114+00:00
open_ended_067,gpt2,5,open_ended,3.4434,0.9980875651041666,2026-08-09T17:34:23.446114+00:00
open_ended_067,gpt2,6,open_ended,3.4434,0.9957682291666666,2026-08-09T17:34:23.446114+00:00
open_ended_067,gpt2,7,open_ended,3.4434,0.9890543619791666,2026-08-09T17:34:23.446114+00:00
open_ended_067,gpt2,8,open_ended,3.4434,0.9789225260416666,2026-08-09T17:34:23.446114+00:00
open_ended_068,gpt2,5,open_ended,6.0742,0.9982096354166666,2026-08-09T17:34:23.446114+00:00
open_ended_068,gpt2,6,open_ended,6.0742,0.9939371744791666,2026-08-09T17:34:23.446114+00:00
open_ended_068,gpt2,7,open_ended,6.0742,0.9806722005208334,2026-08-09T17:34:23.446114+00:00
open_ended_068,gpt2,8,open_ended,6.0742,0.921142578125,2026-08-09T17:34:23.446114+00:00
open_ended_069,gpt2,5,open_ended,4.4023,0.998291015625,2026-08-09T17:34:23.446114+00:00
open_ended_069,gpt2,6,open_ended,4.4023,0.99609375,2026-08-09T17:34:23.446114+00:00
open_ended_069,gpt2,7,open_ended,4.4023,0.9930826822916666,2026-08-09T17:34:23.446114+00:00
open_ended_069,gpt2,8,open_ended,4.4023,0.9835611979166666,2026-08-09T17:34:23.446114+00:00
open_ended_070,gpt2,5,open_ended,5.668,0.9970296223958334,2026-08-09T17:34:23.446114+00:00
open_ended_070,gpt2,6,open_ended,5.668,0.9894205729166666,2026-08-09T17:34:23.446114+00:00
open_ended_070,gpt2,7,open_ended,5.668,0.9703776041666666,2026-08-09T17:34:23.446114+00:00
open_ended_070,gpt2,8,open_ended,5.668,0.8876139322916666,2026-08-09T17:34:23.446114+00:00
open_ended_071,gpt2,5,open_ended,4.2852,0.9984944661458334,2026-08-09T17:34:23.446114+00:00
open_ended_071,gpt2,6,open_ended,4.2852,0.9960530598958334,2026-08-09T17:34:23.446114+00:00
open_ended_071,gpt2,7,open_ended,4.2852,0.9877115885416666,2026-08-09T17:34:23.446114+00:00
open_ended_071,gpt2,8,open_ended,4.2852,0.9538167317708334,2026-08-09T17:34:23.446114+00:00
open_ended_072,gpt2,5,open_ended,6.2031,0.99609375,2026-08-09T17:34:23.446114+00:00
open_ended_072,gpt2,6,open_ended,6.2031,0.9906412760416666,2026-08-09T17:34:23.446114+00:00
open_ended_072,gpt2,7,open_ended,6.2031,0.9776204427083334,2026-08-09T17:34:23.446114+00:00
open_ended_072,gpt2,8,open_ended,6.2031,0.9211018880208334,2026-08-09T17:34:23.446114+00:00
open_ended_073,gpt2,5,open_ended,5.6055,0.9955647786458334,2026-08-09T17:34:23.446114+00:00
open_ended_073,gpt2,6,open_ended,5.6055,0.9892578125,2026-08-09T17:34:23.446114+00:00
open_ended_073,gpt2,7,open_ended,5.6055,0.957275390625,2026-08-09T17:34:23.446114+00:00
open_ended_073,gpt2,8,open_ended,5.6055,0.8370768229166666,2026-08-09T17:34:23.446114+00:00
open_ended_074,gpt2,5,open_ended,3.7148,0.9987386067708334,2026-08-09T17:34:23.446114+00:00
open_ended_074,gpt2,6,open_ended,3.7148,0.9977620442708334,2026-08-09T17:34:23.446114+00:00
open_ended_074,gpt2,7,open_ended,3.7148,0.9939371744791666,2026-08-09T17:34:23.446114+00:00
open_ended_074,gpt2,8,open_ended,3.7148,0.9817301432291666,2026-08-09T17:34:23.446114+00:00
open_ended_075,gpt2,5,open_ended,5.6367,0.9965006510416666,2026-08-09T17:34:23.446114+00:00
open_ended_075,gpt2,6,open_ended,5.6367,0.990966796875,2026-08-09T17:34:23.446114+00:00
open_ended_075,gpt2,7,open_ended,5.6367,0.97607421875,2026-08-09T17:34:23.446114+00:00
open_ended_075,gpt2,8,open_ended,5.6367,0.9102783203125,2026-08-09T17:34:23.446114+00:00
open_ended_076,gpt2,5,open_ended,6.1602,0.9981689453125,2026-08-09T17:34:23.446114+00:00
open_ended_076,gpt2,6,open_ended,6.1602,0.995849609375,2026-08-09T17:34:23.446114+00:00
open_ended_076,gpt2,7,open_ended,6.1602,0.9870198567708334,2026-08-09T17:34:23.446114+00:00
open_ended_076,gpt2,8,open_ended,6.1602,0.9779866536458334,2026-08-09T17:34:23.446114+00:00
open_ended_077,gpt2,5,open_ended,6.1484,0.9971110026041666,2026-08-09T17:34:23.446114+00:00
open_ended_077,gpt2,6,open_ended,6.1484,0.9919840494791666,2026-08-09T17:34:23.446114+00:00
open_ended_077,gpt2,7,open_ended,6.1484,0.9732666015625,2026-08-09T17:34:23.446114+00:00
open_ended_077,gpt2,8,open_ended,6.1484,0.9029134114583334,2026-08-09T17:34:23.446114+00:00
open_ended_078,gpt2,5,open_ended,4.2109,0.9986165364583334,2026-08-09T17:34:23.446114+00:00
open_ended_078,gpt2,6,open_ended,4.2109,0.9949544270833334,2026-08-09T17:34:23.446114+00:00
open_ended_078,gpt2,7,open_ended,4.2109,0.956787109375,2026-08-09T17:34:23.446114+00:00
open_ended_078,gpt2,8,open_ended,4.2109,0.8689371744791666,2026-08-09T17:34:23.446114+00:00
open_ended_079,gpt2,5,open_ended,3.8496,0.9974365234375,2026-08-09T17:34:23.446114+00:00
open_ended_079,gpt2,6,open_ended,3.8496,0.9956868489583334,2026-08-09T17:34:23.446114+00:00
open_ended_079,gpt2,7,open_ended,3.8496,0.9901123046875,2026-08-09T17:34:23.446114+00:00
open_ended_079,gpt2,8,open_ended,3.8496,0.9796549479166666,2026-08-09T17:34:23.446114+00:00
open_ended_080,gpt2,5,open_ended,3.9688,0.9979248046875,2026-08-09T17:34:23.446114+00:00
open_ended_080,gpt2,6,open_ended,3.9688,0.9968668619791666,2026-08-09T17:34:23.446114+00:00
open_ended_080,gpt2,7,open_ended,3.9688,0.993408203125,2026-08-09T17:34:23.446114+00:00
open_ended_080,gpt2,8,open_ended,3.9688,0.9888102213541666,2026-08-09T17:34:23.446114+00:00
open_ended_081,gpt2,5,open_ended,5.6914,0.9981689453125,2026-08-09T17:34:23.446114+00:00
open_ended_081,gpt2,6,open_ended,5.6914,0.994140625,2026-08-09T17:34:23.446114+00:00
open_ended_081,gpt2,7,open_ended,5.6914,0.9798990885416666,2026-08-09T17:34:23.446114+00:00
open_ended_081,gpt2,8,open_ended,5.6914,0.9041748046875,2026-08-09T17:34:23.446114+00:00
open_ended_082,gpt2,5,open_ended,5.0977,0.99658203125,2026-08-09T17:34:23.446114+00:00
open_ended_082,gpt2,6,open_ended,5.0977,0.9917805989583334,2026-08-09T17:34:23.446114+00:00
open_ended_082,gpt2,7,open_ended,5.0977,0.9742431640625,2026-08-09T17:34:23.446114+00:00
open_ended_082,gpt2,8,open_ended,5.0977,0.9366455078125,2026-08-09T17:34:23.446114+00:00
open_ended_083,gpt2,5,open_ended,5.4023,0.998291015625,2026-08-09T17:34:23.446114+00:00
open_ended_083,gpt2,6,open_ended,5.4023,0.99560546875,2026-08-09T17:34:23.446114+00:00
open_ended_083,gpt2,7,open_ended,5.4023,0.988037109375,2026-08-09T17:34:23.446114+00:00
open_ended_083,gpt2,8,open_ended,5.4023,0.9468994140625,2026-08-09T17:34:23.446114+00:00
open_ended_084,gpt2,5,open_ended,4.2773,0.9990641276041666,2026-08-09T17:34:23.446114+00:00
open_ended_084,gpt2,6,open_ended,4.2773,0.9969482421875,2026-08-09T17:34:23.446114+00:00
open_ended_084,gpt2,7,open_ended,4.2773,0.9807535807291666,2026-08-09T17:34:23.446114+00:00
open_ended_084,gpt2,8,open_ended,4.2773,0.9285074869791666,2026-08-09T17:34:23.446114+00:00
open_ended_085,gpt2,5,open_ended,3.7637,0.9959309895833334,2026-08-09T17:34:23.446114+00:00
open_ended_085,gpt2,6,open_ended,3.7637,0.9892985026041666,2026-08-09T17:34:23.446114+00:00
open_ended_085,gpt2,7,open_ended,3.7637,0.9838460286458334,2026-08-09T17:34:23.446114+00:00
open_ended_085,gpt2,8,open_ended,3.7637,0.9307861328125,2026-08-09T17:34:23.446114+00:00
open_ended_086,gpt2,5,open_ended,6.3594,0.9969482421875,2026-08-09T17:34:23.446114+00:00
open_ended_086,gpt2,6,open_ended,6.3594,0.9932047526041666,2026-08-09T17:34:23.446114+00:00
open_ended_086,gpt2,7,open_ended,6.3594,0.9669189453125,2026-08-09T17:34:23.446114+00:00
open_ended_086,gpt2,8,open_ended,6.3594,0.873046875,2026-08-09T17:34:23.446114+00:00
open_ended_087,gpt2,5,open_ended,6.1562,0.9969482421875,2026-08-09T17:34:23.446114+00:00
open_ended_087,gpt2,6,open_ended,6.1562,0.991943359375,2026-08-09T17:34:23.446114+00:00
open_ended_087,gpt2,7,open_ended,6.1562,0.9784749348958334,2026-08-09T17:34:23.446114+00:00
open_ended_087,gpt2,8,open_ended,6.1562,0.9403889973958334,2026-08-09T17:34:23.446114+00:00
open_ended_088,gpt2,5,open_ended,5.8672,0.9965413411458334,2026-08-09T17:34:23.446114+00:00
open_ended_088,gpt2,6,open_ended,5.8672,0.9899495442708334,2026-08-09T17:34:23.446114+00:00
open_ended_088,gpt2,7,open_ended,5.8672,0.9677734375,2026-08-09T17:34:23.446114+00:00
open_ended_088,gpt2,8,open_ended,5.8672,0.8715006510416666,2026-08-09T17:34:23.446114+00:00
open_ended_089,gpt2,5,open_ended,4.7969,0.9983317057291666,2026-08-09T17:34:23.446114+00:00
open_ended_089,gpt2,6,open_ended,4.7969,0.9980061848958334,2026-08-09T17:34:23.446114+00:00
open_ended_089,gpt2,7,open_ended,4.7969,0.9944254557291666,2026-08-09T17:34:23.446114+00:00
open_ended_089,gpt2,8,open_ended,4.7969,0.9883626302083334,2026-08-09T17:34:23.446114+00:00
open_ended_090,gpt2,5,open_ended,6.0273,0.9969482421875,2026-08-09T17:34:23.446114+00:00
open_ended_090,gpt2,6,open_ended,6.0273,0.9902750651041666,2026-08-09T17:34:23.446114+00:00
open_ended_090,gpt2,7,open_ended,6.0273,0.9696451822916666,2026-08-09T17:34:23.446114+00:00
open_ended_090,gpt2,8,open_ended,6.0273,0.876708984375,2026-08-09T17:34:23.446114+00:00
open_ended_091,gpt2,5,open_ended,5.6602,0.997314453125,2026-08-09T17:34:23.446114+00:00
open_ended_091,gpt2,6,open_ended,5.6602,0.9955240885416666,2026-08-09T17:34:23.446114+00:00
open_ended_091,gpt2,7,open_ended,5.6602,0.9873453776041666,2026-08-09T17:34:23.446114+00:00
open_ended_091,gpt2,8,open_ended,5.6602,0.972900390625,2026-08-09T17:34:23.446114+00:00
open_ended_092,gpt2,5,open_ended,6.125,0.9972737630208334,2026-08-09T17:34:23.446114+00:00
open_ended_092,gpt2,6,open_ended,6.125,0.9913330078125,2026-08-09T17:34:23.446114+00:00
open_ended_092,gpt2,7,open_ended,6.125,0.9762369791666666,2026-08-09T17:34:23.446114+00:00
open_ended_092,gpt2,8,open_ended,6.125,0.9090169270833334,2026-08-09T17:34:23.446114+00:00
open_ended_093,gpt2,5,open_ended,5.6836,0.9979654947916666,2026-08-09T17:34:23.446114+00:00
open_ended_093,gpt2,6,open_ended,5.6836,0.9933675130208334,2026-08-09T17:34:23.446114+00:00
open_ended_093,gpt2,7,open_ended,5.6836,0.9822184244791666,2026-08-09T17:34:23.446114+00:00
open_ended_093,gpt2,8,open_ended,5.6836,0.9275309244791666,2026-08-09T17:34:23.446114+00:00
open_ended_094,gpt2,5,open_ended,4.1055,0.999267578125,2026-08-09T17:34:23.446114+00:00
open_ended_094,gpt2,6,open_ended,4.1055,0.9944254557291666,2026-08-09T17:34:23.446114+00:00
open_ended_094,gpt2,7,open_ended,4.1055,0.9695231119791666,2026-08-09T17:34:23.446114+00:00
open_ended_094,gpt2,8,open_ended,4.1055,0.9002278645833334,2026-08-09T17:34:23.446114+00:00
open_ended_095,gpt2,5,open_ended,5.2344,0.9987386067708334,2026-08-09T17:34:23.446114+00:00
open_ended_095,gpt2,6,open_ended,5.2344,0.9943440755208334,2026-08-09T17:34:23.446114+00:00
open_ended_095,gpt2,7,open_ended,5.2344,0.9860026041666666,2026-08-09T17:34:23.446114+00:00
open_ended_095,gpt2,8,open_ended,5.2344,0.9648030598958334,2026-08-09T17:34:23.446114+00:00
open_ended_096,gpt2,5,open_ended,6.4688,0.994384765625,2026-08-09T17:34:23.446114+00:00
open_ended_096,gpt2,6,open_ended,6.4688,0.9802652994791666,2026-08-09T17:34:23.446114+00:00
open_ended_096,gpt2,7,open_ended,6.4688,0.9335123697916666,2026-08-09T17:34:23.446114+00:00
open_ended_096,gpt2,8,open_ended,6.4688,0.797119140625,2026-08-09T17:34:23.446114+00:00
open_ended_097,gpt2,5,open_ended,3.9395,0.9979248046875,2026-08-09T17:34:23.446114+00:00
open_ended_097,gpt2,6,open_ended,3.9395,0.9969075520833334,2026-08-09T17:34:23.446114+00:00
open_ended_097,gpt2,7,open_ended,3.9395,0.9874267578125,2026-08-09T17:34:23.446114+00:00
open_ended_097,gpt2,8,open_ended,3.9395,0.9786376953125,2026-08-09T17:34:23.446114+00:00
open_ended_098,gpt2,5,open_ended,5.7578,0.9970703125,2026-08-09T17:34:23.446114+00:00
open_ended_098,gpt2,6,open_ended,5.7578,0.9916585286458334,2026-08-09T17:34:23.446114+00:00
open_ended_098,gpt2,7,open_ended,5.7578,0.9788411458333334,2026-08-09T17:34:23.446114+00:00
open_ended_098,gpt2,8,open_ended,5.7578,0.9176025390625,2026-08-09T17:34:23.446114+00:00
open_ended_099,gpt2,5,open_ended,6.1289,0.99560546875,2026-08-09T17:34:23.446114+00:00
open_ended_099,gpt2,6,open_ended,6.1289,0.9849853515625,2026-08-09T17:34:23.446114+00:00
open_ended_099,gpt2,7,open_ended,6.1289,0.9390055338541666,2026-08-09T17:34:23.446114+00:00
open_ended_099,gpt2,8,open_ended,6.1289,0.8098958333333334,2026-08-09T17:34:23.446114+00:00
open_ended_100,gpt2,5,open_ended,4.3672,0.9983723958333334,2026-08-09T17:34:23.446114+00:00
open_ended_100,gpt2,6,open_ended,4.3672,0.9956868489583334,2026-08-09T17:34:23.446114+00:00
open_ended_100,gpt2,7,open_ended,4.3672,0.9884033203125,2026-08-09T17:34:23.446114+00:00
open_ended_100,gpt2,8,open_ended,4.3672,0.9736328125,2026-08-09T17:34:23.446114+00:00
open_ended_101,gpt2,5,open_ended,5.1289,0.9918619791666666,2026-08-09T17:34:23.446114+00:00
open_ended_101,gpt2,6,open_ended,5.1289,0.977783203125,2026-08-09T17:34:23.446114+00:00
open_ended_101,gpt2,7,open_ended,5.1289,0.9360758463541666,2026-08-09T17:34:23.446114+00:00
open_ended_101,gpt2,8,open_ended,5.1289,0.8697916666666666,2026-08-09T17:34:23.446114+00:00
open_ended_102,gpt2,5,open_ended,5.1914,0.9952392578125,2026-08-09T17:34:23.446114+00:00
open_ended_102,gpt2,6,open_ended,5.1914,0.9844563802083334,2026-08-09T17:34:23.446114+00:00
open_ended_102,gpt2,7,open_ended,5.1914,0.9713541666666666,2026-08-09T17:34:23.446114+00:00
open_ended_102,gpt2,8,open_ended,5.1914,0.9115804036458334,2026-08-09T17:34:23.446114+00:00
open_ended_103,gpt2,5,open_ended,4.5234,0.9967041015625,2026-08-09T17:34:23.446114+00:00
open_ended_103,gpt2,6,open_ended,4.5234,0.9909261067708334,2026-08-09T17:34:23.446114+00:00
open_ended_103,gpt2,7,open_ended,4.5234,0.9788411458333334,2026-08-09T17:34:23.446114+00:00
open_ended_103,gpt2,8,open_ended,4.5234,0.956787109375,2026-08-09T17:34:23.446114+00:00
open_ended_104,gpt2,5,open_ended,6.2461,0.9935302734375,2026-08-09T17:34:23.446114+00:00
open_ended_104,gpt2,6,open_ended,6.2461,0.9867757161458334,2026-08-09T17:34:23.446114+00:00
open_ended_104,gpt2,7,open_ended,6.2461,0.9514567057291666,2026-08-09T17:34:23.446114+00:00
open_ended_104,gpt2,8,open_ended,6.2461,0.88330078125,2026-08-09T17:34:23.446114+00:00
open_ended_105,gpt2,5,open_ended,4.1641,0.9906412760416666,2026-08-09T17:34:23.446114+00:00
open_ended_105,gpt2,6,open_ended,4.1641,0.9822591145833334,2026-08-09T17:34:23.446114+00:00
open_ended_105,gpt2,7,open_ended,4.1641,0.9379069010416666,2026-08-09T17:34:23.446114+00:00
open_ended_105,gpt2,8,open_ended,4.1641,0.9153238932291666,2026-08-09T17:34:23.446114+00:00
open_ended_106,gpt2,5,open_ended,5.8633,0.9967041015625,2026-08-09T17:34:23.446114+00:00
open_ended_106,gpt2,6,open_ended,5.8633,0.990478515625,2026-08-09T17:34:23.446114+00:00
open_ended_106,gpt2,7,open_ended,5.8633,0.9491373697916666,2026-08-09T17:34:23.446114+00:00
open_ended_106,gpt2,8,open_ended,5.8633,0.8640950520833334,2026-08-09T17:34:23.446114+00:00
open_ended_107,gpt2,5,open_ended,3.1172,0.9974365234375,2026-08-09T17:34:23.446114+00:00
open_ended_107,gpt2,6,open_ended,3.1172,0.9913736979166666,2026-08-09T17:34:23.446114+00:00
open_ended_107,gpt2,7,open_ended,3.1172,0.9517415364583334,2026-08-09T17:34:23.446114+00:00
open_ended_107,gpt2,8,open_ended,3.1172,0.82275390625,2026-08-09T17:34:23.446114+00:00
open_ended_108,gpt2,5,open_ended,4.2383,0.9965006510416666,2026-08-09T17:34:23.446114+00:00
open_ended_108,gpt2,6,open_ended,4.2383,0.990478515625,2026-08-09T17:34:23.446114+00:00
open_ended_108,gpt2,7,open_ended,4.2383,0.9813639322916666,2026-08-09T17:34:23.446114+00:00
open_ended_108,gpt2,8,open_ended,4.2383,0.9568684895833334,2026-08-09T17:34:23.446114+00:00
open_ended_109,gpt2,5,open_ended,6.2305,0.9977213541666666,2026-08-09T17:34:23.446114+00:00
open_ended_109,gpt2,6,open_ended,6.2305,0.9955647786458334,2026-08-09T17:34:23.446114+00:00
open_ended_109,gpt2,7,open_ended,6.2305,0.9874674479166666,2026-08-09T17:34:23.446114+00:00
open_ended_109,gpt2,8,open_ended,6.2305,0.9735514322916666,2026-08-09T17:34:23.446114+00:00
open_ended_110,gpt2,5,open_ended,6.1992,0.9936116536458334,2026-08-09T17:34:23.446114+00:00
open_ended_110,gpt2,6,open_ended,6.1992,0.9756673177083334,2026-08-09T17:34:23.446114+00:00
open_ended_110,gpt2,7,open_ended,6.1992,0.9141845703125,2026-08-09T17:34:23.446114+00:00
open_ended_110,gpt2,8,open_ended,6.1992,0.8004150390625,2026-08-09T17:34:23.446114+00:00
open_ended_111,gpt2,5,open_ended,6.1602,0.9984537760416666,2026-08-09T17:34:23.446114+00:00
open_ended_111,gpt2,6,open_ended,6.1602,0.992919921875,2026-08-09T17:34:23.446114+00:00
open_ended_111,gpt2,7,open_ended,6.1602,0.9679361979166666,2026-08-09T17:34:23.446114+00:00
open_ended_111,gpt2,8,open_ended,6.1602,0.8975830078125,2026-08-09T17:34:23.446114+00:00
open_ended_112,gpt2,5,open_ended,5.7891,0.9947916666666666,2026-08-09T17:34:23.446114+00:00
open_ended_112,gpt2,6,open_ended,5.7891,0.9855143229166666,2026-08-09T17:34:23.446114+00:00
open_ended_112,gpt2,7,open_ended,5.7891,0.9635823567708334,2026-08-09T17:34:23.446114+00:00
open_ended_112,gpt2,8,open_ended,5.7891,0.9101155598958334,2026-08-09T17:34:23.446114+00:00
open_ended_113,gpt2,5,open_ended,2.6289,0.9988199869791666,2026-08-09T17:34:23.446114+00:00
open_ended_113,gpt2,6,open_ended,2.6289,0.9984130859375,2026-08-09T17:34:23.446114+00:00
open_ended_113,gpt2,7,open_ended,2.6289,0.994140625,2026-08-09T17:34:23.446114+00:00
open_ended_113,gpt2,8,open_ended,2.6289,0.9884033203125,2026-08-09T17:34:23.446114+00:00
open_ended_114,gpt2,5,open_ended,3.8125,0.9991455078125,2026-08-09T17:34:23.446114+00:00
open_ended_114,gpt2,6,open_ended,3.8125,0.9965006510416666,2026-08-09T17:34:23.446114+00:00
open_ended_114,gpt2,7,open_ended,3.8125,0.9776204427083334,2026-08-09T17:34:23.446114+00:00
open_ended_114,gpt2,8,open_ended,3.8125,0.8790690104166666,2026-08-09T17:34:23.446114+00:00
open_ended_115,gpt2,5,open_ended,6.25,0.9947916666666666,2026-08-09T17:34:23.446114+00:00
open_ended_115,gpt2,6,open_ended,6.25,0.981201171875,2026-08-09T17:34:23.446114+00:00
open_ended_115,gpt2,7,open_ended,6.25,0.958251953125,2026-08-09T17:34:23.446114+00:00
open_ended_115,gpt2,8,open_ended,6.25,0.8897705078125,2026-08-09T17:34:23.446114+00:00
open_ended_116,gpt2,5,open_ended,6.2383,0.99609375,2026-08-09T17:34:23.446114+00:00
open_ended_116,gpt2,6,open_ended,6.2383,0.9877522786458334,2026-08-09T17:34:23.446114+00:00
open_ended_116,gpt2,7,open_ended,6.2383,0.9444986979166666,2026-08-09T17:34:23.446114+00:00
open_ended_116,gpt2,8,open_ended,6.2383,0.8249918619791666,2026-08-09T17:34:23.446114+00:00
open_ended_117,gpt2,5,open_ended,3.2148,0.997314453125,2026-08-09T17:34:23.446114+00:00
open_ended_117,gpt2,6,open_ended,3.2148,0.9936930338541666,2026-08-09T17:34:23.446114+00:00
open_ended_117,gpt2,7,open_ended,3.2148,0.9860026041666666,2026-08-09T17:34:23.446114+00:00
open_ended_117,gpt2,8,open_ended,3.2148,0.9683024088541666,2026-08-09T17:34:23.446114+00:00
open_ended_118,gpt2,5,open_ended,5.3047,0.9982503255208334,2026-08-09T17:34:23.446114+00:00
open_ended_118,gpt2,6,open_ended,5.3047,0.9932454427083334,2026-08-09T17:34:23.446114+00:00
open_ended_118,gpt2,7,open_ended,5.3047,0.978759765625,2026-08-09T17:34:23.446114+00:00
open_ended_118,gpt2,8,open_ended,5.3047,0.9248860677083334,2026-08-09T17:34:23.446114+00:00
open_ended_119,gpt2,5,open_ended,4.1328,0.9982096354166666,2026-08-09T17:34:23.446114+00:00
open_ended_119,gpt2,6,open_ended,4.1328,0.9963785807291666,2026-08-09T17:34:23.446114+00:00
open_ended_119,gpt2,7,open_ended,4.1328,0.9928792317708334,2026-08-09T17:34:23.446114+00:00
open_ended_119,gpt2,8,open_ended,4.1328,0.9841715494791666,2026-08-09T17:34:23.446114+00:00
open_ended_120,gpt2,5,open_ended,5.6367,0.9956868489583334,2026-08-09T17:34:23.446114+00:00
open_ended_120,gpt2,6,open_ended,5.6367,0.9822591145833334,2026-08-09T17:34:23.446114+00:00
open_ended_120,gpt2,7,open_ended,5.6367,0.9490152994791666,2026-08-09T17:34:23.446114+00:00
open_ended_120,gpt2,8,open_ended,5.6367,0.8612874348958334,2026-08-09T17:34:23.446114+00:00
open_ended_121,gpt2,5,open_ended,4.1992,0.998046875,2026-08-09T17:34:23.446114+00:00
open_ended_121,gpt2,6,open_ended,4.1992,0.9942220052083334,2026-08-09T17:34:23.446114+00:00
open_ended_121,gpt2,7,open_ended,4.1992,0.9822184244791666,2026-08-09T17:34:23.446114+00:00
open_ended_121,gpt2,8,open_ended,4.1992,0.939208984375,2026-08-09T17:34:23.446114+00:00
open_ended_122,gpt2,5,open_ended,5.9531,0.9943440755208334,2026-08-09T17:34:23.446114+00:00
open_ended_122,gpt2,6,open_ended,5.9531,0.984375,2026-08-09T17:34:23.446114+00:00
open_ended_122,gpt2,7,open_ended,5.9531,0.9586181640625,2026-08-09T17:34:23.446114+00:00
open_ended_122,gpt2,8,open_ended,5.9531,0.8961181640625,2026-08-09T17:34:23.446114+00:00
open_ended_123,gpt2,5,open_ended,5.4531,0.9944661458333334,2026-08-09T17:34:23.446114+00:00
open_ended_123,gpt2,6,open_ended,5.4531,0.9850667317708334,2026-08-09T17:34:23.446114+00:00
open_ended_123,gpt2,7,open_ended,5.4531,0.9390055338541666,2026-08-09T17:34:23.446114+00:00
open_ended_123,gpt2,8,open_ended,5.4531,0.80712890625,2026-08-09T17:34:23.446114+00:00
open_ended_124,gpt2,5,open_ended,3.2969,0.99853515625,2026-08-09T17:34:23.446114+00:00
open_ended_124,gpt2,6,open_ended,3.2969,0.9974772135416666,2026-08-09T17:34:23.446114+00:00
open_ended_124,gpt2,7,open_ended,3.2969,0.9929606119791666,2026-08-09T17:34:23.446114+00:00
open_ended_124,gpt2,8,open_ended,3.2969,0.97802734375,2026-08-09T17:34:23.446114+00:00
open_ended_125,gpt2,5,open_ended,4.9414,0.9958902994791666,2026-08-09T17:34:23.446114+00:00
open_ended_125,gpt2,6,open_ended,4.9414,0.9876708984375,2026-08-09T17:34:23.446114+00:00
open_ended_125,gpt2,7,open_ended,4.9414,0.9673258463541666,2026-08-09T17:34:23.446114+00:00
open_ended_125,gpt2,8,open_ended,4.9414,0.9007161458333334,2026-08-09T17:34:23.446114+00:00
open_ended_126,gpt2,5,open_ended,6.0156,0.9977620442708334,2026-08-09T17:34:23.446114+00:00
open_ended_126,gpt2,6,open_ended,6.0156,0.9951578776041666,2026-08-09T17:34:23.446114+00:00
open_ended_126,gpt2,7,open_ended,6.0156,0.9861653645833334,2026-08-09T17:34:23.446114+00:00
open_ended_126,gpt2,8,open_ended,6.0156,0.9774169921875,2026-08-09T17:34:23.446114+00:00
open_ended_127,gpt2,5,open_ended,6.1016,0.9954020182291666,2026-08-09T17:34:23.446114+00:00
open_ended_127,gpt2,6,open_ended,6.1016,0.9870198567708334,2026-08-09T17:34:23.446114+00:00
open_ended_127,gpt2,7,open_ended,6.1016,0.9625651041666666,2026-08-09T17:34:23.446114+00:00
open_ended_127,gpt2,8,open_ended,6.1016,0.8705240885416666,2026-08-09T17:34:23.446114+00:00
open_ended_128,gpt2,5,open_ended,4.1523,0.998291015625,2026-08-09T17:34:23.446114+00:00
open_ended_128,gpt2,6,open_ended,4.1523,0.9945882161458334,2026-08-09T17:34:23.446114+00:00
open_ended_128,gpt2,7,open_ended,4.1523,0.9595133463541666,2026-08-09T17:34:23.446114+00:00
open_ended_128,gpt2,8,open_ended,4.1523,0.8392333984375,2026-08-09T17:34:23.446114+00:00
open_ended_129,gpt2,5,open_ended,3.9062,0.9975992838541666,2026-08-09T17:34:23.446114+00:00
open_ended_129,gpt2,6,open_ended,3.9062,0.9962158203125,2026-08-09T17:34:23.446114+00:00
open_ended_129,gpt2,7,open_ended,3.9062,0.9908854166666666,2026-08-09T17:34:23.446114+00:00
open_ended_129,gpt2,8,open_ended,3.9062,0.9811197916666666,2026-08-09T17:34:23.446114+00:00
open_ended_130,gpt2,5,open_ended,3.8379,0.9972737630208334,2026-08-09T17:34:23.446114+00:00
open_ended_130,gpt2,6,open_ended,3.8379,0.9961751302083334,2026-08-09T17:34:23.446114+00:00
open_ended_130,gpt2,7,open_ended,3.8379,0.9925130208333334,2026-08-09T17:34:23.446114+00:00
open_ended_130,gpt2,8,open_ended,3.8379,0.986328125,2026-08-09T17:34:23.446114+00:00
open_ended_131,gpt2,5,open_ended,5.9805,0.9970703125,2026-08-09T17:34:23.446114+00:00
open_ended_131,gpt2,6,open_ended,5.9805,0.9895426432291666,2026-08-09T17:34:23.446114+00:00
open_ended_131,gpt2,7,open_ended,5.9805,0.9608154296875,2026-08-09T17:34:23.446114+00:00
open_ended_131,gpt2,8,open_ended,5.9805,0.8557535807291666,2026-08-09T17:34:23.446114+00:00
open_ended_132,gpt2,5,open_ended,5.2852,0.9968668619791666,2026-08-09T17:34:23.446114+00:00
open_ended_132,gpt2,6,open_ended,5.2852,0.9930826822916666,2026-08-09T17:34:23.446114+00:00
open_ended_132,gpt2,7,open_ended,5.2852,0.9735514322916666,2026-08-09T17:34:23.446114+00:00
open_ended_132,gpt2,8,open_ended,5.2852,0.931884765625,2026-08-09T17:34:23.446114+00:00
open_ended_133,gpt2,5,open_ended,5.4609,0.9976806640625,2026-08-09T17:34:23.446114+00:00
open_ended_133,gpt2,6,open_ended,5.4609,0.9942220052083334,2026-08-09T17:34:23.446114+00:00
open_ended_133,gpt2,7,open_ended,5.4609,0.9836018880208334,2026-08-09T17:34:23.446114+00:00
open_ended_133,gpt2,8,open_ended,5.4609,0.9441324869791666,2026-08-09T17:34:23.446114+00:00
open_ended_134,gpt2,5,open_ended,4.0156,0.9989013671875,2026-08-09T17:34:23.446114+00:00
open_ended_134,gpt2,6,open_ended,4.0156,0.9959309895833334,2026-08-09T17:34:23.446114+00:00
open_ended_134,gpt2,7,open_ended,4.0156,0.9809977213541666,2026-08-09T17:34:23.446114+00:00
open_ended_134,gpt2,8,open_ended,4.0156,0.8949381510416666,2026-08-09T17:34:23.446114+00:00
open_ended_135,gpt2,5,open_ended,4.2773,0.9952392578125,2026-08-09T17:34:23.446114+00:00
open_ended_135,gpt2,6,open_ended,4.2773,0.988525390625,2026-08-09T17:34:23.446114+00:00
open_ended_135,gpt2,7,open_ended,4.2773,0.9822998046875,2026-08-09T17:34:23.446114+00:00
open_ended_135,gpt2,8,open_ended,4.2773,0.9196370442708334,2026-08-09T17:34:23.446114+00:00
open_ended_136,gpt2,5,open_ended,6.4531,0.996826171875,2026-08-09T17:34:23.446114+00:00
open_ended_136,gpt2,6,open_ended,6.4531,0.9904378255208334,2026-08-09T17:34:23.446114+00:00
open_ended_136,gpt2,7,open_ended,6.4531,0.953125,2026-08-09T17:34:23.446114+00:00
open_ended_136,gpt2,8,open_ended,6.4531,0.85400390625,2026-08-09T17:34:23.446114+00:00
open_ended_137,gpt2,5,open_ended,5.9727,0.9965006510416666,2026-08-09T17:34:23.446114+00:00
open_ended_137,gpt2,6,open_ended,5.9727,0.9925537109375,2026-08-09T17:34:23.446114+00:00
open_ended_137,gpt2,7,open_ended,5.9727,0.9803466796875,2026-08-09T17:34:23.446114+00:00
open_ended_137,gpt2,8,open_ended,5.9727,0.9453938802083334,2026-08-09T17:34:23.446114+00:00
open_ended_138,gpt2,5,open_ended,5.9062,0.9950358072916666,2026-08-09T17:34:23.446114+00:00
open_ended_138,gpt2,6,open_ended,5.9062,0.9871826171875,2026-08-09T17:34:23.446114+00:00
open_ended_138,gpt2,7,open_ended,5.9062,0.9532877604166666,2026-08-09T17:34:23.446114+00:00
open_ended_138,gpt2,8,open_ended,5.9062,0.8443196614583334,2026-08-09T17:34:23.446114+00:00
open_ended_139,gpt2,5,open_ended,4.6328,0.998046875,2026-08-09T17:34:23.446114+00:00
open_ended_139,gpt2,6,open_ended,4.6328,0.998046875,2026-08-09T17:34:23.446114+00:00
open_ended_139,gpt2,7,open_ended,4.6328,0.9935302734375,2026-08-09T17:34:23.446114+00:00
open_ended_139,gpt2,8,open_ended,4.6328,0.9856770833333334,2026-08-09T17:34:23.446114+00:00
open_ended_140,gpt2,5,open_ended,6.293,0.9952392578125,2026-08-09T17:34:23.446114+00:00
open_ended_140,gpt2,6,open_ended,6.293,0.9832356770833334,2026-08-09T17:34:23.446114+00:00
open_ended_140,gpt2,7,open_ended,6.293,0.9421793619791666,2026-08-09T17:34:23.446114+00:00
open_ended_140,gpt2,8,open_ended,6.293,0.8232828776041666,2026-08-09T17:34:23.446114+00:00
open_ended_141,gpt2,5,open_ended,5.6211,0.9971516927083334,2026-08-09T17:34:23.446114+00:00
open_ended_141,gpt2,6,open_ended,5.6211,0.9954427083333334,2026-08-09T17:34:23.446114+00:00
open_ended_141,gpt2,7,open_ended,5.6211,0.9855550130208334,2026-08-09T17:34:23.446114+00:00
open_ended_141,gpt2,8,open_ended,5.6211,0.9711507161458334,2026-08-09T17:34:23.446114+00:00
open_ended_142,gpt2,5,open_ended,6.0586,0.9970703125,2026-08-09T17:34:23.446114+00:00
open_ended_142,gpt2,6,open_ended,6.0586,0.9894205729166666,2026-08-09T17:34:23.446114+00:00
open_ended_142,gpt2,7,open_ended,6.0586,0.9683837890625,2026-08-09T17:34:23.446114+00:00
open_ended_142,gpt2,8,open_ended,6.0586,0.89013671875,2026-08-09T17:34:23.446114+00:00
open_ended_143,gpt2,5,open_ended,5.8672,0.99755859375,2026-08-09T17:34:23.446114+00:00
open_ended_143,gpt2,6,open_ended,5.8672,0.9902750651041666,2026-08-09T17:34:23.446114+00:00
open_ended_143,gpt2,7,open_ended,5.8672,0.9781901041666666,2026-08-09T17:34:23.446114+00:00
open_ended_143,gpt2,8,open_ended,5.8672,0.9281819661458334,2026-08-09T17:34:23.446114+00:00
open_ended_144,gpt2,5,open_ended,4.2539,0.9989420572916666,2026-08-09T17:34:23.446114+00:00
open_ended_144,gpt2,6,open_ended,4.2539,0.9942220052083334,2026-08-09T17:34:23.446114+00:00
open_ended_144,gpt2,7,open_ended,4.2539,0.9662272135416666,2026-08-09T17:34:23.446114+00:00
open_ended_144,gpt2,8,open_ended,4.2539,0.8705240885416666,2026-08-09T17:34:23.446114+00:00
open_ended_145,gpt2,5,open_ended,5.3477,0.9986979166666666,2026-08-09T17:34:23.446114+00:00
open_ended_145,gpt2,6,open_ended,5.3477,0.994384765625,2026-08-09T17:34:23.446114+00:00
open_ended_145,gpt2,7,open_ended,5.3477,0.9840494791666666,2026-08-09T17:34:23.446114+00:00
open_ended_145,gpt2,8,open_ended,5.3477,0.9661865234375,2026-08-09T17:34:23.446114+00:00
open_ended_146,gpt2,5,open_ended,6.6211,0.9933675130208334,2026-08-09T17:34:23.446114+00:00
open_ended_146,gpt2,6,open_ended,6.6211,0.9770914713541666,2026-08-09T17:34:23.446114+00:00
open_ended_146,gpt2,7,open_ended,6.6211,0.9287109375,2026-08-09T17:34:23.446114+00:00
open_ended_146,gpt2,8,open_ended,6.6211,0.7845865885416666,2026-08-09T17:34:23.446114+00:00
open_ended_147,gpt2,5,open_ended,4.0977,0.9974772135416666,2026-08-09T17:34:23.446114+00:00
open_ended_147,gpt2,6,open_ended,4.0977,0.9967447916666666,2026-08-09T17:34:23.446114+00:00
open_ended_147,gpt2,7,open_ended,4.0977,0.9850260416666666,2026-08-09T17:34:23.446114+00:00
open_ended_147,gpt2,8,open_ended,4.0977,0.9734293619791666,2026-08-09T17:34:23.446114+00:00
open_ended_148,gpt2,5,open_ended,5.3906,0.996337890625,2026-08-09T17:34:23.446114+00:00
open_ended_148,gpt2,6,open_ended,5.3906,0.9910074869791666,2026-08-09T17:34:23.446114+00:00
open_ended_148,gpt2,7,open_ended,5.3906,0.9772135416666666,2026-08-09T17:34:23.446114+00:00
open_ended_148,gpt2,8,open_ended,5.3906,0.9305419921875,2026-08-09T17:34:23.446114+00:00
open_ended_149,gpt2,5,open_ended,6.3672,0.9923909505208334,2026-08-09T17:34:23.446114+00:00
open_ended_149,gpt2,6,open_ended,6.3672,0.9736328125,2026-08-09T17:34:23.446114+00:00
open_ended_149,gpt2,7,open_ended,6.3672,0.8935953776041666,2026-08-09T17:34:23.446114+00:00
open_ended_149,gpt2,8,open_ended,6.3672,0.7503662109375,2026-08-09T17:34:23.446114+00:00
open_ended_150,gpt2,5,open_ended,4.3203,0.9984130859375,2026-08-09T17:34:23.446114+00:00
open_ended_150,gpt2,6,open_ended,4.3203,0.9959716796875,2026-08-09T17:34:23.446114+00:00
open_ended_150,gpt2,7,open_ended,4.3203,0.987548828125,2026-08-09T17:34:23.446114+00:00
open_ended_150,gpt2,8,open_ended,4.3203,0.9707845052083334,2026-08-09T17:34:23.446114+00:00
open_ended_151,gpt2,5,open_ended,5.9453,0.9927164713541666,2026-08-09T17:34:23.446114+00:00
open_ended_151,gpt2,6,open_ended,5.9453,0.9864095052083334,2026-08-09T17:34:23.446114+00:00
open_ended_151,gpt2,7,open_ended,5.9453,0.9497884114583334,2026-08-09T17:34:23.446114+00:00
open_ended_151,gpt2,8,open_ended,5.9453,0.8850911458333334,2026-08-09T17:34:23.446114+00:00
open_ended_152,gpt2,5,open_ended,5.0781,0.9960530598958334,2026-08-09T17:34:23.446114+00:00
open_ended_152,gpt2,6,open_ended,5.0781,0.9925537109375,2026-08-09T17:34:23.446114+00:00
open_ended_152,gpt2,7,open_ended,5.0781,0.9797770182291666,2026-08-09T17:34:23.446114+00:00
open_ended_152,gpt2,8,open_ended,5.0781,0.9280598958333334,2026-08-09T17:34:23.446114+00:00
open_ended_153,gpt2,5,open_ended,5.1172,0.9973958333333334,2026-08-09T17:34:23.446114+00:00
open_ended_153,gpt2,6,open_ended,5.1172,0.9916585286458334,2026-08-09T17:34:23.446114+00:00
open_ended_153,gpt2,7,open_ended,5.1172,0.9806315104166666,2026-08-09T17:34:23.446114+00:00
open_ended_153,gpt2,8,open_ended,5.1172,0.9640299479166666,2026-08-09T17:34:23.446114+00:00
open_ended_154,gpt2,5,open_ended,6.9219,0.9957682291666666,2026-08-09T17:34:23.446114+00:00
open_ended_154,gpt2,6,open_ended,6.9219,0.9896647135416666,2026-08-09T17:34:23.446114+00:00
open_ended_154,gpt2,7,open_ended,6.9219,0.9654947916666666,2026-08-09T17:34:23.446114+00:00
open_ended_154,gpt2,8,open_ended,6.9219,0.9010823567708334,2026-08-09T17:34:23.446114+00:00
open_ended_155,gpt2,5,open_ended,3.9629,0.9921061197916666,2026-08-09T17:34:23.446114+00:00
open_ended_155,gpt2,6,open_ended,3.9629,0.9844970703125,2026-08-09T17:34:23.446114+00:00
open_ended_155,gpt2,7,open_ended,3.9629,0.9481201171875,2026-08-09T17:34:23.446114+00:00
open_ended_155,gpt2,8,open_ended,3.9629,0.9286702473958334,2026-08-09T17:34:23.446114+00:00
open_ended_156,gpt2,5,open_ended,6.2148,0.9976806640625,2026-08-09T17:34:23.446114+00:00
open_ended_156,gpt2,6,open_ended,6.2148,0.9936930338541666,2026-08-09T17:34:23.446114+00:00
open_ended_156,gpt2,7,open_ended,6.2148,0.9638264973958334,2026-08-09T17:34:23.446114+00:00
open_ended_156,gpt2,8,open_ended,6.2148,0.896240234375,2026-08-09T17:34:23.446114+00:00
open_ended_157,gpt2,5,open_ended,3.1855,0.9974772135416666,2026-08-09T17:34:23.446114+00:00
open_ended_157,gpt2,6,open_ended,3.1855,0.9918619791666666,2026-08-09T17:34:23.446114+00:00
open_ended_157,gpt2,7,open_ended,3.1855,0.9609375,2026-08-09T17:34:23.446114+00:00
open_ended_157,gpt2,8,open_ended,3.1855,0.8538411458333334,2026-08-09T17:34:23.446114+00:00
open_ended_158,gpt2,5,open_ended,4.5781,0.9959716796875,2026-08-09T17:34:23.446114+00:00
open_ended_158,gpt2,6,open_ended,4.5781,0.9886881510416666,2026-08-09T17:34:23.446114+00:00
open_ended_158,gpt2,7,open_ended,4.5781,0.9842936197916666,2026-08-09T17:34:23.446114+00:00
open_ended_158,gpt2,8,open_ended,4.5781,0.9652099609375,2026-08-09T17:34:23.446114+00:00
open_ended_159,gpt2,5,open_ended,5.9766,0.9975992838541666,2026-08-09T17:34:23.446114+00:00
open_ended_159,gpt2,6,open_ended,5.9766,0.9962565104166666,2026-08-09T17:34:23.446114+00:00
open_ended_159,gpt2,7,open_ended,5.9766,0.9889322916666666,2026-08-09T17:34:23.446114+00:00
open_ended_159,gpt2,8,open_ended,5.9766,0.9751790364583334,2026-08-09T17:34:23.446114+00:00
open_ended_160,gpt2,5,open_ended,6.6172,0.9925537109375,2026-08-09T17:34:23.446114+00:00
open_ended_160,gpt2,6,open_ended,6.6172,0.9795328776041666,2026-08-09T17:34:23.446114+00:00
open_ended_160,gpt2,7,open_ended,6.6172,0.9329833984375,2026-08-09T17:34:23.446114+00:00
open_ended_160,gpt2,8,open_ended,6.6172,0.8140869140625,2026-08-09T17:34:23.446114+00:00
open_ended_161,gpt2,5,open_ended,6.1836,0.9984537760416666,2026-08-09T17:34:23.446114+00:00
open_ended_161,gpt2,6,open_ended,6.1836,0.9932047526041666,2026-08-09T17:34:23.446114+00:00
open_ended_161,gpt2,7,open_ended,6.1836,0.9710693359375,2026-08-09T17:34:23.446114+00:00
open_ended_161,gpt2,8,open_ended,6.1836,0.9039306640625,2026-08-09T17:34:23.446114+00:00
open_ended_162,gpt2,5,open_ended,6.1094,0.9958902994791666,2026-08-09T17:34:23.446114+00:00
open_ended_162,gpt2,6,open_ended,6.1094,0.9908854166666666,2026-08-09T17:34:23.446114+00:00
open_ended_162,gpt2,7,open_ended,6.1094,0.9706624348958334,2026-08-09T17:34:23.446114+00:00
open_ended_162,gpt2,8,open_ended,6.1094,0.9344482421875,2026-08-09T17:34:23.446114+00:00
open_ended_163,gpt2,5,open_ended,2.582,0.9989420572916666,2026-08-09T17:34:23.446114+00:00
open_ended_163,gpt2,6,open_ended,2.582,0.9981689453125,2026-08-09T17:34:23.446114+00:00
open_ended_163,gpt2,7,open_ended,2.582,0.9934488932291666,2026-08-09T17:34:23.446114+00:00
open_ended_163,gpt2,8,open_ended,2.582,0.9879964192708334,2026-08-09T17:34:23.446114+00:00
open_ended_164,gpt2,5,open_ended,4.3945,0.999267578125,2026-08-09T17:34:23.446114+00:00
open_ended_164,gpt2,6,open_ended,4.3945,0.9968668619791666,2026-08-09T17:34:23.446114+00:00
open_ended_164,gpt2,7,open_ended,4.3945,0.9807942708333334,2026-08-09T17:34:23.446114+00:00
open_ended_164,gpt2,8,open_ended,4.3945,0.9174397786458334,2026-08-09T17:34:23.446114+00:00
open_ended_165,gpt2,5,open_ended,6.0781,0.9963785807291666,2026-08-09T17:34:23.446114+00:00
open_ended_165,gpt2,6,open_ended,6.0781,0.9876302083333334,2026-08-09T17:34:23.446114+00:00
open_ended_165,gpt2,7,open_ended,6.0781,0.9782307942708334,2026-08-09T17:34:23.446114+00:00
open_ended_165,gpt2,8,open_ended,6.0781,0.9412841796875,2026-08-09T17:34:23.446114+00:00
open_ended_166,gpt2,5,open_ended,6.5352,0.996337890625,2026-08-09T17:34:23.446114+00:00
open_ended_166,gpt2,6,open_ended,6.5352,0.9925944010416666,2026-08-09T17:34:23.446114+00:00
open_ended_166,gpt2,7,open_ended,6.5352,0.9706217447916666,2026-08-09T17:34:23.446114+00:00
open_ended_166,gpt2,8,open_ended,6.5352,0.859619140625,2026-08-09T17:34:23.446114+00:00
open_ended_167,gpt2,5,open_ended,3.0977,0.9975179036458334,2026-08-09T17:34:23.446114+00:00
open_ended_167,gpt2,6,open_ended,3.0977,0.9950358072916666,2026-08-09T17:34:23.446114+00:00
open_ended_167,gpt2,7,open_ended,3.0977,0.9899495442708334,2026-08-09T17:34:23.446114+00:00
open_ended_167,gpt2,8,open_ended,3.0977,0.9775390625,2026-08-09T17:34:23.446114+00:00
open_ended_168,gpt2,5,open_ended,5.75,0.9974772135416666,2026-08-09T17:34:23.446114+00:00
open_ended_168,gpt2,6,open_ended,5.75,0.9938151041666666,2026-08-09T17:34:23.446114+00:00
open_ended_168,gpt2,7,open_ended,5.75,0.9792073567708334,2026-08-09T17:34:23.446114+00:00
open_ended_168,gpt2,8,open_ended,5.75,0.9420979817708334,2026-08-09T17:34:23.446114+00:00
open_ended_169,gpt2,5,open_ended,3.9434,0.9983317057291666,2026-08-09T17:34:23.446114+00:00
open_ended_169,gpt2,6,open_ended,3.9434,0.9965006510416666,2026-08-09T17:34:23.446114+00:00
open_ended_169,gpt2,7,open_ended,3.9434,0.9942626953125,2026-08-09T17:34:23.446114+00:00
open_ended_169,gpt2,8,open_ended,3.9434,0.987060546875,2026-08-09T17:34:23.446114+00:00
open_ended_170,gpt2,5,open_ended,6.4141,0.9966227213541666,2026-08-09T17:34:23.446114+00:00
open_ended_170,gpt2,6,open_ended,6.4141,0.9896240234375,2026-08-09T17:34:23.446114+00:00
open_ended_170,gpt2,7,open_ended,6.4141,0.9696044921875,2026-08-09T17:34:23.446114+00:00
open_ended_170,gpt2,8,open_ended,6.4141,0.8951416015625,2026-08-09T17:34:23.446114+00:00
open_ended_171,gpt2,5,open_ended,4.6445,0.99853515625,2026-08-09T17:34:23.446114+00:00
open_ended_171,gpt2,6,open_ended,4.6445,0.99609375,2026-08-09T17:34:23.446114+00:00
open_ended_171,gpt2,7,open_ended,4.6445,0.98583984375,2026-08-09T17:34:23.446114+00:00
open_ended_171,gpt2,8,open_ended,4.6445,0.9488525390625,2026-08-09T17:34:23.446114+00:00
open_ended_172,gpt2,5,open_ended,6.0625,0.995361328125,2026-08-09T17:34:23.446114+00:00
open_ended_172,gpt2,6,open_ended,6.0625,0.9909261067708334,2026-08-09T17:34:23.446114+00:00
open_ended_172,gpt2,7,open_ended,6.0625,0.9781901041666666,2026-08-09T17:34:23.446114+00:00
open_ended_172,gpt2,8,open_ended,6.0625,0.9339192708333334,2026-08-09T17:34:23.446114+00:00
open_ended_173,gpt2,5,open_ended,6.1992,0.9940592447916666,2026-08-09T17:34:23.446114+00:00
open_ended_173,gpt2,6,open_ended,6.1992,0.9835205078125,2026-08-09T17:34:23.446114+00:00
open_ended_173,gpt2,7,open_ended,6.1992,0.9533284505208334,2026-08-09T17:34:23.446114+00:00
open_ended_173,gpt2,8,open_ended,6.1992,0.8405354817708334,2026-08-09T17:34:23.446114+00:00
open_ended_174,gpt2,5,open_ended,3.3828,0.99853515625,2026-08-09T17:34:23.446114+00:00
open_ended_174,gpt2,6,open_ended,3.3828,0.9977213541666666,2026-08-09T17:34:23.446114+00:00
open_ended_174,gpt2,7,open_ended,3.3828,0.9934895833333334,2026-08-09T17:34:23.446114+00:00
open_ended_174,gpt2,8,open_ended,3.3828,0.9817301432291666,2026-08-09T17:34:23.446114+00:00
open_ended_175,gpt2,5,open_ended,6.0703,0.9962565104166666,2026-08-09T17:34:23.446114+00:00
open_ended_175,gpt2,6,open_ended,6.0703,0.9930826822916666,2026-08-09T17:34:23.446114+00:00
open_ended_175,gpt2,7,open_ended,6.0703,0.9757080078125,2026-08-09T17:34:23.446114+00:00
open_ended_175,gpt2,8,open_ended,6.0703,0.923583984375,2026-08-09T17:34:23.446114+00:00
open_ended_176,gpt2,5,open_ended,5.9766,0.9977213541666666,2026-08-09T17:34:23.446114+00:00
open_ended_176,gpt2,6,open_ended,5.9766,0.9957682291666666,2026-08-09T17:34:23.446114+00:00
open_ended_176,gpt2,7,open_ended,5.9766,0.988525390625,2026-08-09T17:34:23.446114+00:00
open_ended_176,gpt2,8,open_ended,5.9766,0.9812825520833334,2026-08-09T17:34:23.446114+00:00
open_ended_177,gpt2,5,open_ended,6.1367,0.9965413411458334,2026-08-09T17:34:23.446114+00:00
open_ended_177,gpt2,6,open_ended,6.1367,0.9912923177083334,2026-08-09T17:34:23.446114+00:00
open_ended_177,gpt2,7,open_ended,6.1367,0.967529296875,2026-08-09T17:34:23.446114+00:00
open_ended_177,gpt2,8,open_ended,6.1367,0.9036051432291666,2026-08-09T17:34:23.446114+00:00
open_ended_178,gpt2,5,open_ended,4.8164,0.9987386067708334,2026-08-09T17:34:23.446114+00:00
open_ended_178,gpt2,6,open_ended,4.8164,0.9950764973958334,2026-08-09T17:34:23.446114+00:00
open_ended_178,gpt2,7,open_ended,4.8164,0.9604899088541666,2026-08-09T17:34:23.446114+00:00
open_ended_178,gpt2,8,open_ended,4.8164,0.8753255208333334,2026-08-09T17:34:23.446114+00:00
open_ended_179,gpt2,5,open_ended,3.9102,0.9974365234375,2026-08-09T17:34:23.446114+00:00
open_ended_179,gpt2,6,open_ended,3.9102,0.9962158203125,2026-08-09T17:34:23.446114+00:00
open_ended_179,gpt2,7,open_ended,3.9102,0.9911295572916666,2026-08-09T17:34:23.446114+00:00
open_ended_179,gpt2,8,open_ended,3.9102,0.9818115234375,2026-08-09T17:34:23.446114+00:00
open_ended_180,gpt2,5,open_ended,3.7578,0.9975179036458334,2026-08-09T17:34:23.446114+00:00
open_ended_180,gpt2,6,open_ended,3.7578,0.9962565104166666,2026-08-09T17:34:23.446114+00:00
open_ended_180,gpt2,7,open_ended,3.7578,0.9925537109375,2026-08-09T17:34:23.446114+00:00
open_ended_180,gpt2,8,open_ended,3.7578,0.9883626302083334,2026-08-09T17:34:23.446114+00:00
open_ended_181,gpt2,5,open_ended,6.7461,0.9974365234375,2026-08-09T17:34:23.446114+00:00
open_ended_181,gpt2,6,open_ended,6.7461,0.9945475260416666,2026-08-09T17:34:23.446114+00:00
open_ended_181,gpt2,7,open_ended,6.7461,0.9828694661458334,2026-08-09T17:34:23.446114+00:00
open_ended_181,gpt2,8,open_ended,6.7461,0.9123128255208334,2026-08-09T17:34:23.446114+00:00
open_ended_182,gpt2,5,open_ended,5.0977,0.996826171875,2026-08-09T17:34:23.446114+00:00
open_ended_182,gpt2,6,open_ended,5.0977,0.9929606119791666,2026-08-09T17:34:23.446114+00:00
open_ended_182,gpt2,7,open_ended,5.0977,0.978759765625,2026-08-09T17:34:23.446114+00:00
open_ended_182,gpt2,8,open_ended,5.0977,0.9504801432291666,2026-08-09T17:34:23.446114+00:00
open_ended_183,gpt2,5,open_ended,6.0977,0.997802734375,2026-08-09T17:34:23.446114+00:00
open_ended_183,gpt2,6,open_ended,6.0977,0.9959716796875,2026-08-09T17:34:23.446114+00:00
open_ended_183,gpt2,7,open_ended,6.0977,0.9881591796875,2026-08-09T17:34:23.446114+00:00
open_ended_183,gpt2,8,open_ended,6.0977,0.9488932291666666,2026-08-09T17:34:23.446114+00:00
open_ended_184,gpt2,5,open_ended,4.8438,0.9991861979166666,2026-08-09T17:34:23.446114+00:00
open_ended_184,gpt2,6,open_ended,4.8438,0.996337890625,2026-08-09T17:34:23.446114+00:00
open_ended_184,gpt2,7,open_ended,4.8438,0.9823404947916666,2026-08-09T17:34:23.446114+00:00
open_ended_184,gpt2,8,open_ended,4.8438,0.9341227213541666,2026-08-09T17:34:23.446114+00:00
open_ended_185,gpt2,5,open_ended,3.8555,0.9959309895833334,2026-08-09T17:34:23.446114+00:00
open_ended_185,gpt2,6,open_ended,3.8555,0.9915364583333334,2026-08-09T17:34:23.446114+00:00
open_ended_185,gpt2,7,open_ended,3.8555,0.9874674479166666,2026-08-09T17:34:23.446114+00:00
open_ended_185,gpt2,8,open_ended,3.8555,0.950439453125,2026-08-09T17:34:23.446114+00:00
open_ended_186,gpt2,5,open_ended,6.9297,0.9970703125,2026-08-09T17:34:23.446114+00:00
open_ended_186,gpt2,6,open_ended,6.9297,0.9938151041666666,2026-08-09T17:34:23.446114+00:00
open_ended_186,gpt2,7,open_ended,6.9297,0.9711507161458334,2026-08-09T17:34:23.446114+00:00
open_ended_186,gpt2,8,open_ended,6.9297,0.892578125,2026-08-09T17:34:23.446114+00:00
open_ended_187,gpt2,5,open_ended,5.9531,0.9969889322916666,2026-08-09T17:34:23.446114+00:00
open_ended_187,gpt2,6,open_ended,5.9531,0.9932861328125,2026-08-09T17:34:23.446114+00:00
open_ended_187,gpt2,7,open_ended,5.9531,0.9830322265625,2026-08-09T17:34:23.446114+00:00
open_ended_187,gpt2,8,open_ended,5.9531,0.9567464192708334,2026-08-09T17:34:23.446114+00:00
open_ended_188,gpt2,5,open_ended,6.1875,0.9958089192708334,2026-08-09T17:34:23.446114+00:00
open_ended_188,gpt2,6,open_ended,6.1875,0.99267578125,2026-08-09T17:34:23.446114+00:00
open_ended_188,gpt2,7,open_ended,6.1875,0.9676106770833334,2026-08-09T17:34:23.446114+00:00
open_ended_188,gpt2,8,open_ended,6.1875,0.8772786458333334,2026-08-09T17:34:23.446114+00:00
open_ended_189,gpt2,5,open_ended,4.4844,0.9982096354166666,2026-08-09T17:34:23.446114+00:00
open_ended_189,gpt2,6,open_ended,4.4844,0.9981689453125,2026-08-09T17:34:23.446114+00:00
open_ended_189,gpt2,7,open_ended,4.4844,0.9947916666666666,2026-08-09T17:34:23.446114+00:00
open_ended_189,gpt2,8,open_ended,4.4844,0.9889729817708334,2026-08-09T17:34:23.446114+00:00
open_ended_190,gpt2,5,open_ended,6.7422,0.99658203125,2026-08-09T17:34:23.446114+00:00
open_ended_190,gpt2,6,open_ended,6.7422,0.9911702473958334,2026-08-09T17:34:23.446114+00:00
open_ended_190,gpt2,7,open_ended,6.7422,0.9687906901041666,2026-08-09T17:34:23.446114+00:00
open_ended_190,gpt2,8,open_ended,6.7422,0.8819173177083334,2026-08-09T17:34:23.446114+00:00
open_ended_191,gpt2,5,open_ended,5.4336,0.9974772135416666,2026-08-09T17:34:23.446114+00:00
open_ended_191,gpt2,6,open_ended,5.4336,0.9960123697916666,2026-08-09T17:34:23.446114+00:00
open_ended_191,gpt2,7,open_ended,5.4336,0.9879964192708334,2026-08-09T17:34:23.446114+00:00
open_ended_191,gpt2,8,open_ended,5.4336,0.9766031901041666,2026-08-09T17:34:23.446114+00:00
open_ended_192,gpt2,5,open_ended,5.9844,0.9974365234375,2026-08-09T17:34:23.446114+00:00
open_ended_192,gpt2,6,open_ended,5.9844,0.9933675130208334,2026-08-09T17:34:23.446114+00:00
open_ended_192,gpt2,7,open_ended,5.9844,0.9781087239583334,2026-08-09T17:34:23.446114+00:00
open_ended_192,gpt2,8,open_ended,5.9844,0.921630859375,2026-08-09T17:34:23.446114+00:00
open_ended_193,gpt2,5,open_ended,6.043,0.997314453125,2026-08-09T17:34:23.446114+00:00
open_ended_193,gpt2,6,open_ended,6.043,0.9938151041666666,2026-08-09T17:34:23.446114+00:00
open_ended_193,gpt2,7,open_ended,6.043,0.981201171875,2026-08-09T17:34:23.446114+00:00
open_ended_193,gpt2,8,open_ended,6.043,0.932373046875,2026-08-09T17:34:23.446114+00:00
open_ended_194,gpt2,5,open_ended,4.9102,0.9991861979166666,2026-08-09T17:34:23.446114+00:00
open_ended_194,gpt2,6,open_ended,4.9102,0.9938151041666666,2026-08-09T17:34:23.446114+00:00
open_ended_194,gpt2,7,open_ended,4.9102,0.9691162109375,2026-08-09T17:34:23.446114+00:00
open_ended_194,gpt2,8,open_ended,4.9102,0.8936360677083334,2026-08-09T17:34:23.446114+00:00
open_ended_195,gpt2,5,open_ended,5.1797,0.9989013671875,2026-08-09T17:34:23.446114+00:00
open_ended_195,gpt2,6,open_ended,5.1797,0.99560546875,2026-08-09T17:34:23.446114+00:00
open_ended_195,gpt2,7,open_ended,5.1797,0.9881998697916666,2026-08-09T17:34:23.446114+00:00
open_ended_195,gpt2,8,open_ended,5.1797,0.9756673177083334,2026-08-09T17:34:23.446114+00:00
open_ended_196,gpt2,5,open_ended,6.6211,0.9928792317708334,2026-08-09T17:34:23.446114+00:00
open_ended_196,gpt2,6,open_ended,6.6211,0.9755859375,2026-08-09T17:34:23.446114+00:00
open_ended_196,gpt2,7,open_ended,6.6211,0.9269205729166666,2026-08-09T17:34:23.446114+00:00
open_ended_196,gpt2,8,open_ended,6.6211,0.7671712239583334,2026-08-09T17:34:23.446114+00:00
open_ended_197,gpt2,5,open_ended,3.5352,0.997802734375,2026-08-09T17:34:23.446114+00:00
open_ended_197,gpt2,6,open_ended,3.5352,0.9969075520833334,2026-08-09T17:34:23.446114+00:00
open_ended_197,gpt2,7,open_ended,3.5352,0.9866943359375,2026-08-09T17:34:23.446114+00:00
open_ended_197,gpt2,8,open_ended,3.5352,0.9779866536458334,2026-08-09T17:34:23.446114+00:00
open_ended_198,gpt2,5,open_ended,5.8477,0.996337890625,2026-08-09T17:34:23.446114+00:00
open_ended_198,gpt2,6,open_ended,5.8477,0.9938151041666666,2026-08-09T17:34:23.446114+00:00
open_ended_198,gpt2,7,open_ended,5.8477,0.9804280598958334,2026-08-09T17:34:23.446114+00:00
open_ended_198,gpt2,8,open_ended,5.8477,0.9473063151041666,2026-08-09T17:34:23.446114+00:00
open_ended_199,gpt2,5,open_ended,6.7812,0.9952799479166666,2026-08-09T17:34:23.446114+00:00
open_ended_199,gpt2,6,open_ended,6.7812,0.9886881510416666,2026-08-09T17:34:23.446114+00:00
open_ended_199,gpt2,7,open_ended,6.7812,0.9644775390625,2026-08-09T17:34:23.446114+00:00
open_ended_199,gpt2,8,open_ended,6.7812,0.8829752604166666,2026-08-09T17:34:23.446114+00:00
open_ended_200,gpt2,5,open_ended,4.0039,0.9986572265625,2026-08-09T17:34:23.446114+00:00
open_ended_200,gpt2,6,open_ended,4.0039,0.9964599609375,2026-08-09T17:34:23.446114+00:00
open_ended_200,gpt2,7,open_ended,4.0039,0.9887288411458334,2026-08-09T17:34:23.446114+00:00
open_ended_200,gpt2,8,open_ended,4.0039,0.9719645182291666,2026-08-09T17:34:23.446114+00:00
open_ended_201,gpt2,5,open_ended,6.3125,0.9951578776041666,2026-08-09T17:34:23.446114+00:00
open_ended_201,gpt2,6,open_ended,6.3125,0.9894612630208334,2026-08-09T17:34:23.446114+00:00
open_ended_201,gpt2,7,open_ended,6.3125,0.953369140625,2026-08-09T17:34:23.446114+00:00
open_ended_201,gpt2,8,open_ended,6.3125,0.8695068359375,2026-08-09T17:34:23.446114+00:00
open_ended_202,gpt2,5,open_ended,5.875,0.9971923828125,2026-08-09T17:34:23.446114+00:00
open_ended_202,gpt2,6,open_ended,5.875,0.9934488932291666,2026-08-09T17:34:23.446114+00:00
open_ended_202,gpt2,7,open_ended,5.875,0.9814046223958334,2026-08-09T17:34:23.446114+00:00
open_ended_202,gpt2,8,open_ended,5.875,0.9353841145833334,2026-08-09T17:34:23.446114+00:00
open_ended_203,gpt2,5,open_ended,5.4336,0.997802734375,2026-08-09T17:34:23.446114+00:00
open_ended_203,gpt2,6,open_ended,5.4336,0.9926350911458334,2026-08-09T17:34:23.446114+00:00
open_ended_203,gpt2,7,open_ended,5.4336,0.9814453125,2026-08-09T17:34:23.446114+00:00
open_ended_203,gpt2,8,open_ended,5.4336,0.9635009765625,2026-08-09T17:34:23.446114+00:00
open_ended_204,gpt2,5,open_ended,6.5508,0.9961751302083334,2026-08-09T17:34:23.446114+00:00
open_ended_204,gpt2,6,open_ended,6.5508,0.99267578125,2026-08-09T17:34:23.446114+00:00
open_ended_204,gpt2,7,open_ended,6.5508,0.9735921223958334,2026-08-09T17:34:23.446114+00:00
open_ended_204,gpt2,8,open_ended,6.5508,0.9140218098958334,2026-08-09T17:34:23.446114+00:00
open_ended_205,gpt2,5,open_ended,4.3047,0.9942626953125,2026-08-09T17:34:23.446114+00:00
open_ended_205,gpt2,6,open_ended,4.3047,0.9878743489583334,2026-08-09T17:34:23.446114+00:00
open_ended_205,gpt2,7,open_ended,4.3047,0.9607747395833334,2026-08-09T17:34:23.446114+00:00
open_ended_205,gpt2,8,open_ended,4.3047,0.9404703776041666,2026-08-09T17:34:23.446114+00:00
open_ended_206,gpt2,5,open_ended,6.2461,0.9984944661458334,2026-08-09T17:34:23.446114+00:00
open_ended_206,gpt2,6,open_ended,6.2461,0.9954020182291666,2026-08-09T17:34:23.446114+00:00
open_ended_206,gpt2,7,open_ended,6.2461,0.9776611328125,2026-08-09T17:34:23.446114+00:00
open_ended_206,gpt2,8,open_ended,6.2461,0.9119059244791666,2026-08-09T17:34:23.446114+00:00
open_ended_207,gpt2,5,open_ended,3.6992,0.9981689453125,2026-08-09T17:34:23.446114+00:00
open_ended_207,gpt2,6,open_ended,3.6992,0.9940185546875,2026-08-09T17:34:23.446114+00:00
open_ended_207,gpt2,7,open_ended,3.6992,0.9714762369791666,2026-08-09T17:34:23.446114+00:00
open_ended_207,gpt2,8,open_ended,3.6992,0.87939453125,2026-08-09T17:34:23.446114+00:00
open_ended_208,gpt2,5,open_ended,4.543,0.9972737630208334,2026-08-09T17:34:23.446114+00:00
open_ended_208,gpt2,6,open_ended,4.543,0.9933268229166666,2026-08-09T17:34:23.446114+00:00
open_ended_208,gpt2,7,open_ended,4.543,0.9877115885416666,2026-08-09T17:34:23.446114+00:00
open_ended_208,gpt2,8,open_ended,4.543,0.96923828125,2026-08-09T17:34:23.446114+00:00
open_ended_209,gpt2,5,open_ended,6.4727,0.9980061848958334,2026-08-09T17:34:23.446114+00:00
open_ended_209,gpt2,6,open_ended,6.4727,0.9967041015625,2026-08-09T17:34:23.446114+00:00
open_ended_209,gpt2,7,open_ended,6.4727,0.9895426432291666,2026-08-09T17:34:23.446114+00:00
open_ended_209,gpt2,8,open_ended,6.4727,0.9781087239583334,2026-08-09T17:34:23.446114+00:00
open_ended_210,gpt2,5,open_ended,6.2852,0.9957275390625,2026-08-09T17:34:23.446114+00:00
open_ended_210,gpt2,6,open_ended,6.2852,0.9876708984375,2026-08-09T17:34:23.446114+00:00
open_ended_210,gpt2,7,open_ended,6.2852,0.9372151692708334,2026-08-09T17:34:23.446114+00:00
open_ended_210,gpt2,8,open_ended,6.2852,0.8521728515625,2026-08-09T17:34:23.446114+00:00
open_ended_211,gpt2,5,open_ended,6.1797,0.9986572265625,2026-08-09T17:34:23.446114+00:00
open_ended_211,gpt2,6,open_ended,6.1797,0.9945475260416666,2026-08-09T17:34:23.446114+00:00
open_ended_211,gpt2,7,open_ended,6.1797,0.975830078125,2026-08-09T17:34:23.446114+00:00
open_ended_211,gpt2,8,open_ended,6.1797,0.9149576822916666,2026-08-09T17:34:23.446114+00:00
open_ended_212,gpt2,5,open_ended,5.7812,0.9969482421875,2026-08-09T17:34:23.446114+00:00
open_ended_212,gpt2,6,open_ended,5.7812,0.9942626953125,2026-08-09T17:34:23.446114+00:00
open_ended_212,gpt2,7,open_ended,5.7812,0.9762369791666666,2026-08-09T17:34:23.446114+00:00
open_ended_212,gpt2,8,open_ended,5.7812,0.9361979166666666,2026-08-09T17:34:23.446114+00:00
open_ended_213,gpt2,5,open_ended,2.5879,0.9989420572916666,2026-08-09T17:34:23.446114+00:00
open_ended_213,gpt2,6,open_ended,2.5879,0.9981689453125,2026-08-09T17:34:23.446114+00:00
open_ended_213,gpt2,7,open_ended,2.5879,0.9944661458333334,2026-08-09T17:34:23.446114+00:00
open_ended_213,gpt2,8,open_ended,2.5879,0.989501953125,2026-08-09T17:34:23.446114+00:00
open_ended_214,gpt2,5,open_ended,4.2422,0.9994303385416666,2026-08-09T17:34:23.446114+00:00
open_ended_214,gpt2,6,open_ended,4.2422,0.9971516927083334,2026-08-09T17:34:23.446114+00:00
open_ended_214,gpt2,7,open_ended,4.2422,0.9812825520833334,2026-08-09T17:34:23.446114+00:00
open_ended_214,gpt2,8,open_ended,4.2422,0.9273274739583334,2026-08-09T17:34:23.446114+00:00
open_ended_215,gpt2,5,open_ended,6.0781,0.9956868489583334,2026-08-09T17:34:23.446114+00:00
open_ended_215,gpt2,6,open_ended,6.0781,0.9845377604166666,2026-08-09T17:34:23.446114+00:00
open_ended_215,gpt2,7,open_ended,6.0781,0.9660237630208334,2026-08-09T17:34:23.446114+00:00
open_ended_215,gpt2,8,open_ended,6.0781,0.9012858072916666,2026-08-09T17:34:23.446114+00:00
open_ended_216,gpt2,5,open_ended,6.2891,0.9973958333333334,2026-08-09T17:34:23.446114+00:00
open_ended_216,gpt2,6,open_ended,6.2891,0.993408203125,2026-08-09T17:34:23.446114+00:00
open_ended_216,gpt2,7,open_ended,6.2891,0.9712320963541666,2026-08-09T17:34:23.446114+00:00
open_ended_216,gpt2,8,open_ended,6.2891,0.866943359375,2026-08-09T17:34:23.446114+00:00
open_ended_217,gpt2,5,open_ended,3.7617,0.9979654947916666,2026-08-09T17:34:23.446114+00:00
open_ended_217,gpt2,6,open_ended,3.7617,0.995849609375,2026-08-09T17:34:23.446114+00:00
open_ended_217,gpt2,7,open_ended,3.7617,0.989501953125,2026-08-09T17:34:23.446114+00:00
open_ended_217,gpt2,8,open_ended,3.7617,0.975341796875,2026-08-09T17:34:23.446114+00:00
open_ended_218,gpt2,5,open_ended,6.3438,0.9984130859375,2026-08-09T17:34:23.446114+00:00
open_ended_218,gpt2,6,open_ended,6.3438,0.9956868489583334,2026-08-09T17:34:23.446114+00:00
open_ended_218,gpt2,7,open_ended,6.3438,0.9806315104166666,2026-08-09T17:34:23.446114+00:00
open_ended_218,gpt2,8,open_ended,6.3438,0.9283040364583334,2026-08-09T17:34:23.446114+00:00
open_ended_219,gpt2,5,open_ended,4.2344,0.9983723958333334,2026-08-09T17:34:23.446114+00:00
open_ended_219,gpt2,6,open_ended,4.2344,0.99658203125,2026-08-09T17:34:23.446114+00:00
open_ended_219,gpt2,7,open_ended,4.2344,0.9942626953125,2026-08-09T17:34:23.446114+00:00
open_ended_219,gpt2,8,open_ended,4.2344,0.986328125,2026-08-09T17:34:23.446114+00:00
open_ended_220,gpt2,5,open_ended,6.4492,0.9979654947916666,2026-08-09T17:34:23.446114+00:00
open_ended_220,gpt2,6,open_ended,6.4492,0.9923909505208334,2026-08-09T17:34:23.446114+00:00
open_ended_220,gpt2,7,open_ended,6.4492,0.9728190104166666,2026-08-09T17:34:23.446114+00:00
open_ended_220,gpt2,8,open_ended,6.4492,0.895263671875,2026-08-09T17:34:23.446114+00:00
open_ended_221,gpt2,5,open_ended,4.7422,0.9986572265625,2026-08-09T17:34:23.446114+00:00
open_ended_221,gpt2,6,open_ended,4.7422,0.9960123697916666,2026-08-09T17:34:23.446114+00:00
open_ended_221,gpt2,7,open_ended,4.7422,0.9864095052083334,2026-08-09T17:34:23.446114+00:00
open_ended_221,gpt2,8,open_ended,4.7422,0.9540608723958334,2026-08-09T17:34:23.446114+00:00
open_ended_222,gpt2,5,open_ended,6.4023,0.9967854817708334,2026-08-09T17:34:23.446114+00:00
open_ended_222,gpt2,6,open_ended,6.4023,0.9912923177083334,2026-08-09T17:34:23.446114+00:00
open_ended_222,gpt2,7,open_ended,6.4023,0.9712727864583334,2026-08-09T17:34:23.446114+00:00
open_ended_222,gpt2,8,open_ended,6.4023,0.9140625,2026-08-09T17:34:23.446114+00:00
open_ended_223,gpt2,5,open_ended,5.4844,0.9956461588541666,2026-08-09T17:34:23.446114+00:00
open_ended_223,gpt2,6,open_ended,5.4844,0.9903971354166666,2026-08-09T17:34:23.446114+00:00
open_ended_223,gpt2,7,open_ended,5.4844,0.9551188151041666,2026-08-09T17:34:23.446114+00:00
open_ended_223,gpt2,8,open_ended,5.4844,0.8554280598958334,2026-08-09T17:34:23.446114+00:00
open_ended_224,gpt2,5,open_ended,3.4023,0.9989420572916666,2026-08-09T17:34:23.446114+00:00
open_ended_224,gpt2,6,open_ended,3.4023,0.9980875651041666,2026-08-09T17:34:23.446114+00:00
open_ended_224,gpt2,7,open_ended,3.4023,0.9948323567708334,2026-08-09T17:34:23.446114+00:00
open_ended_224,gpt2,8,open_ended,3.4023,0.9840087890625,2026-08-09T17:34:23.446114+00:00
open_ended_225,gpt2,5,open_ended,6.3516,0.9971110026041666,2026-08-09T17:34:23.446114+00:00
open_ended_225,gpt2,6,open_ended,6.3516,0.993896484375,2026-08-09T17:34:23.446114+00:00
open_ended_225,gpt2,7,open_ended,6.3516,0.9750569661458334,2026-08-09T17:34:23.446114+00:00
open_ended_225,gpt2,8,open_ended,6.3516,0.9113362630208334,2026-08-09T17:34:23.446114+00:00
open_ended_226,gpt2,5,open_ended,6.1328,0.9979248046875,2026-08-09T17:34:23.446114+00:00
open_ended_226,gpt2,6,open_ended,6.1328,0.99609375,2026-08-09T17:34:23.446114+00:00
open_ended_226,gpt2,7,open_ended,6.1328,0.9892578125,2026-08-09T17:34:23.446114+00:00
open_ended_226,gpt2,8,open_ended,6.1328,0.9825032552083334,2026-08-09T17:34:23.446114+00:00
open_ended_227,gpt2,5,open_ended,6.1602,0.9978841145833334,2026-08-09T17:34:23.446114+00:00
open_ended_227,gpt2,6,open_ended,6.1602,0.994384765625,2026-08-09T17:34:23.446114+00:00
open_ended_227,gpt2,7,open_ended,6.1602,0.9761555989583334,2026-08-09T17:34:23.446114+00:00
open_ended_227,gpt2,8,open_ended,6.1602,0.9141845703125,2026-08-09T17:34:23.446114+00:00
open_ended_228,gpt2,5,open_ended,4.375,0.9988199869791666,2026-08-09T17:34:23.446114+00:00
open_ended_228,gpt2,6,open_ended,4.375,0.9959716796875,2026-08-09T17:34:23.446114+00:00
open_ended_228,gpt2,7,open_ended,4.375,0.9736328125,2026-08-09T17:34:23.446114+00:00
open_ended_228,gpt2,8,open_ended,4.375,0.8999837239583334,2026-08-09T17:34:23.446114+00:00
open_ended_229,gpt2,5,open_ended,3.916,0.998046875,2026-08-09T17:34:23.446114+00:00
open_ended_229,gpt2,6,open_ended,3.916,0.99658203125,2026-08-09T17:34:23.446114+00:00
open_ended_229,gpt2,7,open_ended,3.916,0.9927571614583334,2026-08-09T17:34:23.446114+00:00
open_ended_229,gpt2,8,open_ended,3.916,0.9834391276041666,2026-08-09T17:34:23.446114+00:00
open_ended_230,gpt2,5,open_ended,4.2422,0.997802734375,2026-08-09T17:34:23.446114+00:00
open_ended_230,gpt2,6,open_ended,4.2422,0.9969482421875,2026-08-09T17:34:23.446114+00:00
open_ended_230,gpt2,7,open_ended,4.2422,0.9938151041666666,2026-08-09T17:34:23.446114+00:00
open_ended_230,gpt2,8,open_ended,4.2422,0.9880777994791666,2026-08-09T17:34:23.446114+00:00
open_ended_231,gpt2,5,open_ended,6.7656,0.9983723958333334,2026-08-09T17:34:23.446114+00:00
open_ended_231,gpt2,6,open_ended,6.7656,0.994873046875,2026-08-09T17:34:23.446114+00:00
open_ended_231,gpt2,7,open_ended,6.7656,0.9798990885416666,2026-08-09T17:34:23.446114+00:00
open_ended_231,gpt2,8,open_ended,6.7656,0.9088541666666666,2026-08-09T17:34:23.446114+00:00
open_ended_232,gpt2,5,open_ended,5.3945,0.9974365234375,2026-08-09T17:34:23.446114+00:00
open_ended_232,gpt2,6,open_ended,5.3945,0.9940999348958334,2026-08-09T17:34:23.446114+00:00
open_ended_232,gpt2,7,open_ended,5.3945,0.978271484375,2026-08-09T17:34:23.446114+00:00
open_ended_232,gpt2,8,open_ended,5.3945,0.9420166015625,2026-08-09T17:34:23.446114+00:00
open_ended_233,gpt2,5,open_ended,5.8555,0.9986979166666666,2026-08-09T17:34:23.446114+00:00
open_ended_233,gpt2,6,open_ended,5.8555,0.9966634114583334,2026-08-09T17:34:23.446114+00:00
open_ended_233,gpt2,7,open_ended,5.8555,0.9896647135416666,2026-08-09T17:34:23.446114+00:00
open_ended_233,gpt2,8,open_ended,5.8555,0.9523518880208334,2026-08-09T17:34:23.446114+00:00
open_ended_234,gpt2,5,open_ended,4.5898,0.999267578125,2026-08-09T17:34:23.446114+00:00
open_ended_234,gpt2,6,open_ended,4.5898,0.9969482421875,2026-08-09T17:34:23.446114+00:00
open_ended_234,gpt2,7,open_ended,4.5898,0.986328125,2026-08-09T17:34:23.446114+00:00
open_ended_234,gpt2,8,open_ended,4.5898,0.9429524739583334,2026-08-09T17:34:23.446114+00:00
open_ended_235,gpt2,5,open_ended,3.6035,0.9964599609375,2026-08-09T17:34:23.446114+00:00
open_ended_235,gpt2,6,open_ended,3.6035,0.9923502604166666,2026-08-09T17:34:23.446114+00:00
open_ended_235,gpt2,7,open_ended,3.6035,0.98583984375,2026-08-09T17:34:23.446114+00:00
open_ended_235,gpt2,8,open_ended,3.6035,0.9404703776041666,2026-08-09T17:34:23.446114+00:00
open_ended_236,gpt2,5,open_ended,6.6914,0.9980061848958334,2026-08-09T17:34:23.446114+00:00
open_ended_236,gpt2,6,open_ended,6.6914,0.9949137369791666,2026-08-09T17:34:23.446114+00:00
open_ended_236,gpt2,7,open_ended,6.6914,0.9749755859375,2026-08-09T17:34:23.446114+00:00
open_ended_236,gpt2,8,open_ended,6.6914,0.8955485026041666,2026-08-09T17:34:23.446114+00:00
open_ended_237,gpt2,5,open_ended,6.1328,0.9973551432291666,2026-08-09T17:34:23.446114+00:00
open_ended_237,gpt2,6,open_ended,6.1328,0.9941813151041666,2026-08-09T17:34:23.446114+00:00
open_ended_237,gpt2,7,open_ended,6.1328,0.9843343098958334,2026-08-09T17:34:23.446114+00:00
open_ended_237,gpt2,8,open_ended,6.1328,0.9520263671875,2026-08-09T17:34:23.446114+00:00
open_ended_238,gpt2,5,open_ended,6.332,0.9965413411458334,2026-08-09T17:34:23.446114+00:00
open_ended_238,gpt2,6,open_ended,6.332,0.9933675130208334,2026-08-09T17:34:23.446114+00:00
open_ended_238,gpt2,7,open_ended,6.332,0.9654947916666666,2026-08-09T17:34:23.446114+00:00
open_ended_238,gpt2,8,open_ended,6.332,0.8795572916666666,2026-08-09T17:34:23.446114+00:00
open_ended_239,gpt2,5,open_ended,4.5039,0.9983317057291666,2026-08-09T17:34:23.446114+00:00
open_ended_239,gpt2,6,open_ended,4.5039,0.9982503255208334,2026-08-09T17:34:23.446114+00:00
open_ended_239,gpt2,7,open_ended,4.5039,0.9947102864583334,2026-08-09T17:34:23.446114+00:00
open_ended_239,gpt2,8,open_ended,4.5039,0.9890950520833334,2026-08-09T17:34:23.446114+00:00
open_ended_240,gpt2,5,open_ended,6.8984,0.9971923828125,2026-08-09T17:34:23.446114+00:00
open_ended_240,gpt2,6,open_ended,6.8984,0.9915771484375,2026-08-09T17:34:23.446114+00:00
open_ended_240,gpt2,7,open_ended,6.8984,0.9664306640625,2026-08-09T17:34:23.446114+00:00
open_ended_240,gpt2,8,open_ended,6.8984,0.8775227864583334,2026-08-09T17:34:23.446114+00:00
open_ended_241,gpt2,5,open_ended,5.6758,0.9974772135416666,2026-08-09T17:34:23.446114+00:00
open_ended_241,gpt2,6,open_ended,5.6758,0.9964192708333334,2026-08-09T17:34:23.446114+00:00
open_ended_241,gpt2,7,open_ended,5.6758,0.9889729817708334,2026-08-09T17:34:23.446114+00:00
open_ended_241,gpt2,8,open_ended,5.6758,0.9769287109375,2026-08-09T17:34:23.446114+00:00
open_ended_242,gpt2,5,open_ended,6.4297,0.9979654947916666,2026-08-09T17:34:23.446114+00:00
open_ended_242,gpt2,6,open_ended,6.4297,0.99365234375,2026-08-09T17:34:23.446114+00:00
open_ended_242,gpt2,7,open_ended,6.4297,0.9775797526041666,2026-08-09T17:34:23.446114+00:00
open_ended_242,gpt2,8,open_ended,6.4297,0.9213460286458334,2026-08-09T17:34:23.446114+00:00
open_ended_243,gpt2,5,open_ended,6.1953,0.9982096354166666,2026-08-09T17:34:23.446114+00:00
open_ended_243,gpt2,6,open_ended,6.1953,0.9952392578125,2026-08-09T17:34:23.446114+00:00
open_ended_243,gpt2,7,open_ended,6.1953,0.98193359375,2026-08-09T17:34:23.446114+00:00
open_ended_243,gpt2,8,open_ended,6.1953,0.9367268880208334,2026-08-09T17:34:23.446114+00:00
open_ended_244,gpt2,5,open_ended,4.5664,0.9993082682291666,2026-08-09T17:34:23.446114+00:00
open_ended_244,gpt2,6,open_ended,4.5664,0.9955240885416666,2026-08-09T17:34:23.446114+00:00
open_ended_244,gpt2,7,open_ended,4.5664,0.9760335286458334,2026-08-09T17:34:23.446114+00:00
open_ended_244,gpt2,8,open_ended,4.5664,0.9168294270833334,2026-08-09T17:34:23.446114+00:00
open_ended_245,gpt2,5,open_ended,5.2383,0.9989013671875,2026-08-09T17:34:23.446114+00:00
open_ended_245,gpt2,6,open_ended,5.2383,0.995361328125,2026-08-09T17:34:23.446114+00:00
open_ended_245,gpt2,7,open_ended,5.2383,0.9868570963541666,2026-08-09T17:34:23.446114+00:00
open_ended_245,gpt2,8,open_ended,5.2383,0.9722900390625,2026-08-09T17:34:23.446114+00:00
open_ended_246,gpt2,5,open_ended,6.2969,0.9954833984375,2026-08-09T17:34:23.446114+00:00
open_ended_246,gpt2,6,open_ended,6.2969,0.9867757161458334,2026-08-09T17:34:23.446114+00:00
open_ended_246,gpt2,7,open_ended,6.2969,0.9356282552083334,2026-08-09T17:34:23.446114+00:00
open_ended_246,gpt2,8,open_ended,6.2969,0.8209228515625,2026-08-09T17:34:23.446114+00:00
open_ended_247,gpt2,5,open_ended,3.8125,0.9983723958333334,2026-08-09T17:34:23.446114+00:00
open_ended_247,gpt2,6,open_ended,3.8125,0.9976399739583334,2026-08-09T17:34:23.446114+00:00
open_ended_247,gpt2,7,open_ended,3.8125,0.9892171223958334,2026-08-09T17:34:23.446114+00:00
open_ended_247,gpt2,8,open_ended,3.8125,0.9814453125,2026-08-09T17:34:23.446114+00:00
open_ended_248,gpt2,5,open_ended,6.2461,0.9973551432291666,2026-08-09T17:34:23.446114+00:00
open_ended_248,gpt2,6,open_ended,6.2461,0.994384765625,2026-08-09T17:34:23.446114+00:00
open_ended_248,gpt2,7,open_ended,6.2461,0.9817301432291666,2026-08-09T17:34:23.446114+00:00
open_ended_248,gpt2,8,open_ended,6.2461,0.9329020182291666,2026-08-09T17:34:23.446114+00:00
open_ended_249,gpt2,5,open_ended,6.7656,0.9962158203125,2026-08-09T17:34:23.446114+00:00
open_ended_249,gpt2,6,open_ended,6.7656,0.9899088541666666,2026-08-09T17:34:23.446114+00:00
open_ended_249,gpt2,7,open_ended,6.7656,0.94873046875,2026-08-09T17:34:23.446114+00:00
open_ended_249,gpt2,8,open_ended,6.7656,0.84326171875,2026-08-09T17:34:23.446114+00:00
open_ended_250,gpt2,5,open_ended,4.6367,0.9985758463541666,2026-08-09T17:34:23.446114+00:00
open_ended_250,gpt2,6,open_ended,4.6367,0.9965006510416666,2026-08-09T17:34:23.446114+00:00
open_ended_250,gpt2,7,open_ended,4.6367,0.9897867838541666,2026-08-09T17:34:23.446114+00:00
open_ended_250,gpt2,8,open_ended,4.6367,0.9738362630208334,2026-08-09T17:34:23.446114+00:00
adversarial_ambiguous_051,gpt2,5,adversarial_ambiguous,6.6875,0.997314453125,2026-08-09T17:34:23.446114+00:00
adversarial_ambiguous_051,gpt2,6,adversarial_ambiguous,6.6875,0.9943033854166666,2026-08-09T17:34:23.446114+00:00
adversarial_ambiguous_051,gpt2,7,adversarial_ambiguous,6.6875,0.9789632161458334,2026-08-09T17:34:23.446114+00:00
adversarial_ambiguous_051,gpt2,8,adversarial_ambiguous,6.6875,0.9456380208333334,2026-08-09T17:34:23.446114+00:00
adversarial_ambiguous_052,gpt2,5,adversarial_ambiguous,5.4883,0.9982503255208334,2026-08-09T17:34:23.446114+00:00
adversarial_ambiguous_052,gpt2,6,adversarial_ambiguous,5.4883,0.9962972005208334,2026-08-09T17:34:23.446114+00:00
adversarial_ambiguous_052,gpt2,7,adversarial_ambiguous,5.4883,0.9918619791666666,2026-08-09T17:34:23.446114+00:00
adversarial_ambiguous_052,gpt2,8,adversarial_ambiguous,5.4883,0.9839274088541666,2026-08-09T17:34:23.446114+00:00
adversarial_ambiguous_053,gpt2,5,adversarial_ambiguous,5.7266,0.9972737630208334,2026-08-09T17:34:23.446114+00:00
adversarial_ambiguous_053,gpt2,6,adversarial_ambiguous,5.7266,0.994140625,2026-08-09T17:34:23.446114+00:00
adversarial_ambiguous_053,gpt2,7,adversarial_ambiguous,5.7266,0.97265625,2026-08-09T17:34:23.446114+00:00
adversarial_ambiguous_053,gpt2,8,adversarial_ambiguous,5.7266,0.9018147786458334,2026-08-09T17:34:23.446114+00:00
adversarial_ambiguous_054,gpt2,5,adversarial_ambiguous,5.4375,0.997802734375,2026-08-09T17:34:23.446114+00:00
adversarial_ambiguous_054,gpt2,6,adversarial_ambiguous,5.4375,0.9962565104166666,2026-08-09T17:34:23.446114+00:00
adversarial_ambiguous_054,gpt2,7,adversarial_ambiguous,5.4375,0.9880777994791666,2026-08-09T17:34:23.446114+00:00
adversarial_ambiguous_054,gpt2,8,adversarial_ambiguous,5.4375,0.979248046875,2026-08-09T17:34:23.446114+00:00
adversarial_ambiguous_055,gpt2,5,adversarial_ambiguous,3.6934,0.9981689453125,2026-08-09T17:34:23.446114+00:00
adversarial_ambiguous_055,gpt2,6,adversarial_ambiguous,3.6934,0.9968668619791666,2026-08-09T17:34:23.446114+00:00
adversarial_ambiguous_055,gpt2,7,adversarial_ambiguous,3.6934,0.9921468098958334,2026-08-09T17:34:23.446114+00:00
adversarial_ambiguous_055,gpt2,8,adversarial_ambiguous,3.6934,0.987060546875,2026-08-09T17:34:23.446114+00:00
adversarial_ambiguous_056,gpt2,5,adversarial_ambiguous,3.8457,0.9975179036458334,2026-08-09T17:34:23.446114+00:00
adversarial_ambiguous_056,gpt2,6,adversarial_ambiguous,3.8457,0.9949951171875,2026-08-09T17:34:23.446114+00:00
adversarial_ambiguous_056,gpt2,7,adversarial_ambiguous,3.8457,0.9868977864583334,2026-08-09T17:34:23.446114+00:00
adversarial_ambiguous_056,gpt2,8,adversarial_ambiguous,3.8457,0.969970703125,2026-08-09T17:34:23.446114+00:00
adversarial_ambiguous_057,gpt2,5,adversarial_ambiguous,5.1992,0.9969889322916666,2026-08-09T17:34:23.446114+00:00
adversarial_ambiguous_057,gpt2,6,adversarial_ambiguous,5.1992,0.9917805989583334,2026-08-09T17:34:23.446114+00:00
adversarial_ambiguous_057,gpt2,7,adversarial_ambiguous,5.1992,0.9688720703125,2026-08-09T17:34:23.446114+00:00
adversarial_ambiguous_057,gpt2,8,adversarial_ambiguous,5.1992,0.931640625,2026-08-09T17:34:23.446114+00:00
adversarial_ambiguous_058,gpt2,5,adversarial_ambiguous,5.9258,0.9971110026041666,2026-08-09T17:34:23.446114+00:00
adversarial_ambiguous_058,gpt2,6,adversarial_ambiguous,5.9258,0.9917399088541666,2026-08-09T17:34:23.446114+00:00
adversarial_ambiguous_058,gpt2,7,adversarial_ambiguous,5.9258,0.9845784505208334,2026-08-09T17:34:23.446114+00:00
adversarial_ambiguous_058,gpt2,8,adversarial_ambiguous,5.9258,0.9796142578125,2026-08-09T17:34:23.446114+00:00
adversarial_ambiguous_059,gpt2,5,adversarial_ambiguous,6.0195,0.9962565104166666,2026-08-09T17:34:23.446114+00:00
adversarial_ambiguous_059,gpt2,6,adversarial_ambiguous,6.0195,0.9929606119791666,2026-08-09T17:34:23.446114+00:00
adversarial_ambiguous_059,gpt2,7,adversarial_ambiguous,6.0195,0.9768473307291666,2026-08-09T17:34:23.446114+00:00
adversarial_ambiguous_059,gpt2,8,adversarial_ambiguous,6.0195,0.9335530598958334,2026-08-09T17:34:23.446114+00:00
adversarial_ambiguous_060,gpt2,5,adversarial_ambiguous,3.7012,0.9982096354166666,2026-08-09T17:34:23.446114+00:00
adversarial_ambiguous_060,gpt2,6,adversarial_ambiguous,3.7012,0.9970296223958334,2026-08-09T17:34:23.446114+00:00
adversarial_ambiguous_060,gpt2,7,adversarial_ambiguous,3.7012,0.9923095703125,2026-08-09T17:34:23.446114+00:00
adversarial_ambiguous_060,gpt2,8,adversarial_ambiguous,3.7012,0.9833170572916666,2026-08-09T17:34:23.446114+00:00
adversarial_ambiguous_061,gpt2,5,adversarial_ambiguous,6.5117,0.9960530598958334,2026-08-09T17:34:23.446114+00:00
adversarial_ambiguous_061,gpt2,6,adversarial_ambiguous,6.5117,0.9911702473958334,2026-08-09T17:34:23.446114+00:00
adversarial_ambiguous_061,gpt2,7,adversarial_ambiguous,6.5117,0.9553629557291666,2026-08-09T17:34:23.446114+00:00
adversarial_ambiguous_061,gpt2,8,adversarial_ambiguous,6.5117,0.9100748697916666,2026-08-09T17:34:23.446114+00:00
adversarial_ambiguous_062,gpt2,5,adversarial_ambiguous,3.3203,0.9975179036458334,2026-08-09T17:34:23.446114+00:00
adversarial_ambiguous_062,gpt2,6,adversarial_ambiguous,3.3203,0.9943033854166666,2026-08-09T17:34:23.446114+00:00
adversarial_ambiguous_062,gpt2,7,adversarial_ambiguous,3.3203,0.9842936197916666,2026-08-09T17:34:23.446114+00:00
adversarial_ambiguous_062,gpt2,8,adversarial_ambiguous,3.3203,0.9749755859375,2026-08-09T17:34:23.446114+00:00
adversarial_ambiguous_063,gpt2,5,adversarial_ambiguous,3.25,0.998291015625,2026-08-09T17:34:23.446114+00:00
adversarial_ambiguous_063,gpt2,6,adversarial_ambiguous,3.25,0.9966634114583334,2026-08-09T17:34:23.446114+00:00
adversarial_ambiguous_063,gpt2,7,adversarial_ambiguous,3.25,0.990966796875,2026-08-09T17:34:23.446114+00:00
adversarial_ambiguous_063,gpt2,8,adversarial_ambiguous,3.25,0.9852294921875,2026-08-09T17:34:23.446114+00:00
adversarial_ambiguous_064,gpt2,5,adversarial_ambiguous,5.4766,0.99169921875,2026-08-09T17:34:23.446114+00:00
adversarial_ambiguous_064,gpt2,6,adversarial_ambiguous,5.4766,0.987548828125,2026-08-09T17:34:23.446114+00:00
adversarial_ambiguous_064,gpt2,7,adversarial_ambiguous,5.4766,0.9244791666666666,2026-08-09T17:34:23.446114+00:00
adversarial_ambiguous_064,gpt2,8,adversarial_ambiguous,5.4766,0.8641357421875,2026-08-09T17:34:23.446114+00:00
adversarial_ambiguous_065,gpt2,5,adversarial_ambiguous,6.2539,0.9950358072916666,2026-08-09T17:34:23.446114+00:00
adversarial_ambiguous_065,gpt2,6,adversarial_ambiguous,6.2539,0.992431640625,2026-08-09T17:34:23.446114+00:00
adversarial_ambiguous_065,gpt2,7,adversarial_ambiguous,6.2539,0.9519449869791666,2026-08-09T17:34:23.446114+00:00
adversarial_ambiguous_065,gpt2,8,adversarial_ambiguous,6.2539,0.8611246744791666,2026-08-09T17:34:23.446114+00:00
adversarial_ambiguous_066,gpt2,5,adversarial_ambiguous,5.5391,0.997802734375,2026-08-09T17:34:23.446114+00:00
adversarial_ambiguous_066,gpt2,6,adversarial_ambiguous,5.5391,0.9945068359375,2026-08-09T17:34:23.446114+00:00
adversarial_ambiguous_066,gpt2,7,adversarial_ambiguous,5.5391,0.9826253255208334,2026-08-09T17:34:23.446114+00:00
adversarial_ambiguous_066,gpt2,8,adversarial_ambiguous,5.5391,0.9510091145833334,2026-08-09T17:34:23.446114+00:00
adversarial_ambiguous_067,gpt2,5,adversarial_ambiguous,2.9629,0.9991048177083334,2026-08-09T17:34:23.446114+00:00
adversarial_ambiguous_067,gpt2,6,adversarial_ambiguous,2.9629,0.998046875,2026-08-09T17:34:23.446114+00:00
adversarial_ambiguous_067,gpt2,7,adversarial_ambiguous,2.9629,0.9969482421875,2026-08-09T17:34:23.446114+00:00
adversarial_ambiguous_067,gpt2,8,adversarial_ambiguous,2.9629,0.9950764973958334,2026-08-09T17:34:23.446114+00:00
adversarial_ambiguous_068,gpt2,5,adversarial_ambiguous,6.2539,0.9981689453125,2026-08-09T17:34:23.446114+00:00
adversarial_ambiguous_068,gpt2,6,adversarial_ambiguous,6.2539,0.9962972005208334,2026-08-09T17:34:23.446114+00:00
adversarial_ambiguous_068,gpt2,7,adversarial_ambiguous,6.2539,0.9853922526041666,2026-08-09T17:34:23.446114+00:00
adversarial_ambiguous_068,gpt2,8,adversarial_ambiguous,6.2539,0.970947265625,2026-08-09T17:34:23.446114+00:00
adversarial_ambiguous_069,gpt2,5,adversarial_ambiguous,3.459,0.9983317057291666,2026-08-09T17:34:23.446114+00:00
adversarial_ambiguous_069,gpt2,6,adversarial_ambiguous,3.459,0.9975992838541666,2026-08-09T17:34:23.446114+00:00
adversarial_ambiguous_069,gpt2,7,adversarial_ambiguous,3.459,0.9948323567708334,2026-08-09T17:34:23.446114+00:00
adversarial_ambiguous_069,gpt2,8,adversarial_ambiguous,3.459,0.9872639973958334,2026-08-09T17:34:23.446114+00:00
adversarial_ambiguous_070,gpt2,5,adversarial_ambiguous,5.8711,0.9979248046875,2026-08-09T17:34:23.446114+00:00
adversarial_ambiguous_070,gpt2,6,adversarial_ambiguous,5.8711,0.9943033854166666,2026-08-09T17:34:23.446114+00:00
adversarial_ambiguous_070,gpt2,7,adversarial_ambiguous,5.8711,0.9786783854166666,2026-08-09T17:34:23.446114+00:00
adversarial_ambiguous_070,gpt2,8,adversarial_ambiguous,5.8711,0.9283447265625,2026-08-09T17:34:23.446114+00:00
adversarial_ambiguous_071,gpt2,5,adversarial_ambiguous,4.0547,0.9977620442708334,2026-08-09T17:34:23.446114+00:00
adversarial_ambiguous_071,gpt2,6,adversarial_ambiguous,4.0547,0.9971516927083334,2026-08-09T17:34:23.446114+00:00
adversarial_ambiguous_071,gpt2,7,adversarial_ambiguous,4.0547,0.9913736979166666,2026-08-09T17:34:23.446114+00:00
adversarial_ambiguous_071,gpt2,8,adversarial_ambiguous,4.0547,0.9709065755208334,2026-08-09T17:34:23.446114+00:00
adversarial_ambiguous_072,gpt2,5,adversarial_ambiguous,5.7188,0.9981282552083334,2026-08-09T17:34:23.446114+00:00
adversarial_ambiguous_072,gpt2,6,adversarial_ambiguous,5.7188,0.9952799479166666,2026-08-09T17:34:23.446114+00:00
adversarial_ambiguous_072,gpt2,7,adversarial_ambiguous,5.7188,0.9758707682291666,2026-08-09T17:34:23.446114+00:00
adversarial_ambiguous_072,gpt2,8,adversarial_ambiguous,5.7188,0.9281412760416666,2026-08-09T17:34:23.446114+00:00
adversarial_ambiguous_073,gpt2,5,adversarial_ambiguous,4.2227,0.998291015625,2026-08-09T17:34:23.446114+00:00
adversarial_ambiguous_073,gpt2,6,adversarial_ambiguous,4.2227,0.9951578776041666,2026-08-09T17:34:23.446114+00:00
adversarial_ambiguous_073,gpt2,7,adversarial_ambiguous,4.2227,0.97509765625,2026-08-09T17:34:23.446114+00:00
adversarial_ambiguous_073,gpt2,8,adversarial_ambiguous,4.2227,0.9261067708333334,2026-08-09T17:34:23.446114+00:00
adversarial_ambiguous_074,gpt2,5,adversarial_ambiguous,5.4531,0.9966227213541666,2026-08-09T17:34:23.446114+00:00
adversarial_ambiguous_074,gpt2,6,adversarial_ambiguous,5.4531,0.9942626953125,2026-08-09T17:34:23.446114+00:00
adversarial_ambiguous_074,gpt2,7,adversarial_ambiguous,5.4531,0.9701334635416666,2026-08-09T17:34:23.446114+00:00
adversarial_ambiguous_074,gpt2,8,adversarial_ambiguous,5.4531,0.9211018880208334,2026-08-09T17:34:23.446114+00:00
adversarial_ambiguous_075,gpt2,5,adversarial_ambiguous,6.2578,0.9969889322916666,2026-08-09T17:34:23.446114+00:00
adversarial_ambiguous_075,gpt2,6,adversarial_ambiguous,6.2578,0.9943033854166666,2026-08-09T17:34:23.446114+00:00
adversarial_ambiguous_075,gpt2,7,adversarial_ambiguous,6.2578,0.9766845703125,2026-08-09T17:34:23.446114+00:00
adversarial_ambiguous_075,gpt2,8,adversarial_ambiguous,6.2578,0.9193929036458334,2026-08-09T17:34:23.446114+00:00
adversarial_ambiguous_076,gpt2,5,adversarial_ambiguous,2.0703,0.9978841145833334,2026-08-09T17:34:23.446114+00:00
adversarial_ambiguous_076,gpt2,6,adversarial_ambiguous,2.0703,0.9956461588541666,2026-08-09T17:34:23.446114+00:00
adversarial_ambiguous_076,gpt2,7,adversarial_ambiguous,2.0703,0.9948323567708334,2026-08-09T17:34:23.446114+00:00
adversarial_ambiguous_076,gpt2,8,adversarial_ambiguous,2.0703,0.9892985026041666,2026-08-09T17:34:23.446114+00:00
adversarial_ambiguous_077,gpt2,5,adversarial_ambiguous,5.2383,0.9972737630208334,2026-08-09T17:34:23.446114+00:00
adversarial_ambiguous_077,gpt2,6,adversarial_ambiguous,5.2383,0.9951171875,2026-08-09T17:34:23.446114+00:00
adversarial_ambiguous_077,gpt2,7,adversarial_ambiguous,5.2383,0.9871826171875,2026-08-09T17:34:23.446114+00:00
adversarial_ambiguous_077,gpt2,8,adversarial_ambiguous,5.2383,0.9503987630208334,2026-08-09T17:34:23.446114+00:00
adversarial_ambiguous_078,gpt2,5,adversarial_ambiguous,3.3516,0.9981282552083334,2026-08-09T17:34:23.446114+00:00
adversarial_ambiguous_078,gpt2,6,adversarial_ambiguous,3.3516,0.9971516927083334,2026-08-09T17:34:23.446114+00:00
adversarial_ambiguous_078,gpt2,7,adversarial_ambiguous,3.3516,0.9951985677083334,2026-08-09T17:34:23.446114+00:00
adversarial_ambiguous_078,gpt2,8,adversarial_ambiguous,3.3516,0.9901123046875,2026-08-09T17:34:23.446114+00:00
adversarial_ambiguous_079,gpt2,5,adversarial_ambiguous,5.3555,0.998046875,2026-08-09T17:34:23.446114+00:00
adversarial_ambiguous_079,gpt2,6,adversarial_ambiguous,5.3555,0.9934895833333334,2026-08-09T17:34:23.446114+00:00
adversarial_ambiguous_079,gpt2,7,adversarial_ambiguous,5.3555,0.9781494140625,2026-08-09T17:34:23.446114+00:00
adversarial_ambiguous_079,gpt2,8,adversarial_ambiguous,5.3555,0.9420572916666666,2026-08-09T17:34:23.446114+00:00
adversarial_ambiguous_080,gpt2,5,adversarial_ambiguous,3.4902,0.9971516927083334,2026-08-09T17:34:23.446114+00:00
adversarial_ambiguous_080,gpt2,6,adversarial_ambiguous,3.4902,0.9964599609375,2026-08-09T17:34:23.446114+00:00
adversarial_ambiguous_080,gpt2,7,adversarial_ambiguous,3.4902,0.9932047526041666,2026-08-09T17:34:23.446114+00:00
adversarial_ambiguous_080,gpt2,8,adversarial_ambiguous,3.4902,0.9906005859375,2026-08-09T17:34:23.446114+00:00
adversarial_ambiguous_081,gpt2,5,adversarial_ambiguous,5.0469,0.9990234375,2026-08-09T17:34:23.446114+00:00
adversarial_ambiguous_081,gpt2,6,adversarial_ambiguous,5.0469,0.99853515625,2026-08-09T17:34:23.446114+00:00
adversarial_ambiguous_081,gpt2,7,adversarial_ambiguous,5.0469,0.9962158203125,2026-08-09T17:34:23.446114+00:00
adversarial_ambiguous_081,gpt2,8,adversarial_ambiguous,5.0469,0.9931640625,2026-08-09T17:34:23.446114+00:00
adversarial_ambiguous_082,gpt2,5,adversarial_ambiguous,6.2109,0.997314453125,2026-08-09T17:34:23.446114+00:00
adversarial_ambiguous_082,gpt2,6,adversarial_ambiguous,6.2109,0.9955647786458334,2026-08-09T17:34:23.446114+00:00
adversarial_ambiguous_082,gpt2,7,adversarial_ambiguous,6.2109,0.9890543619791666,2026-08-09T17:34:23.446114+00:00
adversarial_ambiguous_082,gpt2,8,adversarial_ambiguous,6.2109,0.9727376302083334,2026-08-09T17:34:23.446114+00:00
adversarial_ambiguous_083,gpt2,5,adversarial_ambiguous,6.2031,0.9971923828125,2026-08-09T17:34:23.446114+00:00
adversarial_ambiguous_083,gpt2,6,adversarial_ambiguous,6.2031,0.9949137369791666,2026-08-09T17:34:23.446114+00:00
adversarial_ambiguous_083,gpt2,7,adversarial_ambiguous,6.2031,0.9739990234375,2026-08-09T17:34:23.446114+00:00
adversarial_ambiguous_083,gpt2,8,adversarial_ambiguous,6.2031,0.9316813151041666,2026-08-09T17:34:23.446114+00:00
adversarial_ambiguous_084,gpt2,5,adversarial_ambiguous,5.4258,0.9969889322916666,2026-08-09T17:34:23.446114+00:00
adversarial_ambiguous_084,gpt2,6,adversarial_ambiguous,5.4258,0.9947916666666666,2026-08-09T17:34:23.446114+00:00
adversarial_ambiguous_084,gpt2,7,adversarial_ambiguous,5.4258,0.9876708984375,2026-08-09T17:34:23.446114+00:00
adversarial_ambiguous_084,gpt2,8,adversarial_ambiguous,5.4258,0.9741617838541666,2026-08-09T17:34:23.446114+00:00
adversarial_ambiguous_085,gpt2,5,adversarial_ambiguous,5.9492,0.998046875,2026-08-09T17:34:23.446114+00:00
adversarial_ambiguous_085,gpt2,6,adversarial_ambiguous,5.9492,0.9941813151041666,2026-08-09T17:34:23.446114+00:00
adversarial_ambiguous_085,gpt2,7,adversarial_ambiguous,5.9492,0.9807535807291666,2026-08-09T17:34:23.446114+00:00
adversarial_ambiguous_085,gpt2,8,adversarial_ambiguous,5.9492,0.9376220703125,2026-08-09T17:34:23.446114+00:00
adversarial_ambiguous_086,gpt2,5,adversarial_ambiguous,5.0586,0.9994710286458334,2026-08-09T17:34:23.446114+00:00
adversarial_ambiguous_086,gpt2,6,adversarial_ambiguous,5.0586,0.9986165364583334,2026-08-09T17:34:23.446114+00:00
adversarial_ambiguous_086,gpt2,7,adversarial_ambiguous,5.0586,0.99462890625,2026-08-09T17:34:23.446114+00:00
adversarial_ambiguous_086,gpt2,8,adversarial_ambiguous,5.0586,0.9864095052083334,2026-08-09T17:34:23.446114+00:00
adversarial_ambiguous_087,gpt2,5,adversarial_ambiguous,6.1367,0.998291015625,2026-08-09T17:34:23.446114+00:00
adversarial_ambiguous_087,gpt2,6,adversarial_ambiguous,6.1367,0.9959309895833334,2026-08-09T17:34:23.446114+00:00
adversarial_ambiguous_087,gpt2,7,adversarial_ambiguous,6.1367,0.9843343098958334,2026-08-09T17:34:23.446114+00:00
adversarial_ambiguous_087,gpt2,8,adversarial_ambiguous,6.1367,0.9498291015625,2026-08-09T17:34:23.446114+00:00
adversarial_ambiguous_088,gpt2,5,adversarial_ambiguous,4.6758,0.9977213541666666,2026-08-09T17:34:23.446114+00:00
adversarial_ambiguous_088,gpt2,6,adversarial_ambiguous,4.6758,0.9965413411458334,2026-08-09T17:34:23.446114+00:00
adversarial_ambiguous_088,gpt2,7,adversarial_ambiguous,4.6758,0.9910888671875,2026-08-09T17:34:23.446114+00:00
adversarial_ambiguous_088,gpt2,8,adversarial_ambiguous,4.6758,0.9840901692708334,2026-08-09T17:34:23.446114+00:00
adversarial_ambiguous_089,gpt2,5,adversarial_ambiguous,6.0117,0.9976806640625,2026-08-09T17:34:23.446114+00:00
adversarial_ambiguous_089,gpt2,6,adversarial_ambiguous,6.0117,0.9955240885416666,2026-08-09T17:34:23.446114+00:00
adversarial_ambiguous_089,gpt2,7,adversarial_ambiguous,6.0117,0.9878743489583334,2026-08-09T17:34:23.446114+00:00
adversarial_ambiguous_089,gpt2,8,adversarial_ambiguous,6.0117,0.9714762369791666,2026-08-09T17:34:23.446114+00:00
adversarial_ambiguous_090,gpt2,5,adversarial_ambiguous,6.1562,0.9951985677083334,2026-08-09T17:34:23.446114+00:00
adversarial_ambiguous_090,gpt2,6,adversarial_ambiguous,6.1562,0.991943359375,2026-08-09T17:34:23.446114+00:00
adversarial_ambiguous_090,gpt2,7,adversarial_ambiguous,6.1562,0.9781901041666666,2026-08-09T17:34:23.446114+00:00
adversarial_ambiguous_090,gpt2,8,adversarial_ambiguous,6.1562,0.939208984375,2026-08-09T17:34:23.446114+00:00
adversarial_ambiguous_091,gpt2,5,adversarial_ambiguous,6.2539,0.9983723958333334,2026-08-09T17:34:23.446114+00:00
adversarial_ambiguous_091,gpt2,6,adversarial_ambiguous,6.2539,0.9959309895833334,2026-08-09T17:34:23.446114+00:00
adversarial_ambiguous_091,gpt2,7,adversarial_ambiguous,6.2539,0.9827880859375,2026-08-09T17:34:23.446114+00:00
adversarial_ambiguous_091,gpt2,8,adversarial_ambiguous,6.2539,0.9051920572916666,2026-08-09T17:34:23.446114+00:00
adversarial_ambiguous_092,gpt2,5,adversarial_ambiguous,2.2871,0.9978841145833334,2026-08-09T17:34:23.446114+00:00
adversarial_ambiguous_092,gpt2,6,adversarial_ambiguous,2.2871,0.9968668619791666,2026-08-09T17:34:23.446114+00:00
adversarial_ambiguous_092,gpt2,7,adversarial_ambiguous,2.2871,0.9923502604166666,2026-08-09T17:34:23.446114+00:00
adversarial_ambiguous_092,gpt2,8,adversarial_ambiguous,2.2871,0.977783203125,2026-08-09T17:34:23.446114+00:00
adversarial_ambiguous_093,gpt2,5,adversarial_ambiguous,6.3711,0.9974365234375,2026-08-09T17:34:23.446114+00:00
adversarial_ambiguous_093,gpt2,6,adversarial_ambiguous,6.3711,0.9945068359375,2026-08-09T17:34:23.446114+00:00
adversarial_ambiguous_093,gpt2,7,adversarial_ambiguous,6.3711,0.9789225260416666,2026-08-09T17:34:23.446114+00:00
adversarial_ambiguous_093,gpt2,8,adversarial_ambiguous,6.3711,0.912109375,2026-08-09T17:34:23.446114+00:00
adversarial_ambiguous_094,gpt2,5,adversarial_ambiguous,5.5586,0.9968668619791666,2026-08-09T17:34:23.446114+00:00
adversarial_ambiguous_094,gpt2,6,adversarial_ambiguous,5.5586,0.9949951171875,2026-08-09T17:34:23.446114+00:00
adversarial_ambiguous_094,gpt2,7,adversarial_ambiguous,5.5586,0.988525390625,2026-08-09T17:34:23.446114+00:00
adversarial_ambiguous_094,gpt2,8,adversarial_ambiguous,5.5586,0.9767659505208334,2026-08-09T17:34:23.446114+00:00
adversarial_ambiguous_095,gpt2,5,adversarial_ambiguous,5.8359,0.9974365234375,2026-08-09T17:34:23.446114+00:00
adversarial_ambiguous_095,gpt2,6,adversarial_ambiguous,5.8359,0.9943440755208334,2026-08-09T17:34:23.446114+00:00
adversarial_ambiguous_095,gpt2,7,adversarial_ambiguous,5.8359,0.9798177083333334,2026-08-09T17:34:23.446114+00:00
adversarial_ambiguous_095,gpt2,8,adversarial_ambiguous,5.8359,0.9442138671875,2026-08-09T17:34:23.446114+00:00
adversarial_ambiguous_096,gpt2,5,adversarial_ambiguous,3.6426,0.9972737630208334,2026-08-09T17:34:23.446114+00:00
adversarial_ambiguous_096,gpt2,6,adversarial_ambiguous,3.6426,0.9961751302083334,2026-08-09T17:34:23.446114+00:00
adversarial_ambiguous_096,gpt2,7,adversarial_ambiguous,3.6426,0.9933675130208334,2026-08-09T17:34:23.446114+00:00
adversarial_ambiguous_096,gpt2,8,adversarial_ambiguous,3.6426,0.9884440104166666,2026-08-09T17:34:23.446114+00:00
adversarial_ambiguous_097,gpt2,5,adversarial_ambiguous,5.8477,0.9973551432291666,2026-08-09T17:34:23.446114+00:00
adversarial_ambiguous_097,gpt2,6,adversarial_ambiguous,5.8477,0.9945475260416666,2026-08-09T17:34:23.446114+00:00
adversarial_ambiguous_097,gpt2,7,adversarial_ambiguous,5.8477,0.9799397786458334,2026-08-09T17:34:23.446114+00:00
adversarial_ambiguous_097,gpt2,8,adversarial_ambiguous,5.8477,0.9326985677083334,2026-08-09T17:34:23.446114+00:00
adversarial_ambiguous_098,gpt2,5,adversarial_ambiguous,5.3086,0.9968668619791666,2026-08-09T17:34:23.446114+00:00
adversarial_ambiguous_098,gpt2,6,adversarial_ambiguous,5.3086,0.9947916666666666,2026-08-09T17:34:23.446114+00:00
adversarial_ambiguous_098,gpt2,7,adversarial_ambiguous,5.3086,0.9853108723958334,2026-08-09T17:34:23.446114+00:00
adversarial_ambiguous_098,gpt2,8,adversarial_ambiguous,5.3086,0.975341796875,2026-08-09T17:34:23.446114+00:00
adversarial_ambiguous_099,gpt2,5,adversarial_ambiguous,5.8711,0.99658203125,2026-08-09T17:34:23.446114+00:00
adversarial_ambiguous_099,gpt2,6,adversarial_ambiguous,5.8711,0.9938151041666666,2026-08-09T17:34:23.446114+00:00
adversarial_ambiguous_099,gpt2,7,adversarial_ambiguous,5.8711,0.9701741536458334,2026-08-09T17:34:23.446114+00:00
adversarial_ambiguous_099,gpt2,8,adversarial_ambiguous,5.8711,0.9221598307291666,2026-08-09T17:34:23.446114+00:00
adversarial_ambiguous_100,gpt2,5,adversarial_ambiguous,5.6875,0.9969482421875,2026-08-09T17:34:23.446114+00:00
adversarial_ambiguous_100,gpt2,6,adversarial_ambiguous,5.6875,0.9955240885416666,2026-08-09T17:34:23.446114+00:00
adversarial_ambiguous_100,gpt2,7,adversarial_ambiguous,5.6875,0.9888916015625,2026-08-09T17:34:23.446114+00:00
adversarial_ambiguous_100,gpt2,8,adversarial_ambiguous,5.6875,0.9618733723958334,2026-08-09T17:34:23.446114+00:00
adversarial_ambiguous_101,gpt2,5,adversarial_ambiguous,6.9375,0.9982503255208334,2026-08-09T17:34:23.446114+00:00
adversarial_ambiguous_101,gpt2,6,adversarial_ambiguous,6.9375,0.9955240885416666,2026-08-09T17:34:23.446114+00:00
adversarial_ambiguous_101,gpt2,7,adversarial_ambiguous,6.9375,0.9842529296875,2026-08-09T17:34:23.446114+00:00
adversarial_ambiguous_101,gpt2,8,adversarial_ambiguous,6.9375,0.9625651041666666,2026-08-09T17:34:23.446114+00:00
adversarial_ambiguous_102,gpt2,5,adversarial_ambiguous,5.4258,0.9987386067708334,2026-08-09T17:34:23.446114+00:00
adversarial_ambiguous_102,gpt2,6,adversarial_ambiguous,5.4258,0.997314453125,2026-08-09T17:34:23.446114+00:00
adversarial_ambiguous_102,gpt2,7,adversarial_ambiguous,5.4258,0.9942626953125,2026-08-09T17:34:23.446114+00:00
adversarial_ambiguous_102,gpt2,8,adversarial_ambiguous,5.4258,0.9885660807291666,2026-08-09T17:34:23.446114+00:00
adversarial_ambiguous_103,gpt2,5,adversarial_ambiguous,6.2852,0.9977213541666666,2026-08-09T17:34:23.446114+00:00
adversarial_ambiguous_103,gpt2,6,adversarial_ambiguous,6.2852,0.9944254557291666,2026-08-09T17:34:23.446114+00:00
adversarial_ambiguous_103,gpt2,7,adversarial_ambiguous,6.2852,0.9823404947916666,2026-08-09T17:34:23.446114+00:00
adversarial_ambiguous_103,gpt2,8,adversarial_ambiguous,6.2852,0.9465738932291666,2026-08-09T17:34:23.446114+00:00
adversarial_ambiguous_104,gpt2,5,adversarial_ambiguous,5.668,0.9983317057291666,2026-08-09T17:34:23.446114+00:00
adversarial_ambiguous_104,gpt2,6,adversarial_ambiguous,5.668,0.9969075520833334,2026-08-09T17:34:23.446114+00:00
adversarial_ambiguous_104,gpt2,7,adversarial_ambiguous,5.668,0.99169921875,2026-08-09T17:34:23.446114+00:00
adversarial_ambiguous_104,gpt2,8,adversarial_ambiguous,5.668,0.9842529296875,2026-08-09T17:34:23.446114+00:00
adversarial_ambiguous_105,gpt2,5,adversarial_ambiguous,4.4688,0.998291015625,2026-08-09T17:34:23.446114+00:00
adversarial_ambiguous_105,gpt2,6,adversarial_ambiguous,4.4688,0.9963785807291666,2026-08-09T17:34:23.446114+00:00
adversarial_ambiguous_105,gpt2,7,adversarial_ambiguous,4.4688,0.9919026692708334,2026-08-09T17:34:23.446114+00:00
adversarial_ambiguous_105,gpt2,8,adversarial_ambiguous,4.4688,0.98681640625,2026-08-09T17:34:23.446114+00:00
adversarial_ambiguous_106,gpt2,5,adversarial_ambiguous,4.0586,0.9980875651041666,2026-08-09T17:34:23.446114+00:00
adversarial_ambiguous_106,gpt2,6,adversarial_ambiguous,4.0586,0.99609375,2026-08-09T17:34:23.446114+00:00
adversarial_ambiguous_106,gpt2,7,adversarial_ambiguous,4.0586,0.9899495442708334,2026-08-09T17:34:23.446114+00:00
adversarial_ambiguous_106,gpt2,8,adversarial_ambiguous,4.0586,0.9778238932291666,2026-08-09T17:34:23.446114+00:00
adversarial_ambiguous_107,gpt2,5,adversarial_ambiguous,6.1836,0.9974365234375,2026-08-09T17:34:23.446114+00:00
adversarial_ambiguous_107,gpt2,6,adversarial_ambiguous,6.1836,0.9931233723958334,2026-08-09T17:34:23.446114+00:00
adversarial_ambiguous_107,gpt2,7,adversarial_ambiguous,6.1836,0.9732666015625,2026-08-09T17:34:23.446114+00:00
adversarial_ambiguous_107,gpt2,8,adversarial_ambiguous,6.1836,0.9481201171875,2026-08-09T17:34:23.446114+00:00
adversarial_ambiguous_108,gpt2,5,adversarial_ambiguous,6.0859,0.9977213541666666,2026-08-09T17:34:23.446114+00:00
adversarial_ambiguous_108,gpt2,6,adversarial_ambiguous,6.0859,0.9932454427083334,2026-08-09T17:34:23.446114+00:00
adversarial_ambiguous_108,gpt2,7,adversarial_ambiguous,6.0859,0.989013671875,2026-08-09T17:34:23.446114+00:00
adversarial_ambiguous_108,gpt2,8,adversarial_ambiguous,6.0859,0.984619140625,2026-08-09T17:34:23.446114+00:00
adversarial_ambiguous_109,gpt2,5,adversarial_ambiguous,6.2109,0.996826171875,2026-08-09T17:34:23.446114+00:00
adversarial_ambiguous_109,gpt2,6,adversarial_ambiguous,6.2109,0.9932861328125,2026-08-09T17:34:23.446114+00:00
adversarial_ambiguous_109,gpt2,7,adversarial_ambiguous,6.2109,0.9822184244791666,2026-08-09T17:34:23.446114+00:00
adversarial_ambiguous_109,gpt2,8,adversarial_ambiguous,6.2109,0.9632161458333334,2026-08-09T17:34:23.446114+00:00
adversarial_ambiguous_110,gpt2,5,adversarial_ambiguous,3.7754,0.9984537760416666,2026-08-09T17:34:23.446114+00:00
adversarial_ambiguous_110,gpt2,6,adversarial_ambiguous,3.7754,0.9973551432291666,2026-08-09T17:34:23.446114+00:00
adversarial_ambiguous_110,gpt2,7,adversarial_ambiguous,3.7754,0.993896484375,2026-08-09T17:34:23.446114+00:00
adversarial_ambiguous_110,gpt2,8,adversarial_ambiguous,3.7754,0.9871419270833334,2026-08-09T17:34:23.446114+00:00
adversarial_ambiguous_111,gpt2,5,adversarial_ambiguous,6.4297,0.995849609375,2026-08-09T17:34:23.446114+00:00
adversarial_ambiguous_111,gpt2,6,adversarial_ambiguous,6.4297,0.991943359375,2026-08-09T17:34:23.446114+00:00
adversarial_ambiguous_111,gpt2,7,adversarial_ambiguous,6.4297,0.9661865234375,2026-08-09T17:34:23.446114+00:00
adversarial_ambiguous_111,gpt2,8,adversarial_ambiguous,6.4297,0.9361572265625,2026-08-09T17:34:23.446114+00:00
adversarial_ambiguous_112,gpt2,5,adversarial_ambiguous,3.3848,0.9984944661458334,2026-08-09T17:34:23.446114+00:00
adversarial_ambiguous_112,gpt2,6,adversarial_ambiguous,3.3848,0.995361328125,2026-08-09T17:34:23.446114+00:00
adversarial_ambiguous_112,gpt2,7,adversarial_ambiguous,3.3848,0.9846598307291666,2026-08-09T17:34:23.446114+00:00
adversarial_ambiguous_112,gpt2,8,adversarial_ambiguous,3.3848,0.97705078125,2026-08-09T17:34:23.446114+00:00
adversarial_ambiguous_113,gpt2,5,adversarial_ambiguous,3.2051,0.9984537760416666,2026-08-09T17:34:23.446114+00:00
adversarial_ambiguous_113,gpt2,6,adversarial_ambiguous,3.2051,0.9967447916666666,2026-08-09T17:34:23.446114+00:00
adversarial_ambiguous_113,gpt2,7,adversarial_ambiguous,3.2051,0.9911295572916666,2026-08-09T17:34:23.446114+00:00
adversarial_ambiguous_113,gpt2,8,adversarial_ambiguous,3.2051,0.9862874348958334,2026-08-09T17:34:23.446114+00:00
adversarial_ambiguous_114,gpt2,5,adversarial_ambiguous,5.3672,0.9936930338541666,2026-08-09T17:34:23.446114+00:00
adversarial_ambiguous_114,gpt2,6,adversarial_ambiguous,5.3672,0.9910074869791666,2026-08-09T17:34:23.446114+00:00
adversarial_ambiguous_114,gpt2,7,adversarial_ambiguous,5.3672,0.9456787109375,2026-08-09T17:34:23.446114+00:00
adversarial_ambiguous_114,gpt2,8,adversarial_ambiguous,5.3672,0.9082438151041666,2026-08-09T17:34:23.446114+00:00
adversarial_ambiguous_115,gpt2,5,adversarial_ambiguous,6.4609,0.9964192708333334,2026-08-09T17:34:23.446114+00:00
adversarial_ambiguous_115,gpt2,6,adversarial_ambiguous,6.4609,0.9946695963541666,2026-08-09T17:34:23.446114+00:00
adversarial_ambiguous_115,gpt2,7,adversarial_ambiguous,6.4609,0.967529296875,2026-08-09T17:34:23.446114+00:00
adversarial_ambiguous_115,gpt2,8,adversarial_ambiguous,6.4609,0.9066569010416666,2026-08-09T17:34:23.446114+00:00
adversarial_ambiguous_116,gpt2,5,adversarial_ambiguous,5.6719,0.9980061848958334,2026-08-09T17:34:23.446114+00:00
adversarial_ambiguous_116,gpt2,6,adversarial_ambiguous,5.6719,0.9956461588541666,2026-08-09T17:34:23.446114+00:00
adversarial_ambiguous_116,gpt2,7,adversarial_ambiguous,5.6719,0.9881184895833334,2026-08-09T17:34:23.446114+00:00
adversarial_ambiguous_116,gpt2,8,adversarial_ambiguous,5.6719,0.970458984375,2026-08-09T17:34:23.446114+00:00
adversarial_ambiguous_117,gpt2,5,adversarial_ambiguous,2.8594,0.999267578125,2026-08-09T17:34:23.446114+00:00
adversarial_ambiguous_117,gpt2,6,adversarial_ambiguous,2.8594,0.9985758463541666,2026-08-09T17:34:23.446114+00:00
adversarial_ambiguous_117,gpt2,7,adversarial_ambiguous,2.8594,0.99755859375,2026-08-09T17:34:23.446114+00:00
adversarial_ambiguous_117,gpt2,8,adversarial_ambiguous,2.8594,0.9958089192708334,2026-08-09T17:34:23.446114+00:00
adversarial_ambiguous_118,gpt2,5,adversarial_ambiguous,6.4141,0.9984944661458334,2026-08-09T17:34:23.446114+00:00
adversarial_ambiguous_118,gpt2,6,adversarial_ambiguous,6.4141,0.9959309895833334,2026-08-09T17:34:23.446114+00:00
adversarial_ambiguous_118,gpt2,7,adversarial_ambiguous,6.4141,0.9904378255208334,2026-08-09T17:34:23.446114+00:00
adversarial_ambiguous_118,gpt2,8,adversarial_ambiguous,6.4141,0.979736328125,2026-08-09T17:34:23.446114+00:00
adversarial_ambiguous_119,gpt2,5,adversarial_ambiguous,3.6055,0.998779296875,2026-08-09T17:34:23.446114+00:00
adversarial_ambiguous_119,gpt2,6,adversarial_ambiguous,3.6055,0.9980061848958334,2026-08-09T17:34:23.446114+00:00
adversarial_ambiguous_119,gpt2,7,adversarial_ambiguous,3.6055,0.9957275390625,2026-08-09T17:34:23.446114+00:00
adversarial_ambiguous_119,gpt2,8,adversarial_ambiguous,3.6055,0.9889729817708334,2026-08-09T17:34:23.446114+00:00
adversarial_ambiguous_120,gpt2,5,adversarial_ambiguous,5.8281,0.9979654947916666,2026-08-09T17:34:23.446114+00:00
adversarial_ambiguous_120,gpt2,6,adversarial_ambiguous,5.8281,0.9935709635416666,2026-08-09T17:34:23.446114+00:00
adversarial_ambiguous_120,gpt2,7,adversarial_ambiguous,5.8281,0.9803873697916666,2026-08-09T17:34:23.446114+00:00
adversarial_ambiguous_120,gpt2,8,adversarial_ambiguous,5.8281,0.9444173177083334,2026-08-09T17:34:23.446114+00:00
adversarial_ambiguous_121,gpt2,5,adversarial_ambiguous,4.0234,0.9982096354166666,2026-08-09T17:34:23.446114+00:00
adversarial_ambiguous_121,gpt2,6,adversarial_ambiguous,4.0234,0.9976806640625,2026-08-09T17:34:23.446114+00:00
adversarial_ambiguous_121,gpt2,7,adversarial_ambiguous,4.0234,0.9930013020833334,2026-08-09T17:34:23.446114+00:00
adversarial_ambiguous_121,gpt2,8,adversarial_ambiguous,4.0234,0.9753011067708334,2026-08-09T17:34:23.446114+00:00
adversarial_ambiguous_122,gpt2,5,adversarial_ambiguous,5.8164,0.9984944661458334,2026-08-09T17:34:23.446114+00:00
adversarial_ambiguous_122,gpt2,6,adversarial_ambiguous,5.8164,0.9966634114583334,2026-08-09T17:34:23.446114+00:00
adversarial_ambiguous_122,gpt2,7,adversarial_ambiguous,5.8164,0.98583984375,2026-08-09T17:34:23.446114+00:00
adversarial_ambiguous_122,gpt2,8,adversarial_ambiguous,5.8164,0.9555257161458334,2026-08-09T17:34:23.446114+00:00
adversarial_ambiguous_123,gpt2,5,adversarial_ambiguous,5.0273,0.9985758463541666,2026-08-09T17:34:23.446114+00:00
adversarial_ambiguous_123,gpt2,6,adversarial_ambiguous,5.0273,0.99658203125,2026-08-09T17:34:23.446114+00:00
adversarial_ambiguous_123,gpt2,7,adversarial_ambiguous,5.0273,0.9864908854166666,2026-08-09T17:34:23.446114+00:00
adversarial_ambiguous_123,gpt2,8,adversarial_ambiguous,5.0273,0.9643961588541666,2026-08-09T17:34:23.446114+00:00
adversarial_ambiguous_124,gpt2,5,adversarial_ambiguous,6.3242,0.9972330729166666,2026-08-09T17:34:23.446114+00:00
adversarial_ambiguous_124,gpt2,6,adversarial_ambiguous,6.3242,0.9946695963541666,2026-08-09T17:34:23.446114+00:00
adversarial_ambiguous_124,gpt2,7,adversarial_ambiguous,6.3242,0.9799397786458334,2026-08-09T17:34:23.446114+00:00
adversarial_ambiguous_124,gpt2,8,adversarial_ambiguous,6.3242,0.9473063151041666,2026-08-09T17:34:23.446114+00:00
adversarial_ambiguous_125,gpt2,5,adversarial_ambiguous,6.4414,0.9977213541666666,2026-08-09T17:34:23.446114+00:00
adversarial_ambiguous_125,gpt2,6,adversarial_ambiguous,6.4414,0.9949137369791666,2026-08-09T17:34:23.446114+00:00
adversarial_ambiguous_125,gpt2,7,adversarial_ambiguous,6.4414,0.9838053385416666,2026-08-09T17:34:23.446114+00:00
adversarial_ambiguous_125,gpt2,8,adversarial_ambiguous,6.4414,0.9450276692708334,2026-08-09T17:34:23.446114+00:00
adversarial_ambiguous_126,gpt2,5,adversarial_ambiguous,2.8926,0.9984537760416666,2026-08-09T17:34:23.446114+00:00
adversarial_ambiguous_126,gpt2,6,adversarial_ambiguous,2.8926,0.9960123697916666,2026-08-09T17:34:23.446114+00:00
adversarial_ambiguous_126,gpt2,7,adversarial_ambiguous,2.8926,0.9944254557291666,2026-08-09T17:34:23.446114+00:00
adversarial_ambiguous_126,gpt2,8,adversarial_ambiguous,2.8926,0.9905192057291666,2026-08-09T17:34:23.446114+00:00
adversarial_ambiguous_127,gpt2,5,adversarial_ambiguous,5.6641,0.9979654947916666,2026-08-09T17:34:23.446114+00:00
adversarial_ambiguous_127,gpt2,6,adversarial_ambiguous,5.6641,0.9959309895833334,2026-08-09T17:34:23.446114+00:00
adversarial_ambiguous_127,gpt2,7,adversarial_ambiguous,5.6641,0.9905598958333334,2026-08-09T17:34:23.446114+00:00
adversarial_ambiguous_127,gpt2,8,adversarial_ambiguous,5.6641,0.9678955078125,2026-08-09T17:34:23.446114+00:00
adversarial_ambiguous_128,gpt2,5,adversarial_ambiguous,3.7598,0.9984537760416666,2026-08-09T17:34:23.446114+00:00
adversarial_ambiguous_128,gpt2,6,adversarial_ambiguous,3.7598,0.9978434244791666,2026-08-09T17:34:23.446114+00:00
adversarial_ambiguous_128,gpt2,7,adversarial_ambiguous,3.7598,0.995849609375,2026-08-09T17:34:23.446114+00:00
adversarial_ambiguous_128,gpt2,8,adversarial_ambiguous,3.7598,0.9922281901041666,2026-08-09T17:34:23.446114+00:00
adversarial_ambiguous_129,gpt2,5,adversarial_ambiguous,5.8359,0.9980875651041666,2026-08-09T17:34:23.446114+00:00
adversarial_ambiguous_129,gpt2,6,adversarial_ambiguous,5.8359,0.9940185546875,2026-08-09T17:34:23.446114+00:00
adversarial_ambiguous_129,gpt2,7,adversarial_ambiguous,5.8359,0.9860026041666666,2026-08-09T17:34:23.446114+00:00
adversarial_ambiguous_129,gpt2,8,adversarial_ambiguous,5.8359,0.9693603515625,2026-08-09T17:34:23.446114+00:00
adversarial_ambiguous_130,gpt2,5,adversarial_ambiguous,3.6953,0.9983723958333334,2026-08-09T17:34:23.446114+00:00
adversarial_ambiguous_130,gpt2,6,adversarial_ambiguous,3.6953,0.9972330729166666,2026-08-09T17:34:23.446114+00:00
adversarial_ambiguous_130,gpt2,7,adversarial_ambiguous,3.6953,0.99365234375,2026-08-09T17:34:23.446114+00:00
adversarial_ambiguous_130,gpt2,8,adversarial_ambiguous,3.6953,0.9925944010416666,2026-08-09T17:34:23.446114+00:00
adversarial_ambiguous_131,gpt2,5,adversarial_ambiguous,5.1289,0.99951171875,2026-08-09T17:34:23.446114+00:00
adversarial_ambiguous_131,gpt2,6,adversarial_ambiguous,5.1289,0.9989420572916666,2026-08-09T17:34:23.446114+00:00
adversarial_ambiguous_131,gpt2,7,adversarial_ambiguous,5.1289,0.9970296223958334,2026-08-09T17:34:23.446114+00:00
adversarial_ambiguous_131,gpt2,8,adversarial_ambiguous,5.1289,0.9942220052083334,2026-08-09T17:34:23.446114+00:00
adversarial_ambiguous_132,gpt2,5,adversarial_ambiguous,5.9727,0.9980061848958334,2026-08-09T17:34:23.446114+00:00
adversarial_ambiguous_132,gpt2,6,adversarial_ambiguous,5.9727,0.9962972005208334,2026-08-09T17:34:23.446114+00:00
adversarial_ambiguous_132,gpt2,7,adversarial_ambiguous,5.9727,0.9918619791666666,2026-08-09T17:34:23.446114+00:00
adversarial_ambiguous_132,gpt2,8,adversarial_ambiguous,5.9727,0.9801025390625,2026-08-09T17:34:23.446114+00:00
adversarial_ambiguous_133,gpt2,5,adversarial_ambiguous,5.5547,0.9976806640625,2026-08-09T17:34:23.446114+00:00
adversarial_ambiguous_133,gpt2,6,adversarial_ambiguous,5.5547,0.9952392578125,2026-08-09T17:34:23.446114+00:00
adversarial_ambiguous_133,gpt2,7,adversarial_ambiguous,5.5547,0.9765218098958334,2026-08-09T17:34:23.446114+00:00
adversarial_ambiguous_133,gpt2,8,adversarial_ambiguous,5.5547,0.94970703125,2026-08-09T17:34:23.446114+00:00
adversarial_ambiguous_134,gpt2,5,adversarial_ambiguous,5.5117,0.997314453125,2026-08-09T17:34:23.446114+00:00
adversarial_ambiguous_134,gpt2,6,adversarial_ambiguous,5.5117,0.9945882161458334,2026-08-09T17:34:23.446114+00:00
adversarial_ambiguous_134,gpt2,7,adversarial_ambiguous,5.5117,0.9897054036458334,2026-08-09T17:34:23.446114+00:00
adversarial_ambiguous_134,gpt2,8,adversarial_ambiguous,5.5117,0.9818522135416666,2026-08-09T17:34:23.446114+00:00
adversarial_ambiguous_135,gpt2,5,adversarial_ambiguous,5.793,0.9982096354166666,2026-08-09T17:34:23.446114+00:00
adversarial_ambiguous_135,gpt2,6,adversarial_ambiguous,5.793,0.9947509765625,2026-08-09T17:34:23.446114+00:00
adversarial_ambiguous_135,gpt2,7,adversarial_ambiguous,5.793,0.9852294921875,2026-08-09T17:34:23.446114+00:00
adversarial_ambiguous_135,gpt2,8,adversarial_ambiguous,5.793,0.9521891276041666,2026-08-09T17:34:23.446114+00:00
adversarial_ambiguous_136,gpt2,5,adversarial_ambiguous,4.9141,0.9996337890625,2026-08-09T17:34:23.446114+00:00
adversarial_ambiguous_136,gpt2,6,adversarial_ambiguous,4.9141,0.9989827473958334,2026-08-09T17:34:23.446114+00:00
adversarial_ambiguous_136,gpt2,7,adversarial_ambiguous,4.9141,0.99609375,2026-08-09T17:34:23.446114+00:00
adversarial_ambiguous_136,gpt2,8,adversarial_ambiguous,4.9141,0.9899088541666666,2026-08-09T17:34:23.446114+00:00
adversarial_ambiguous_137,gpt2,5,adversarial_ambiguous,6.0898,0.998779296875,2026-08-09T17:34:23.446114+00:00
adversarial_ambiguous_137,gpt2,6,adversarial_ambiguous,6.0898,0.9967447916666666,2026-08-09T17:34:23.446114+00:00
adversarial_ambiguous_137,gpt2,7,adversarial_ambiguous,6.0898,0.98974609375,2026-08-09T17:34:23.446114+00:00
adversarial_ambiguous_137,gpt2,8,adversarial_ambiguous,6.0898,0.97314453125,2026-08-09T17:34:23.446114+00:00
adversarial_ambiguous_138,gpt2,5,adversarial_ambiguous,5.0938,0.998291015625,2026-08-09T17:34:23.446114+00:00
adversarial_ambiguous_138,gpt2,6,adversarial_ambiguous,5.0938,0.9969075520833334,2026-08-09T17:34:23.446114+00:00
adversarial_ambiguous_138,gpt2,7,adversarial_ambiguous,5.0938,0.9922281901041666,2026-08-09T17:34:23.446114+00:00
adversarial_ambiguous_138,gpt2,8,adversarial_ambiguous,5.0938,0.9859212239583334,2026-08-09T17:34:23.446114+00:00
adversarial_ambiguous_139,gpt2,5,adversarial_ambiguous,5.8711,0.9979654947916666,2026-08-09T17:34:23.446114+00:00
adversarial_ambiguous_139,gpt2,6,adversarial_ambiguous,5.8711,0.9953206380208334,2026-08-09T17:34:23.446114+00:00
adversarial_ambiguous_139,gpt2,7,adversarial_ambiguous,5.8711,0.9900309244791666,2026-08-09T17:34:23.446114+00:00
adversarial_ambiguous_139,gpt2,8,adversarial_ambiguous,5.8711,0.9774576822916666,2026-08-09T17:34:23.446114+00:00
adversarial_ambiguous_140,gpt2,5,adversarial_ambiguous,6.1289,0.9967447916666666,2026-08-09T17:34:23.446114+00:00
adversarial_ambiguous_140,gpt2,6,adversarial_ambiguous,6.1289,0.993896484375,2026-08-09T17:34:23.446114+00:00
adversarial_ambiguous_140,gpt2,7,adversarial_ambiguous,6.1289,0.9846598307291666,2026-08-09T17:34:23.446114+00:00
adversarial_ambiguous_140,gpt2,8,adversarial_ambiguous,6.1289,0.9534505208333334,2026-08-09T17:34:23.446114+00:00
adversarial_ambiguous_141,gpt2,5,adversarial_ambiguous,6.2305,0.9984130859375,2026-08-09T17:34:23.446114+00:00
adversarial_ambiguous_141,gpt2,6,adversarial_ambiguous,6.2305,0.996337890625,2026-08-09T17:34:23.446114+00:00
adversarial_ambiguous_141,gpt2,7,adversarial_ambiguous,6.2305,0.9866129557291666,2026-08-09T17:34:23.446114+00:00
adversarial_ambiguous_141,gpt2,8,adversarial_ambiguous,6.2305,0.9430338541666666,2026-08-09T17:34:23.446114+00:00
adversarial_ambiguous_142,gpt2,5,adversarial_ambiguous,3.2422,0.998291015625,2026-08-09T17:34:23.446114+00:00
adversarial_ambiguous_142,gpt2,6,adversarial_ambiguous,3.2422,0.9976399739583334,2026-08-09T17:34:23.446114+00:00
adversarial_ambiguous_142,gpt2,7,adversarial_ambiguous,3.2422,0.9940999348958334,2026-08-09T17:34:23.446114+00:00
adversarial_ambiguous_142,gpt2,8,adversarial_ambiguous,3.2422,0.978759765625,2026-08-09T17:34:23.446114+00:00
adversarial_ambiguous_143,gpt2,5,adversarial_ambiguous,6.3789,0.9975179036458334,2026-08-09T17:34:23.446114+00:00
adversarial_ambiguous_143,gpt2,6,adversarial_ambiguous,6.3789,0.9944254557291666,2026-08-09T17:34:23.446114+00:00
adversarial_ambiguous_143,gpt2,7,adversarial_ambiguous,6.3789,0.9853108723958334,2026-08-09T17:34:23.446114+00:00
adversarial_ambiguous_143,gpt2,8,adversarial_ambiguous,6.3789,0.9571533203125,2026-08-09T17:34:23.446114+00:00
adversarial_ambiguous_144,gpt2,5,adversarial_ambiguous,5.625,0.9977213541666666,2026-08-09T17:34:23.446114+00:00
adversarial_ambiguous_144,gpt2,6,adversarial_ambiguous,5.625,0.9956868489583334,2026-08-09T17:34:23.446114+00:00
adversarial_ambiguous_144,gpt2,7,adversarial_ambiguous,5.625,0.9917805989583334,2026-08-09T17:34:23.446114+00:00
adversarial_ambiguous_144,gpt2,8,adversarial_ambiguous,5.625,0.9822591145833334,2026-08-09T17:34:23.446114+00:00
adversarial_ambiguous_145,gpt2,5,adversarial_ambiguous,5.8867,0.9981282552083334,2026-08-09T17:34:23.446114+00:00
adversarial_ambiguous_145,gpt2,6,adversarial_ambiguous,5.8867,0.99462890625,2026-08-09T17:34:23.446114+00:00
adversarial_ambiguous_145,gpt2,7,adversarial_ambiguous,5.8867,0.9847819010416666,2026-08-09T17:34:23.446114+00:00
adversarial_ambiguous_145,gpt2,8,adversarial_ambiguous,5.8867,0.9649251302083334,2026-08-09T17:34:23.446114+00:00
adversarial_ambiguous_146,gpt2,5,adversarial_ambiguous,3.9355,0.9973551432291666,2026-08-09T17:34:23.446114+00:00
adversarial_ambiguous_146,gpt2,6,adversarial_ambiguous,3.9355,0.9961344401041666,2026-08-09T17:34:23.446114+00:00
adversarial_ambiguous_146,gpt2,7,adversarial_ambiguous,3.9355,0.9929606119791666,2026-08-09T17:34:23.446114+00:00
adversarial_ambiguous_146,gpt2,8,adversarial_ambiguous,3.9355,0.9890543619791666,2026-08-09T17:34:23.446114+00:00
adversarial_ambiguous_147,gpt2,5,adversarial_ambiguous,5.9648,0.9979248046875,2026-08-09T17:34:23.446114+00:00
adversarial_ambiguous_147,gpt2,6,adversarial_ambiguous,5.9648,0.9951578776041666,2026-08-09T17:34:23.446114+00:00
adversarial_ambiguous_147,gpt2,7,adversarial_ambiguous,5.9648,0.9856363932291666,2026-08-09T17:34:23.446114+00:00
adversarial_ambiguous_147,gpt2,8,adversarial_ambiguous,5.9648,0.9606526692708334,2026-08-09T17:34:23.446114+00:00
adversarial_ambiguous_148,gpt2,5,adversarial_ambiguous,5.3789,0.9973958333333334,2026-08-09T17:34:23.446114+00:00
adversarial_ambiguous_148,gpt2,6,adversarial_ambiguous,5.3789,0.9957682291666666,2026-08-09T17:34:23.446114+00:00
adversarial_ambiguous_148,gpt2,7,adversarial_ambiguous,5.3789,0.9882405598958334,2026-08-09T17:34:23.446114+00:00
adversarial_ambiguous_148,gpt2,8,adversarial_ambiguous,5.3789,0.980712890625,2026-08-09T17:34:23.446114+00:00
adversarial_ambiguous_149,gpt2,5,adversarial_ambiguous,6.168,0.9969889322916666,2026-08-09T17:34:23.446114+00:00
adversarial_ambiguous_149,gpt2,6,adversarial_ambiguous,6.168,0.994140625,2026-08-09T17:34:23.446114+00:00
adversarial_ambiguous_149,gpt2,7,adversarial_ambiguous,6.168,0.9820963541666666,2026-08-09T17:34:23.446114+00:00
adversarial_ambiguous_149,gpt2,8,adversarial_ambiguous,6.168,0.9577229817708334,2026-08-09T17:34:23.446114+00:00
adversarial_ambiguous_150,gpt2,5,adversarial_ambiguous,5.6953,0.9980061848958334,2026-08-09T17:34:23.446114+00:00
adversarial_ambiguous_150,gpt2,6,adversarial_ambiguous,5.6953,0.9961751302083334,2026-08-09T17:34:23.446114+00:00
adversarial_ambiguous_150,gpt2,7,adversarial_ambiguous,5.6953,0.990234375,2026-08-09T17:34:23.446114+00:00
adversarial_ambiguous_150,gpt2,8,adversarial_ambiguous,5.6953,0.9702962239583334,2026-08-09T17:34:23.446114+00:00
adversarial_ambiguous_151,gpt2,5,adversarial_ambiguous,6.5664,0.9978434244791666,2026-08-09T17:34:23.446114+00:00
adversarial_ambiguous_151,gpt2,6,adversarial_ambiguous,6.5664,0.9950764973958334,2026-08-09T17:34:23.446114+00:00
adversarial_ambiguous_151,gpt2,7,adversarial_ambiguous,6.5664,0.9820556640625,2026-08-09T17:34:23.446114+00:00
adversarial_ambiguous_151,gpt2,8,adversarial_ambiguous,6.5664,0.9479573567708334,2026-08-09T17:34:23.446114+00:00
adversarial_ambiguous_152,gpt2,5,adversarial_ambiguous,5.1836,0.9983317057291666,2026-08-09T17:34:23.446114+00:00
adversarial_ambiguous_152,gpt2,6,adversarial_ambiguous,5.1836,0.9967447916666666,2026-08-09T17:34:23.446114+00:00
adversarial_ambiguous_152,gpt2,7,adversarial_ambiguous,5.1836,0.9925944010416666,2026-08-09T17:34:23.446114+00:00
adversarial_ambiguous_152,gpt2,8,adversarial_ambiguous,5.1836,0.9857584635416666,2026-08-09T17:34:23.446114+00:00
adversarial_ambiguous_153,gpt2,5,adversarial_ambiguous,5.5742,0.9976399739583334,2026-08-09T17:34:23.446114+00:00
adversarial_ambiguous_153,gpt2,6,adversarial_ambiguous,5.5742,0.99462890625,2026-08-09T17:34:23.446114+00:00
adversarial_ambiguous_153,gpt2,7,adversarial_ambiguous,5.5742,0.9804280598958334,2026-08-09T17:34:23.446114+00:00
adversarial_ambiguous_153,gpt2,8,adversarial_ambiguous,5.5742,0.9277750651041666,2026-08-09T17:34:23.446114+00:00
adversarial_ambiguous_154,gpt2,5,adversarial_ambiguous,5.5859,0.9978434244791666,2026-08-09T17:34:23.446114+00:00
adversarial_ambiguous_154,gpt2,6,adversarial_ambiguous,5.5859,0.9967041015625,2026-08-09T17:34:23.446114+00:00
adversarial_ambiguous_154,gpt2,7,adversarial_ambiguous,5.5859,0.9901529947916666,2026-08-09T17:34:23.446114+00:00
adversarial_ambiguous_154,gpt2,8,adversarial_ambiguous,5.5859,0.9799397786458334,2026-08-09T17:34:23.446114+00:00
adversarial_ambiguous_155,gpt2,5,adversarial_ambiguous,4.207,0.9980875651041666,2026-08-09T17:34:23.446114+00:00
adversarial_ambiguous_155,gpt2,6,adversarial_ambiguous,4.207,0.9964192708333334,2026-08-09T17:34:23.446114+00:00
adversarial_ambiguous_155,gpt2,7,adversarial_ambiguous,4.207,0.9911702473958334,2026-08-09T17:34:23.446114+00:00
adversarial_ambiguous_155,gpt2,8,adversarial_ambiguous,4.207,0.9867757161458334,2026-08-09T17:34:23.446114+00:00
adversarial_ambiguous_156,gpt2,5,adversarial_ambiguous,4.0586,0.9976806640625,2026-08-09T17:34:23.446114+00:00
adversarial_ambiguous_156,gpt2,6,adversarial_ambiguous,4.0586,0.9954020182291666,2026-08-09T17:34:23.446114+00:00
adversarial_ambiguous_156,gpt2,7,adversarial_ambiguous,4.0586,0.98779296875,2026-08-09T17:34:23.446114+00:00
adversarial_ambiguous_156,gpt2,8,adversarial_ambiguous,4.0586,0.9736735026041666,2026-08-09T17:34:23.446114+00:00
adversarial_ambiguous_157,gpt2,5,adversarial_ambiguous,5.582,0.9971110026041666,2026-08-09T17:34:23.446114+00:00
adversarial_ambiguous_157,gpt2,6,adversarial_ambiguous,5.582,0.9923502604166666,2026-08-09T17:34:23.446114+00:00
adversarial_ambiguous_157,gpt2,7,adversarial_ambiguous,5.582,0.9676513671875,2026-08-09T17:34:23.446114+00:00
adversarial_ambiguous_157,gpt2,8,adversarial_ambiguous,5.582,0.9350992838541666,2026-08-09T17:34:23.446114+00:00
adversarial_ambiguous_158,gpt2,5,adversarial_ambiguous,5.9023,0.9975992838541666,2026-08-09T17:34:23.446114+00:00
adversarial_ambiguous_158,gpt2,6,adversarial_ambiguous,5.9023,0.991943359375,2026-08-09T17:34:23.446114+00:00
adversarial_ambiguous_158,gpt2,7,adversarial_ambiguous,5.9023,0.9856770833333334,2026-08-09T17:34:23.446114+00:00
adversarial_ambiguous_158,gpt2,8,adversarial_ambiguous,5.9023,0.9786783854166666,2026-08-09T17:34:23.446114+00:00
adversarial_ambiguous_159,gpt2,5,adversarial_ambiguous,5.8984,0.996826171875,2026-08-09T17:34:23.446114+00:00
adversarial_ambiguous_159,gpt2,6,adversarial_ambiguous,5.8984,0.9930013020833334,2026-08-09T17:34:23.446114+00:00
adversarial_ambiguous_159,gpt2,7,adversarial_ambiguous,5.8984,0.9830322265625,2026-08-09T17:34:23.446114+00:00
adversarial_ambiguous_159,gpt2,8,adversarial_ambiguous,5.8984,0.9595947265625,2026-08-09T17:34:23.446114+00:00
adversarial_ambiguous_160,gpt2,5,adversarial_ambiguous,3.7676,0.998291015625,2026-08-09T17:34:23.446114+00:00
adversarial_ambiguous_160,gpt2,6,adversarial_ambiguous,3.7676,0.9971110026041666,2026-08-09T17:34:23.446114+00:00
adversarial_ambiguous_160,gpt2,7,adversarial_ambiguous,3.7676,0.9927978515625,2026-08-09T17:34:23.446114+00:00
adversarial_ambiguous_160,gpt2,8,adversarial_ambiguous,3.7676,0.9844970703125,2026-08-09T17:34:23.446114+00:00
adversarial_ambiguous_161,gpt2,5,adversarial_ambiguous,6.668,0.9952799479166666,2026-08-09T17:34:23.446114+00:00
adversarial_ambiguous_161,gpt2,6,adversarial_ambiguous,6.668,0.9919840494791666,2026-08-09T17:34:23.446114+00:00
adversarial_ambiguous_161,gpt2,7,adversarial_ambiguous,6.668,0.9650065104166666,2026-08-09T17:34:23.446114+00:00
adversarial_ambiguous_161,gpt2,8,adversarial_ambiguous,6.668,0.9303792317708334,2026-08-09T17:34:23.446114+00:00
adversarial_ambiguous_162,gpt2,5,adversarial_ambiguous,3.377,0.9979654947916666,2026-08-09T17:34:23.446114+00:00
adversarial_ambiguous_162,gpt2,6,adversarial_ambiguous,3.377,0.994384765625,2026-08-09T17:34:23.446114+00:00
adversarial_ambiguous_162,gpt2,7,adversarial_ambiguous,3.377,0.9818522135416666,2026-08-09T17:34:23.446114+00:00
adversarial_ambiguous_162,gpt2,8,adversarial_ambiguous,3.377,0.9683024088541666,2026-08-09T17:34:23.446114+00:00
adversarial_ambiguous_163,gpt2,5,adversarial_ambiguous,2.9746,0.99853515625,2026-08-09T17:34:23.446114+00:00
adversarial_ambiguous_163,gpt2,6,adversarial_ambiguous,2.9746,0.996337890625,2026-08-09T17:34:23.446114+00:00
adversarial_ambiguous_163,gpt2,7,adversarial_ambiguous,2.9746,0.9894612630208334,2026-08-09T17:34:23.446114+00:00
adversarial_ambiguous_163,gpt2,8,adversarial_ambiguous,2.9746,0.9824625651041666,2026-08-09T17:34:23.446114+00:00
adversarial_ambiguous_164,gpt2,5,adversarial_ambiguous,4.9102,0.99267578125,2026-08-09T17:34:23.446114+00:00
adversarial_ambiguous_164,gpt2,6,adversarial_ambiguous,4.9102,0.9886474609375,2026-08-09T17:34:23.446114+00:00
adversarial_ambiguous_164,gpt2,7,adversarial_ambiguous,4.9102,0.9402669270833334,2026-08-09T17:34:23.446114+00:00
adversarial_ambiguous_164,gpt2,8,adversarial_ambiguous,4.9102,0.9040934244791666,2026-08-09T17:34:23.446114+00:00
adversarial_ambiguous_165,gpt2,5,adversarial_ambiguous,6.5117,0.9955647786458334,2026-08-09T17:34:23.446114+00:00
adversarial_ambiguous_165,gpt2,6,adversarial_ambiguous,6.5117,0.9927164713541666,2026-08-09T17:34:23.446114+00:00
adversarial_ambiguous_165,gpt2,7,adversarial_ambiguous,6.5117,0.9574381510416666,2026-08-09T17:34:23.446114+00:00
adversarial_ambiguous_165,gpt2,8,adversarial_ambiguous,6.5117,0.89111328125,2026-08-09T17:34:23.446114+00:00
adversarial_ambiguous_166,gpt2,5,adversarial_ambiguous,5.2266,0.9976399739583334,2026-08-09T17:34:23.446114+00:00
adversarial_ambiguous_166,gpt2,6,adversarial_ambiguous,5.2266,0.9957275390625,2026-08-09T17:34:23.446114+00:00
adversarial_ambiguous_166,gpt2,7,adversarial_ambiguous,5.2266,0.9884033203125,2026-08-09T17:34:23.446114+00:00
adversarial_ambiguous_166,gpt2,8,adversarial_ambiguous,5.2266,0.9718831380208334,2026-08-09T17:34:23.446114+00:00
adversarial_ambiguous_167,gpt2,5,adversarial_ambiguous,2.9004,0.9991048177083334,2026-08-09T17:34:23.446114+00:00
adversarial_ambiguous_167,gpt2,6,adversarial_ambiguous,2.9004,0.9980875651041666,2026-08-09T17:34:23.446114+00:00
adversarial_ambiguous_167,gpt2,7,adversarial_ambiguous,2.9004,0.9969075520833334,2026-08-09T17:34:23.446114+00:00
adversarial_ambiguous_167,gpt2,8,adversarial_ambiguous,2.9004,0.9946695963541666,2026-08-09T17:34:23.446114+00:00
adversarial_ambiguous_168,gpt2,5,adversarial_ambiguous,6.1055,0.9981282552083334,2026-08-09T17:34:23.446114+00:00
adversarial_ambiguous_168,gpt2,6,adversarial_ambiguous,6.1055,0.9954833984375,2026-08-09T17:34:23.446114+00:00
adversarial_ambiguous_168,gpt2,7,adversarial_ambiguous,6.1055,0.987548828125,2026-08-09T17:34:23.446114+00:00
adversarial_ambiguous_168,gpt2,8,adversarial_ambiguous,6.1055,0.9737548828125,2026-08-09T17:34:23.446114+00:00
adversarial_ambiguous_169,gpt2,5,adversarial_ambiguous,2.9375,0.9985758463541666,2026-08-09T17:34:23.446114+00:00
adversarial_ambiguous_169,gpt2,6,adversarial_ambiguous,2.9375,0.9974365234375,2026-08-09T17:34:23.446114+00:00
adversarial_ambiguous_169,gpt2,7,adversarial_ambiguous,2.9375,0.9949544270833334,2026-08-09T17:34:23.446114+00:00
adversarial_ambiguous_169,gpt2,8,adversarial_ambiguous,2.9375,0.9872233072916666,2026-08-09T17:34:23.446114+00:00
adversarial_ambiguous_170,gpt2,5,adversarial_ambiguous,5.6406,0.9978434244791666,2026-08-09T17:34:23.446114+00:00
adversarial_ambiguous_170,gpt2,6,adversarial_ambiguous,5.6406,0.9935709635416666,2026-08-09T17:34:23.446114+00:00
adversarial_ambiguous_170,gpt2,7,adversarial_ambiguous,5.6406,0.9774983723958334,2026-08-09T17:34:23.446114+00:00
adversarial_ambiguous_170,gpt2,8,adversarial_ambiguous,5.6406,0.9336344401041666,2026-08-09T17:34:23.446114+00:00
adversarial_ambiguous_171,gpt2,5,adversarial_ambiguous,3.9004,0.9976399739583334,2026-08-09T17:34:23.446114+00:00
adversarial_ambiguous_171,gpt2,6,adversarial_ambiguous,3.9004,0.9969889322916666,2026-08-09T17:34:23.446114+00:00
adversarial_ambiguous_171,gpt2,7,adversarial_ambiguous,3.9004,0.9905192057291666,2026-08-09T17:34:23.446114+00:00
adversarial_ambiguous_171,gpt2,8,adversarial_ambiguous,3.9004,0.9692789713541666,2026-08-09T17:34:23.446114+00:00
adversarial_ambiguous_172,gpt2,5,adversarial_ambiguous,5.2109,0.9978841145833334,2026-08-09T17:34:23.446114+00:00
adversarial_ambiguous_172,gpt2,6,adversarial_ambiguous,5.2109,0.9962158203125,2026-08-09T17:34:23.446114+00:00
adversarial_ambiguous_172,gpt2,7,adversarial_ambiguous,5.2109,0.9837646484375,2026-08-09T17:34:23.446114+00:00
adversarial_ambiguous_172,gpt2,8,adversarial_ambiguous,5.2109,0.9543050130208334,2026-08-09T17:34:23.446114+00:00
adversarial_ambiguous_173,gpt2,5,adversarial_ambiguous,4.2266,0.9986572265625,2026-08-09T17:34:23.446114+00:00
adversarial_ambiguous_173,gpt2,6,adversarial_ambiguous,4.2266,0.9956868489583334,2026-08-09T17:34:23.446114+00:00
adversarial_ambiguous_173,gpt2,7,adversarial_ambiguous,4.2266,0.9832356770833334,2026-08-09T17:34:23.446114+00:00
adversarial_ambiguous_173,gpt2,8,adversarial_ambiguous,4.2266,0.9638264973958334,2026-08-09T17:34:23.446114+00:00
adversarial_ambiguous_174,gpt2,5,adversarial_ambiguous,5.8906,0.9969889322916666,2026-08-09T17:34:23.446114+00:00
adversarial_ambiguous_174,gpt2,6,adversarial_ambiguous,5.8906,0.9952799479166666,2026-08-09T17:34:23.446114+00:00
adversarial_ambiguous_174,gpt2,7,adversarial_ambiguous,5.8906,0.9811197916666666,2026-08-09T17:34:23.446114+00:00
adversarial_ambiguous_174,gpt2,8,adversarial_ambiguous,5.8906,0.9368896484375,2026-08-09T17:34:23.446114+00:00
adversarial_ambiguous_175,gpt2,5,adversarial_ambiguous,6.2266,0.997314453125,2026-08-09T17:34:23.446114+00:00
adversarial_ambiguous_175,gpt2,6,adversarial_ambiguous,6.2266,0.9940185546875,2026-08-09T17:34:23.446114+00:00
adversarial_ambiguous_175,gpt2,7,adversarial_ambiguous,6.2266,0.9814046223958334,2026-08-09T17:34:23.446114+00:00
adversarial_ambiguous_175,gpt2,8,adversarial_ambiguous,6.2266,0.9329020182291666,2026-08-09T17:34:23.446114+00:00
adversarial_ambiguous_176,gpt2,5,adversarial_ambiguous,3.0176,0.9979654947916666,2026-08-09T17:34:23.446114+00:00
adversarial_ambiguous_176,gpt2,6,adversarial_ambiguous,3.0176,0.9955647786458334,2026-08-09T17:34:23.446114+00:00
adversarial_ambiguous_176,gpt2,7,adversarial_ambiguous,3.0176,0.9931640625,2026-08-09T17:34:23.446114+00:00
adversarial_ambiguous_176,gpt2,8,adversarial_ambiguous,3.0176,0.9883626302083334,2026-08-09T17:34:23.446114+00:00
adversarial_ambiguous_177,gpt2,5,adversarial_ambiguous,5.3906,0.9973551432291666,2026-08-09T17:34:23.446114+00:00
adversarial_ambiguous_177,gpt2,6,adversarial_ambiguous,5.3906,0.9957682291666666,2026-08-09T17:34:23.446114+00:00
adversarial_ambiguous_177,gpt2,7,adversarial_ambiguous,5.3906,0.98974609375,2026-08-09T17:34:23.446114+00:00
adversarial_ambiguous_177,gpt2,8,adversarial_ambiguous,5.3906,0.9626057942708334,2026-08-09T17:34:23.446114+00:00
adversarial_ambiguous_178,gpt2,5,adversarial_ambiguous,3.3516,0.9983317057291666,2026-08-09T17:34:23.446114+00:00
adversarial_ambiguous_178,gpt2,6,adversarial_ambiguous,3.3516,0.9973958333333334,2026-08-09T17:34:23.446114+00:00
adversarial_ambiguous_178,gpt2,7,adversarial_ambiguous,3.3516,0.9954020182291666,2026-08-09T17:34:23.446114+00:00
adversarial_ambiguous_178,gpt2,8,adversarial_ambiguous,3.3516,0.9910888671875,2026-08-09T17:34:23.446114+00:00
adversarial_ambiguous_179,gpt2,5,adversarial_ambiguous,5.2422,0.997802734375,2026-08-09T17:34:23.446114+00:00
adversarial_ambiguous_179,gpt2,6,adversarial_ambiguous,5.2422,0.9939778645833334,2026-08-09T17:34:23.446114+00:00
adversarial_ambiguous_179,gpt2,7,adversarial_ambiguous,5.2422,0.9844563802083334,2026-08-09T17:34:23.446114+00:00
adversarial_ambiguous_179,gpt2,8,adversarial_ambiguous,5.2422,0.9638264973958334,2026-08-09T17:34:23.446114+00:00
adversarial_ambiguous_180,gpt2,5,adversarial_ambiguous,3.8164,0.9973551432291666,2026-08-09T17:34:23.446114+00:00
adversarial_ambiguous_180,gpt2,6,adversarial_ambiguous,3.8164,0.9951985677083334,2026-08-09T17:34:23.446114+00:00
adversarial_ambiguous_180,gpt2,7,adversarial_ambiguous,3.8164,0.9914143880208334,2026-08-09T17:34:23.446114+00:00
adversarial_ambiguous_180,gpt2,8,adversarial_ambiguous,3.8164,0.990234375,2026-08-09T17:34:23.446114+00:00
adversarial_ambiguous_181,gpt2,5,adversarial_ambiguous,4.7188,0.999267578125,2026-08-09T17:34:23.446114+00:00
adversarial_ambiguous_181,gpt2,6,adversarial_ambiguous,4.7188,0.9986165364583334,2026-08-09T17:34:23.446114+00:00
adversarial_ambiguous_181,gpt2,7,adversarial_ambiguous,4.7188,0.9962158203125,2026-08-09T17:34:23.446114+00:00
adversarial_ambiguous_181,gpt2,8,adversarial_ambiguous,4.7188,0.9932861328125,2026-08-09T17:34:23.446114+00:00
adversarial_ambiguous_182,gpt2,5,adversarial_ambiguous,5.6523,0.9976399739583334,2026-08-09T17:34:23.446114+00:00
adversarial_ambiguous_182,gpt2,6,adversarial_ambiguous,5.6523,0.995849609375,2026-08-09T17:34:23.446114+00:00
adversarial_ambiguous_182,gpt2,7,adversarial_ambiguous,5.6523,0.9897867838541666,2026-08-09T17:34:23.446114+00:00
adversarial_ambiguous_182,gpt2,8,adversarial_ambiguous,5.6523,0.9759114583333334,2026-08-09T17:34:23.446114+00:00
adversarial_ambiguous_183,gpt2,5,adversarial_ambiguous,5.5664,0.997802734375,2026-08-09T17:34:23.446114+00:00
adversarial_ambiguous_183,gpt2,6,adversarial_ambiguous,5.5664,0.9960123697916666,2026-08-09T17:34:23.446114+00:00
adversarial_ambiguous_183,gpt2,7,adversarial_ambiguous,5.5664,0.9808349609375,2026-08-09T17:34:23.446114+00:00
adversarial_ambiguous_183,gpt2,8,adversarial_ambiguous,5.5664,0.9460856119791666,2026-08-09T17:34:23.446114+00:00
adversarial_ambiguous_184,gpt2,5,adversarial_ambiguous,5.5312,0.9967854817708334,2026-08-09T17:34:23.446114+00:00
adversarial_ambiguous_184,gpt2,6,adversarial_ambiguous,5.5312,0.9936930338541666,2026-08-09T17:34:23.446114+00:00
adversarial_ambiguous_184,gpt2,7,adversarial_ambiguous,5.5312,0.9870198567708334,2026-08-09T17:34:23.446114+00:00
adversarial_ambiguous_184,gpt2,8,adversarial_ambiguous,5.5312,0.9742431640625,2026-08-09T17:34:23.446114+00:00
adversarial_ambiguous_185,gpt2,5,adversarial_ambiguous,5.75,0.9981689453125,2026-08-09T17:34:23.446114+00:00
adversarial_ambiguous_185,gpt2,6,adversarial_ambiguous,5.75,0.99365234375,2026-08-09T17:34:23.446114+00:00
adversarial_ambiguous_185,gpt2,7,adversarial_ambiguous,5.75,0.9834798177083334,2026-08-09T17:34:23.446114+00:00
adversarial_ambiguous_185,gpt2,8,adversarial_ambiguous,5.75,0.9423014322916666,2026-08-09T17:34:23.446114+00:00
adversarial_ambiguous_186,gpt2,5,adversarial_ambiguous,4.9727,0.99951171875,2026-08-09T17:34:23.446114+00:00
adversarial_ambiguous_186,gpt2,6,adversarial_ambiguous,4.9727,0.9986979166666666,2026-08-09T17:34:23.446114+00:00
adversarial_ambiguous_186,gpt2,7,adversarial_ambiguous,4.9727,0.9955240885416666,2026-08-09T17:34:23.446114+00:00
adversarial_ambiguous_186,gpt2,8,adversarial_ambiguous,4.9727,0.9888916015625,2026-08-09T17:34:23.446114+00:00
adversarial_ambiguous_187,gpt2,5,adversarial_ambiguous,5.2578,0.9985758463541666,2026-08-09T17:34:23.446114+00:00
adversarial_ambiguous_187,gpt2,6,adversarial_ambiguous,5.2578,0.9964599609375,2026-08-09T17:34:23.446114+00:00
adversarial_ambiguous_187,gpt2,7,adversarial_ambiguous,5.2578,0.9898274739583334,2026-08-09T17:34:23.446114+00:00
adversarial_ambiguous_187,gpt2,8,adversarial_ambiguous,5.2578,0.9712320963541666,2026-08-09T17:34:23.446114+00:00
adversarial_ambiguous_188,gpt2,5,adversarial_ambiguous,4.7852,0.9980875651041666,2026-08-09T17:34:23.446114+00:00
adversarial_ambiguous_188,gpt2,6,adversarial_ambiguous,4.7852,0.9967041015625,2026-08-09T17:34:23.446114+00:00
adversarial_ambiguous_188,gpt2,7,adversarial_ambiguous,4.7852,0.9911702473958334,2026-08-09T17:34:23.446114+00:00
adversarial_ambiguous_188,gpt2,8,adversarial_ambiguous,4.7852,0.9847819010416666,2026-08-09T17:34:23.446114+00:00
adversarial_ambiguous_189,gpt2,5,adversarial_ambiguous,5.6211,0.99755859375,2026-08-09T17:34:23.446114+00:00
adversarial_ambiguous_189,gpt2,6,adversarial_ambiguous,5.6211,0.9954833984375,2026-08-09T17:34:23.446114+00:00
adversarial_ambiguous_189,gpt2,7,adversarial_ambiguous,5.6211,0.9897054036458334,2026-08-09T17:34:23.446114+00:00
adversarial_ambiguous_189,gpt2,8,adversarial_ambiguous,5.6211,0.9775797526041666,2026-08-09T17:34:23.446114+00:00
adversarial_ambiguous_190,gpt2,5,adversarial_ambiguous,6.0703,0.9955647786458334,2026-08-09T17:34:23.446114+00:00
adversarial_ambiguous_190,gpt2,6,adversarial_ambiguous,6.0703,0.9923909505208334,2026-08-09T17:34:23.446114+00:00
adversarial_ambiguous_190,gpt2,7,adversarial_ambiguous,6.0703,0.9802652994791666,2026-08-09T17:34:23.446114+00:00
adversarial_ambiguous_190,gpt2,8,adversarial_ambiguous,6.0703,0.9465738932291666,2026-08-09T17:34:23.446114+00:00
adversarial_ambiguous_191,gpt2,5,adversarial_ambiguous,5.8906,0.9983723958333334,2026-08-09T17:34:23.446114+00:00
adversarial_ambiguous_191,gpt2,6,adversarial_ambiguous,5.8906,0.99560546875,2026-08-09T17:34:23.446114+00:00
adversarial_ambiguous_191,gpt2,7,adversarial_ambiguous,5.8906,0.985595703125,2026-08-09T17:34:23.446114+00:00
adversarial_ambiguous_191,gpt2,8,adversarial_ambiguous,5.8906,0.9345703125,2026-08-09T17:34:23.446114+00:00
adversarial_ambiguous_192,gpt2,5,adversarial_ambiguous,3.1738,0.9978841145833334,2026-08-09T17:34:23.446114+00:00
adversarial_ambiguous_192,gpt2,6,adversarial_ambiguous,3.1738,0.9974365234375,2026-08-09T17:34:23.446114+00:00
adversarial_ambiguous_192,gpt2,7,adversarial_ambiguous,3.1738,0.9925537109375,2026-08-09T17:34:23.446114+00:00
adversarial_ambiguous_192,gpt2,8,adversarial_ambiguous,3.1738,0.974853515625,2026-08-09T17:34:23.446114+00:00
adversarial_ambiguous_193,gpt2,5,adversarial_ambiguous,6.3555,0.9969075520833334,2026-08-09T17:34:23.446114+00:00
adversarial_ambiguous_193,gpt2,6,adversarial_ambiguous,6.3555,0.9948323567708334,2026-08-09T17:34:23.446114+00:00
adversarial_ambiguous_193,gpt2,7,adversarial_ambiguous,6.3555,0.9844970703125,2026-08-09T17:34:23.446114+00:00
adversarial_ambiguous_193,gpt2,8,adversarial_ambiguous,6.3555,0.9439290364583334,2026-08-09T17:34:23.446114+00:00
adversarial_ambiguous_194,gpt2,5,adversarial_ambiguous,5.5469,0.9972737630208334,2026-08-09T17:34:23.446114+00:00
adversarial_ambiguous_194,gpt2,6,adversarial_ambiguous,5.5469,0.995361328125,2026-08-09T17:34:23.446114+00:00
adversarial_ambiguous_194,gpt2,7,adversarial_ambiguous,5.5469,0.9907633463541666,2026-08-09T17:34:23.446114+00:00
adversarial_ambiguous_194,gpt2,8,adversarial_ambiguous,5.5469,0.9791666666666666,2026-08-09T17:34:23.446114+00:00
adversarial_ambiguous_195,gpt2,5,adversarial_ambiguous,5.7148,0.9978841145833334,2026-08-09T17:34:23.446114+00:00
adversarial_ambiguous_195,gpt2,6,adversarial_ambiguous,5.7148,0.9942626953125,2026-08-09T17:34:23.446114+00:00
adversarial_ambiguous_195,gpt2,7,adversarial_ambiguous,5.7148,0.9852701822916666,2026-08-09T17:34:23.446114+00:00
adversarial_ambiguous_195,gpt2,8,adversarial_ambiguous,5.7148,0.9621988932291666,2026-08-09T17:34:23.446114+00:00
adversarial_ambiguous_196,gpt2,5,adversarial_ambiguous,3.748,0.9969482421875,2026-08-09T17:34:23.446114+00:00
adversarial_ambiguous_196,gpt2,6,adversarial_ambiguous,3.748,0.99560546875,2026-08-09T17:34:23.446114+00:00
adversarial_ambiguous_196,gpt2,7,adversarial_ambiguous,3.748,0.9920654296875,2026-08-09T17:34:23.446114+00:00
adversarial_ambiguous_196,gpt2,8,adversarial_ambiguous,3.748,0.9875081380208334,2026-08-09T17:34:23.446114+00:00
adversarial_ambiguous_197,gpt2,5,adversarial_ambiguous,5.7656,0.9975992838541666,2026-08-09T17:34:23.446114+00:00
adversarial_ambiguous_197,gpt2,6,adversarial_ambiguous,5.7656,0.9951985677083334,2026-08-09T17:34:23.446114+00:00
adversarial_ambiguous_197,gpt2,7,adversarial_ambiguous,5.7656,0.9860432942708334,2026-08-09T17:34:23.446114+00:00
adversarial_ambiguous_197,gpt2,8,adversarial_ambiguous,5.7656,0.9539794921875,2026-08-09T17:34:23.446114+00:00
adversarial_ambiguous_198,gpt2,5,adversarial_ambiguous,5.5234,0.9967854817708334,2026-08-09T17:34:23.446114+00:00
adversarial_ambiguous_198,gpt2,6,adversarial_ambiguous,5.5234,0.9943033854166666,2026-08-09T17:34:23.446114+00:00
adversarial_ambiguous_198,gpt2,7,adversarial_ambiguous,5.5234,0.9854329427083334,2026-08-09T17:34:23.446114+00:00
adversarial_ambiguous_198,gpt2,8,adversarial_ambiguous,5.5234,0.9759114583333334,2026-08-09T17:34:23.446114+00:00
adversarial_ambiguous_199,gpt2,5,adversarial_ambiguous,5.6172,0.9965006510416666,2026-08-09T17:34:23.446114+00:00
adversarial_ambiguous_199,gpt2,6,adversarial_ambiguous,5.6172,0.9932047526041666,2026-08-09T17:34:23.446114+00:00
adversarial_ambiguous_199,gpt2,7,adversarial_ambiguous,5.6172,0.9758707682291666,2026-08-09T17:34:23.446114+00:00
adversarial_ambiguous_199,gpt2,8,adversarial_ambiguous,5.6172,0.94140625,2026-08-09T17:34:23.446114+00:00
adversarial_ambiguous_200,gpt2,5,adversarial_ambiguous,5.5273,0.9973551432291666,2026-08-09T17:34:23.446114+00:00
adversarial_ambiguous_200,gpt2,6,adversarial_ambiguous,5.5273,0.9958089192708334,2026-08-09T17:34:23.446114+00:00
adversarial_ambiguous_200,gpt2,7,adversarial_ambiguous,5.5273,0.9864908854166666,2026-08-09T17:34:23.446114+00:00
adversarial_ambiguous_200,gpt2,8,adversarial_ambiguous,5.5273,0.9544677734375,2026-08-09T17:34:23.446114+00:00
adversarial_ambiguous_201,gpt2,5,adversarial_ambiguous,6.9375,0.9973551432291666,2026-08-09T17:34:23.446114+00:00
adversarial_ambiguous_201,gpt2,6,adversarial_ambiguous,6.9375,0.9936116536458334,2026-08-09T17:34:23.446114+00:00
adversarial_ambiguous_201,gpt2,7,adversarial_ambiguous,6.9375,0.982666015625,2026-08-09T17:34:23.446114+00:00
adversarial_ambiguous_201,gpt2,8,adversarial_ambiguous,6.9375,0.9423014322916666,2026-08-09T17:34:23.446114+00:00
adversarial_ambiguous_202,gpt2,5,adversarial_ambiguous,5.5547,0.9982096354166666,2026-08-09T17:34:23.446114+00:00
adversarial_ambiguous_202,gpt2,6,adversarial_ambiguous,5.5547,0.9964192708333334,2026-08-09T17:34:23.446114+00:00
adversarial_ambiguous_202,gpt2,7,adversarial_ambiguous,5.5547,0.9922688802083334,2026-08-09T17:34:23.446114+00:00
adversarial_ambiguous_202,gpt2,8,adversarial_ambiguous,5.5547,0.985595703125,2026-08-09T17:34:23.446114+00:00
adversarial_ambiguous_203,gpt2,5,adversarial_ambiguous,6.043,0.9967854817708334,2026-08-09T17:34:23.446114+00:00
adversarial_ambiguous_203,gpt2,6,adversarial_ambiguous,6.043,0.9928385416666666,2026-08-09T17:34:23.446114+00:00
adversarial_ambiguous_203,gpt2,7,adversarial_ambiguous,6.043,0.9793294270833334,2026-08-09T17:34:23.446114+00:00
adversarial_ambiguous_203,gpt2,8,adversarial_ambiguous,6.043,0.9395345052083334,2026-08-09T17:34:23.446114+00:00
adversarial_ambiguous_204,gpt2,5,adversarial_ambiguous,5.5312,0.997802734375,2026-08-09T17:34:23.446114+00:00
adversarial_ambiguous_204,gpt2,6,adversarial_ambiguous,5.5312,0.9961344401041666,2026-08-09T17:34:23.446114+00:00
adversarial_ambiguous_204,gpt2,7,adversarial_ambiguous,5.5312,0.9891357421875,2026-08-09T17:34:23.446114+00:00
adversarial_ambiguous_204,gpt2,8,adversarial_ambiguous,5.5312,0.9810791015625,2026-08-09T17:34:23.446114+00:00
adversarial_ambiguous_205,gpt2,5,adversarial_ambiguous,4.1094,0.9981282552083334,2026-08-09T17:34:23.446114+00:00
adversarial_ambiguous_205,gpt2,6,adversarial_ambiguous,4.1094,0.9960530598958334,2026-08-09T17:34:23.446114+00:00
adversarial_ambiguous_205,gpt2,7,adversarial_ambiguous,4.1094,0.9906005859375,2026-08-09T17:34:23.446114+00:00
adversarial_ambiguous_205,gpt2,8,adversarial_ambiguous,4.1094,0.9865315755208334,2026-08-09T17:34:23.446114+00:00
adversarial_ambiguous_206,gpt2,5,adversarial_ambiguous,4.0117,0.9972330729166666,2026-08-09T17:34:23.446114+00:00
adversarial_ambiguous_206,gpt2,6,adversarial_ambiguous,4.0117,0.9939778645833334,2026-08-09T17:34:23.446114+00:00
adversarial_ambiguous_206,gpt2,7,adversarial_ambiguous,4.0117,0.9854329427083334,2026-08-09T17:34:23.446114+00:00
adversarial_ambiguous_206,gpt2,8,adversarial_ambiguous,4.0117,0.9700927734375,2026-08-09T17:34:23.446114+00:00
adversarial_ambiguous_207,gpt2,5,adversarial_ambiguous,5.8438,0.9961751302083334,2026-08-09T17:34:23.446114+00:00
adversarial_ambiguous_207,gpt2,6,adversarial_ambiguous,5.8438,0.9903564453125,2026-08-09T17:34:23.446114+00:00
adversarial_ambiguous_207,gpt2,7,adversarial_ambiguous,5.8438,0.9664306640625,2026-08-09T17:34:23.446114+00:00
adversarial_ambiguous_207,gpt2,8,adversarial_ambiguous,5.8438,0.9381510416666666,2026-08-09T17:34:23.446114+00:00
adversarial_ambiguous_208,gpt2,5,adversarial_ambiguous,5.9961,0.996826171875,2026-08-09T17:34:23.446114+00:00
adversarial_ambiguous_208,gpt2,6,adversarial_ambiguous,5.9961,0.990966796875,2026-08-09T17:34:23.446114+00:00
adversarial_ambiguous_208,gpt2,7,adversarial_ambiguous,5.9961,0.984619140625,2026-08-09T17:34:23.446114+00:00
adversarial_ambiguous_208,gpt2,8,adversarial_ambiguous,5.9961,0.979248046875,2026-08-09T17:34:23.446114+00:00
adversarial_ambiguous_209,gpt2,5,adversarial_ambiguous,6.3281,0.9956868489583334,2026-08-09T17:34:23.446114+00:00
adversarial_ambiguous_209,gpt2,6,adversarial_ambiguous,6.3281,0.9906819661458334,2026-08-09T17:34:23.446114+00:00
adversarial_ambiguous_209,gpt2,7,adversarial_ambiguous,6.3281,0.978515625,2026-08-09T17:34:23.446114+00:00
adversarial_ambiguous_209,gpt2,8,adversarial_ambiguous,6.3281,0.9552001953125,2026-08-09T17:34:23.446114+00:00
adversarial_ambiguous_210,gpt2,5,adversarial_ambiguous,3.791,0.998046875,2026-08-09T17:34:23.446114+00:00
adversarial_ambiguous_210,gpt2,6,adversarial_ambiguous,3.791,0.996826171875,2026-08-09T17:34:23.446114+00:00
adversarial_ambiguous_210,gpt2,7,adversarial_ambiguous,3.791,0.9922688802083334,2026-08-09T17:34:23.446114+00:00
adversarial_ambiguous_210,gpt2,8,adversarial_ambiguous,3.791,0.9833577473958334,2026-08-09T17:34:23.446114+00:00
adversarial_ambiguous_211,gpt2,5,adversarial_ambiguous,6.4336,0.9949951171875,2026-08-09T17:34:23.446114+00:00
adversarial_ambiguous_211,gpt2,6,adversarial_ambiguous,6.4336,0.9901936848958334,2026-08-09T17:34:23.446114+00:00
adversarial_ambiguous_211,gpt2,7,adversarial_ambiguous,6.4336,0.9628092447916666,2026-08-09T17:34:23.446114+00:00
adversarial_ambiguous_211,gpt2,8,adversarial_ambiguous,6.4336,0.9325358072916666,2026-08-09T17:34:23.446114+00:00
adversarial_ambiguous_212,gpt2,5,adversarial_ambiguous,3.5176,0.9979248046875,2026-08-09T17:34:23.446114+00:00
adversarial_ambiguous_212,gpt2,6,adversarial_ambiguous,3.5176,0.9937337239583334,2026-08-09T17:34:23.446114+00:00
adversarial_ambiguous_212,gpt2,7,adversarial_ambiguous,3.5176,0.9795735677083334,2026-08-09T17:34:23.446114+00:00
adversarial_ambiguous_212,gpt2,8,adversarial_ambiguous,3.5176,0.9658203125,2026-08-09T17:34:23.446114+00:00
adversarial_ambiguous_213,gpt2,5,adversarial_ambiguous,3.1816,0.9983317057291666,2026-08-09T17:34:23.446114+00:00
adversarial_ambiguous_213,gpt2,6,adversarial_ambiguous,3.1816,0.9960123697916666,2026-08-09T17:34:23.446114+00:00
adversarial_ambiguous_213,gpt2,7,adversarial_ambiguous,3.1816,0.9901529947916666,2026-08-09T17:34:23.446114+00:00
adversarial_ambiguous_213,gpt2,8,adversarial_ambiguous,3.1816,0.9847412109375,2026-08-09T17:34:23.446114+00:00
adversarial_ambiguous_214,gpt2,5,adversarial_ambiguous,5.2617,0.9893391927083334,2026-08-09T17:34:23.446114+00:00
adversarial_ambiguous_214,gpt2,6,adversarial_ambiguous,5.2617,0.9841715494791666,2026-08-09T17:34:23.446114+00:00
adversarial_ambiguous_214,gpt2,7,adversarial_ambiguous,5.2617,0.9244791666666666,2026-08-09T17:34:23.446114+00:00
adversarial_ambiguous_214,gpt2,8,adversarial_ambiguous,5.2617,0.8908284505208334,2026-08-09T17:34:23.446114+00:00
adversarial_ambiguous_215,gpt2,5,adversarial_ambiguous,6.3828,0.9945068359375,2026-08-09T17:34:23.446114+00:00
adversarial_ambiguous_215,gpt2,6,adversarial_ambiguous,6.3828,0.9913330078125,2026-08-09T17:34:23.446114+00:00
adversarial_ambiguous_215,gpt2,7,adversarial_ambiguous,6.3828,0.946044921875,2026-08-09T17:34:23.446114+00:00
adversarial_ambiguous_215,gpt2,8,adversarial_ambiguous,6.3828,0.8865966796875,2026-08-09T17:34:23.446114+00:00
adversarial_ambiguous_216,gpt2,5,adversarial_ambiguous,5.4453,0.9970703125,2026-08-09T17:34:23.446114+00:00
adversarial_ambiguous_216,gpt2,6,adversarial_ambiguous,5.4453,0.9944254557291666,2026-08-09T17:34:23.446114+00:00
adversarial_ambiguous_216,gpt2,7,adversarial_ambiguous,5.4453,0.9875895182291666,2026-08-09T17:34:23.446114+00:00
adversarial_ambiguous_216,gpt2,8,adversarial_ambiguous,5.4453,0.965576171875,2026-08-09T17:34:23.446114+00:00
adversarial_ambiguous_217,gpt2,5,adversarial_ambiguous,2.9238,0.9990234375,2026-08-09T17:34:23.446114+00:00
adversarial_ambiguous_217,gpt2,6,adversarial_ambiguous,2.9238,0.9981282552083334,2026-08-09T17:34:23.446114+00:00
adversarial_ambiguous_217,gpt2,7,adversarial_ambiguous,2.9238,0.996826171875,2026-08-09T17:34:23.446114+00:00
adversarial_ambiguous_217,gpt2,8,adversarial_ambiguous,2.9238,0.9947509765625,2026-08-09T17:34:23.446114+00:00
adversarial_ambiguous_218,gpt2,5,adversarial_ambiguous,6.2656,0.9980061848958334,2026-08-09T17:34:23.446114+00:00
adversarial_ambiguous_218,gpt2,6,adversarial_ambiguous,6.2656,0.9951171875,2026-08-09T17:34:23.446114+00:00
adversarial_ambiguous_218,gpt2,7,adversarial_ambiguous,6.2656,0.9892985026041666,2026-08-09T17:34:23.446114+00:00
adversarial_ambiguous_218,gpt2,8,adversarial_ambiguous,6.2656,0.9789632161458334,2026-08-09T17:34:23.446114+00:00
adversarial_ambiguous_219,gpt2,5,adversarial_ambiguous,2.8125,0.9984537760416666,2026-08-09T17:34:23.446114+00:00
adversarial_ambiguous_219,gpt2,6,adversarial_ambiguous,2.8125,0.9972737630208334,2026-08-09T17:34:23.446114+00:00
adversarial_ambiguous_219,gpt2,7,adversarial_ambiguous,2.8125,0.9942626953125,2026-08-09T17:34:23.446114+00:00
adversarial_ambiguous_219,gpt2,8,adversarial_ambiguous,2.8125,0.9859619140625,2026-08-09T17:34:23.446114+00:00
adversarial_ambiguous_220,gpt2,5,adversarial_ambiguous,5.6602,0.9973958333333334,2026-08-09T17:34:23.446114+00:00
adversarial_ambiguous_220,gpt2,6,adversarial_ambiguous,5.6602,0.9932454427083334,2026-08-09T17:34:23.446114+00:00
adversarial_ambiguous_220,gpt2,7,adversarial_ambiguous,5.6602,0.9779459635416666,2026-08-09T17:34:23.446114+00:00
adversarial_ambiguous_220,gpt2,8,adversarial_ambiguous,5.6602,0.9385172526041666,2026-08-09T17:34:23.446114+00:00
adversarial_ambiguous_221,gpt2,5,adversarial_ambiguous,3.9844,0.9974365234375,2026-08-09T17:34:23.446114+00:00
adversarial_ambiguous_221,gpt2,6,adversarial_ambiguous,3.9844,0.9966227213541666,2026-08-09T17:34:23.446114+00:00
adversarial_ambiguous_221,gpt2,7,adversarial_ambiguous,3.9844,0.989990234375,2026-08-09T17:34:23.446114+00:00
adversarial_ambiguous_221,gpt2,8,adversarial_ambiguous,3.9844,0.9686279296875,2026-08-09T17:34:23.446114+00:00
adversarial_ambiguous_222,gpt2,5,adversarial_ambiguous,5.8477,0.9975992838541666,2026-08-09T17:34:23.446114+00:00
adversarial_ambiguous_222,gpt2,6,adversarial_ambiguous,5.8477,0.9949544270833334,2026-08-09T17:34:23.446114+00:00
adversarial_ambiguous_222,gpt2,7,adversarial_ambiguous,5.8477,0.9800211588541666,2026-08-09T17:34:23.446114+00:00
adversarial_ambiguous_222,gpt2,8,adversarial_ambiguous,5.8477,0.9451090494791666,2026-08-09T17:34:23.446114+00:00
adversarial_ambiguous_223,gpt2,5,adversarial_ambiguous,4.8828,0.9983317057291666,2026-08-09T17:34:23.446114+00:00
adversarial_ambiguous_223,gpt2,6,adversarial_ambiguous,4.8828,0.9955647786458334,2026-08-09T17:34:23.446114+00:00
adversarial_ambiguous_223,gpt2,7,adversarial_ambiguous,4.8828,0.9824625651041666,2026-08-09T17:34:23.446114+00:00
adversarial_ambiguous_223,gpt2,8,adversarial_ambiguous,4.8828,0.9629720052083334,2026-08-09T17:34:23.446114+00:00
adversarial_ambiguous_224,gpt2,5,adversarial_ambiguous,5.4023,0.9962565104166666,2026-08-09T17:34:23.446114+00:00
adversarial_ambiguous_224,gpt2,6,adversarial_ambiguous,5.4023,0.9940185546875,2026-08-09T17:34:23.446114+00:00
adversarial_ambiguous_224,gpt2,7,adversarial_ambiguous,5.4023,0.9739990234375,2026-08-09T17:34:23.446114+00:00
adversarial_ambiguous_224,gpt2,8,adversarial_ambiguous,5.4023,0.9420166015625,2026-08-09T17:34:23.446114+00:00
adversarial_ambiguous_225,gpt2,5,adversarial_ambiguous,6.4102,0.9966634114583334,2026-08-09T17:34:23.446114+00:00
adversarial_ambiguous_225,gpt2,6,adversarial_ambiguous,6.4102,0.99365234375,2026-08-09T17:34:23.446114+00:00
adversarial_ambiguous_225,gpt2,7,adversarial_ambiguous,6.4102,0.9798177083333334,2026-08-09T17:34:23.446114+00:00
adversarial_ambiguous_225,gpt2,8,adversarial_ambiguous,6.4102,0.9310709635416666,2026-08-09T17:34:23.446114+00:00
adversarial_ambiguous_226,gpt2,5,adversarial_ambiguous,2.9062,0.9976806640625,2026-08-09T17:34:23.446114+00:00
adversarial_ambiguous_226,gpt2,6,adversarial_ambiguous,2.9062,0.99462890625,2026-08-09T17:34:23.446114+00:00
adversarial_ambiguous_226,gpt2,7,adversarial_ambiguous,2.9062,0.9933268229166666,2026-08-09T17:34:23.446114+00:00
adversarial_ambiguous_226,gpt2,8,adversarial_ambiguous,2.9062,0.9876302083333334,2026-08-09T17:34:23.446114+00:00
adversarial_ambiguous_227,gpt2,5,adversarial_ambiguous,5.4375,0.9969075520833334,2026-08-09T17:34:23.446114+00:00
adversarial_ambiguous_227,gpt2,6,adversarial_ambiguous,5.4375,0.9949137369791666,2026-08-09T17:34:23.446114+00:00
adversarial_ambiguous_227,gpt2,7,adversarial_ambiguous,5.4375,0.9890950520833334,2026-08-09T17:34:23.446114+00:00
adversarial_ambiguous_227,gpt2,8,adversarial_ambiguous,5.4375,0.9640706380208334,2026-08-09T17:34:23.446114+00:00
adversarial_ambiguous_228,gpt2,5,adversarial_ambiguous,3.3359,0.9979248046875,2026-08-09T17:34:23.446114+00:00
adversarial_ambiguous_228,gpt2,6,adversarial_ambiguous,3.3359,0.9964192708333334,2026-08-09T17:34:23.446114+00:00
adversarial_ambiguous_228,gpt2,7,adversarial_ambiguous,3.3359,0.9940185546875,2026-08-09T17:34:23.446114+00:00
adversarial_ambiguous_228,gpt2,8,adversarial_ambiguous,3.3359,0.9899495442708334,2026-08-09T17:34:23.446114+00:00
adversarial_ambiguous_229,gpt2,5,adversarial_ambiguous,5.4766,0.99755859375,2026-08-09T17:34:23.446114+00:00
adversarial_ambiguous_229,gpt2,6,adversarial_ambiguous,5.4766,0.9933675130208334,2026-08-09T17:34:23.446114+00:00
adversarial_ambiguous_229,gpt2,7,adversarial_ambiguous,5.4766,0.9833577473958334,2026-08-09T17:34:23.446114+00:00
adversarial_ambiguous_229,gpt2,8,adversarial_ambiguous,5.4766,0.9656982421875,2026-08-09T17:34:23.446114+00:00
adversarial_ambiguous_230,gpt2,5,adversarial_ambiguous,3.6426,0.9973551432291666,2026-08-09T17:34:23.446114+00:00
adversarial_ambiguous_230,gpt2,6,adversarial_ambiguous,3.6426,0.99560546875,2026-08-09T17:34:23.446114+00:00
adversarial_ambiguous_230,gpt2,7,adversarial_ambiguous,3.6426,0.9920654296875,2026-08-09T17:34:23.446114+00:00
adversarial_ambiguous_230,gpt2,8,adversarial_ambiguous,3.6426,0.9906412760416666,2026-08-09T17:34:23.446114+00:00
adversarial_ambiguous_231,gpt2,5,adversarial_ambiguous,5.0977,0.9991861979166666,2026-08-09T17:34:23.446114+00:00
adversarial_ambiguous_231,gpt2,6,adversarial_ambiguous,5.0977,0.9984537760416666,2026-08-09T17:34:23.446114+00:00
adversarial_ambiguous_231,gpt2,7,adversarial_ambiguous,5.0977,0.99658203125,2026-08-09T17:34:23.446114+00:00
adversarial_ambiguous_231,gpt2,8,adversarial_ambiguous,5.0977,0.9934895833333334,2026-08-09T17:34:23.446114+00:00
adversarial_ambiguous_232,gpt2,5,adversarial_ambiguous,6.0547,0.9967447916666666,2026-08-09T17:34:23.446114+00:00
adversarial_ambiguous_232,gpt2,6,adversarial_ambiguous,6.0547,0.9948323567708334,2026-08-09T17:34:23.446114+00:00
adversarial_ambiguous_232,gpt2,7,adversarial_ambiguous,6.0547,0.9884033203125,2026-08-09T17:34:23.446114+00:00
adversarial_ambiguous_232,gpt2,8,adversarial_ambiguous,6.0547,0.9744873046875,2026-08-09T17:34:23.446114+00:00
adversarial_ambiguous_233,gpt2,5,adversarial_ambiguous,6.0,0.9972737630208334,2026-08-09T17:34:23.446114+00:00
adversarial_ambiguous_233,gpt2,6,adversarial_ambiguous,6.0,0.9943440755208334,2026-08-09T17:34:23.446114+00:00
adversarial_ambiguous_233,gpt2,7,adversarial_ambiguous,6.0,0.97314453125,2026-08-09T17:34:23.446114+00:00
adversarial_ambiguous_233,gpt2,8,adversarial_ambiguous,6.0,0.9405517578125,2026-08-09T17:34:23.446114+00:00
adversarial_ambiguous_234,gpt2,5,adversarial_ambiguous,5.6758,0.996337890625,2026-08-09T17:34:23.446114+00:00
adversarial_ambiguous_234,gpt2,6,adversarial_ambiguous,5.6758,0.9932454427083334,2026-08-09T17:34:23.446114+00:00
adversarial_ambiguous_234,gpt2,7,adversarial_ambiguous,5.6758,0.986572265625,2026-08-09T17:34:23.446114+00:00
adversarial_ambiguous_234,gpt2,8,adversarial_ambiguous,5.6758,0.9728190104166666,2026-08-09T17:34:23.446114+00:00
adversarial_ambiguous_235,gpt2,5,adversarial_ambiguous,5.7891,0.997802734375,2026-08-09T17:34:23.446114+00:00
adversarial_ambiguous_235,gpt2,6,adversarial_ambiguous,5.7891,0.9928385416666666,2026-08-09T17:34:23.446114+00:00
adversarial_ambiguous_235,gpt2,7,adversarial_ambiguous,5.7891,0.9826253255208334,2026-08-09T17:34:23.446114+00:00
adversarial_ambiguous_235,gpt2,8,adversarial_ambiguous,5.7891,0.9450276692708334,2026-08-09T17:34:23.446114+00:00
adversarial_ambiguous_236,gpt2,5,adversarial_ambiguous,5.125,0.9994710286458334,2026-08-09T17:34:23.446114+00:00
adversarial_ambiguous_236,gpt2,6,adversarial_ambiguous,5.125,0.9984130859375,2026-08-09T17:34:23.446114+00:00
adversarial_ambiguous_236,gpt2,7,adversarial_ambiguous,5.125,0.9947102864583334,2026-08-09T17:34:23.446114+00:00
adversarial_ambiguous_236,gpt2,8,adversarial_ambiguous,5.125,0.9879964192708334,2026-08-09T17:34:23.446114+00:00
adversarial_ambiguous_237,gpt2,5,adversarial_ambiguous,6.1914,0.9981282552083334,2026-08-09T17:34:23.446114+00:00
adversarial_ambiguous_237,gpt2,6,adversarial_ambiguous,6.1914,0.9954020182291666,2026-08-09T17:34:23.446114+00:00
adversarial_ambiguous_237,gpt2,7,adversarial_ambiguous,6.1914,0.9881998697916666,2026-08-09T17:34:23.446114+00:00
adversarial_ambiguous_237,gpt2,8,adversarial_ambiguous,6.1914,0.97216796875,2026-08-09T17:34:23.446114+00:00
adversarial_ambiguous_238,gpt2,5,adversarial_ambiguous,4.75,0.997802734375,2026-08-09T17:34:23.446114+00:00
adversarial_ambiguous_238,gpt2,6,adversarial_ambiguous,4.75,0.9962972005208334,2026-08-09T17:34:23.446114+00:00
adversarial_ambiguous_238,gpt2,7,adversarial_ambiguous,4.75,0.990966796875,2026-08-09T17:34:23.446114+00:00
adversarial_ambiguous_238,gpt2,8,adversarial_ambiguous,4.75,0.9840087890625,2026-08-09T17:34:23.446114+00:00
adversarial_ambiguous_239,gpt2,5,adversarial_ambiguous,5.6289,0.9972330729166666,2026-08-09T17:34:23.446114+00:00
adversarial_ambiguous_239,gpt2,6,adversarial_ambiguous,5.6289,0.9949951171875,2026-08-09T17:34:23.446114+00:00
adversarial_ambiguous_239,gpt2,7,adversarial_ambiguous,5.6289,0.9900716145833334,2026-08-09T17:34:23.446114+00:00
adversarial_ambiguous_239,gpt2,8,adversarial_ambiguous,5.6289,0.9796549479166666,2026-08-09T17:34:23.446114+00:00
adversarial_ambiguous_240,gpt2,5,adversarial_ambiguous,5.7539,0.9951578776041666,2026-08-09T17:34:23.446114+00:00
adversarial_ambiguous_240,gpt2,6,adversarial_ambiguous,5.7539,0.9914143880208334,2026-08-09T17:34:23.446114+00:00
adversarial_ambiguous_240,gpt2,7,adversarial_ambiguous,5.7539,0.9799397786458334,2026-08-09T17:34:23.446114+00:00
adversarial_ambiguous_240,gpt2,8,adversarial_ambiguous,5.7539,0.9443766276041666,2026-08-09T17:34:23.446114+00:00
adversarial_ambiguous_241,gpt2,5,adversarial_ambiguous,6.1055,0.9979248046875,2026-08-09T17:34:23.446114+00:00
adversarial_ambiguous_241,gpt2,6,adversarial_ambiguous,6.1055,0.9951578776041666,2026-08-09T17:34:23.446114+00:00
adversarial_ambiguous_241,gpt2,7,adversarial_ambiguous,6.1055,0.9852294921875,2026-08-09T17:34:23.446114+00:00
adversarial_ambiguous_241,gpt2,8,adversarial_ambiguous,6.1055,0.93310546875,2026-08-09T17:34:23.446114+00:00
adversarial_ambiguous_242,gpt2,5,adversarial_ambiguous,3.1387,0.9980875651041666,2026-08-09T17:34:23.446114+00:00
adversarial_ambiguous_242,gpt2,6,adversarial_ambiguous,3.1387,0.9975179036458334,2026-08-09T17:34:23.446114+00:00
adversarial_ambiguous_242,gpt2,7,adversarial_ambiguous,3.1387,0.9928385416666666,2026-08-09T17:34:23.446114+00:00
adversarial_ambiguous_242,gpt2,8,adversarial_ambiguous,3.1387,0.9743245442708334,2026-08-09T17:34:23.446114+00:00
adversarial_ambiguous_243,gpt2,5,adversarial_ambiguous,6.5703,0.996826171875,2026-08-09T17:34:23.446114+00:00
adversarial_ambiguous_243,gpt2,6,adversarial_ambiguous,6.5703,0.9939371744791666,2026-08-09T17:34:23.446114+00:00
adversarial_ambiguous_243,gpt2,7,adversarial_ambiguous,6.5703,0.9836832682291666,2026-08-09T17:34:23.446114+00:00
adversarial_ambiguous_243,gpt2,8,adversarial_ambiguous,6.5703,0.944580078125,2026-08-09T17:34:23.446114+00:00
adversarial_ambiguous_244,gpt2,5,adversarial_ambiguous,5.3203,0.9965413411458334,2026-08-09T17:34:23.446114+00:00
adversarial_ambiguous_244,gpt2,6,adversarial_ambiguous,5.3203,0.9945882161458334,2026-08-09T17:34:23.446114+00:00
adversarial_ambiguous_244,gpt2,7,adversarial_ambiguous,5.3203,0.9894612630208334,2026-08-09T17:34:23.446114+00:00
adversarial_ambiguous_244,gpt2,8,adversarial_ambiguous,5.3203,0.9802652994791666,2026-08-09T17:34:23.446114+00:00
adversarial_ambiguous_245,gpt2,5,adversarial_ambiguous,5.8828,0.9973958333333334,2026-08-09T17:34:23.446114+00:00
adversarial_ambiguous_245,gpt2,6,adversarial_ambiguous,5.8828,0.9928792317708334,2026-08-09T17:34:23.446114+00:00
adversarial_ambiguous_245,gpt2,7,adversarial_ambiguous,5.8828,0.982666015625,2026-08-09T17:34:23.446114+00:00
adversarial_ambiguous_245,gpt2,8,adversarial_ambiguous,5.8828,0.962890625,2026-08-09T17:34:23.446114+00:00
adversarial_ambiguous_246,gpt2,5,adversarial_ambiguous,3.5527,0.9969075520833334,2026-08-09T17:34:23.446114+00:00
adversarial_ambiguous_246,gpt2,6,adversarial_ambiguous,3.5527,0.9956868489583334,2026-08-09T17:34:23.446114+00:00
adversarial_ambiguous_246,gpt2,7,adversarial_ambiguous,3.5527,0.9925944010416666,2026-08-09T17:34:23.446114+00:00
adversarial_ambiguous_246,gpt2,8,adversarial_ambiguous,3.5527,0.9884033203125,2026-08-09T17:34:23.446114+00:00
adversarial_ambiguous_247,gpt2,5,adversarial_ambiguous,6.0156,0.9967854817708334,2026-08-09T17:34:23.446114+00:00
adversarial_ambiguous_247,gpt2,6,adversarial_ambiguous,6.0156,0.9938557942708334,2026-08-09T17:34:23.446114+00:00
adversarial_ambiguous_247,gpt2,7,adversarial_ambiguous,6.0156,0.9850667317708334,2026-08-09T17:34:23.446114+00:00
adversarial_ambiguous_247,gpt2,8,adversarial_ambiguous,6.0156,0.9598388671875,2026-08-09T17:34:23.446114+00:00
adversarial_ambiguous_248,gpt2,5,adversarial_ambiguous,5.5156,0.9966227213541666,2026-08-09T17:34:23.446114+00:00
adversarial_ambiguous_248,gpt2,6,adversarial_ambiguous,5.5156,0.9938151041666666,2026-08-09T17:34:23.446114+00:00
adversarial_ambiguous_248,gpt2,7,adversarial_ambiguous,5.5156,0.9844563802083334,2026-08-09T17:34:23.446114+00:00
adversarial_ambiguous_248,gpt2,8,adversarial_ambiguous,5.5156,0.9742431640625,2026-08-09T17:34:23.446114+00:00
adversarial_ambiguous_249,gpt2,5,adversarial_ambiguous,6.0469,0.9958089192708334,2026-08-09T17:34:23.446114+00:00
adversarial_ambiguous_249,gpt2,6,adversarial_ambiguous,6.0469,0.9922281901041666,2026-08-09T17:34:23.446114+00:00
adversarial_ambiguous_249,gpt2,7,adversarial_ambiguous,6.0469,0.9750569661458334,2026-08-09T17:34:23.446114+00:00
adversarial_ambiguous_249,gpt2,8,adversarial_ambiguous,6.0469,0.940673828125,2026-08-09T17:34:23.446114+00:00
adversarial_ambiguous_250,gpt2,5,adversarial_ambiguous,5.7188,0.9969889322916666,2026-08-09T17:34:23.446114+00:00
adversarial_ambiguous_250,gpt2,6,adversarial_ambiguous,5.7188,0.9951578776041666,2026-08-09T17:34:23.446114+00:00
adversarial_ambiguous_250,gpt2,7,adversarial_ambiguous,5.7188,0.9860026041666666,2026-08-09T17:34:23.446114+00:00
adversarial_ambiguous_250,gpt2,8,adversarial_ambiguous,5.7188,0.9525553385416666,2026-08-09T17:34:23.446114+00:00
